Date,ACWI,AGG,GLD,BSV
2008-03-28,35.4387321472168,60.03922653198242,91.87999725341797,52.896827697753906
2008-03-31,34.88697814941406,59.945804595947266,90.41000366210938,53.00417709350586
2008-04-01,35.827789306640625,59.53843307495117,86.86000061035156,52.809669494628906
2008-04-02,36.22389602661133,59.56770324707031,89.2699966430664,52.72888946533203
2008-04-03,36.42902755737305,59.75531768798828,89.41999816894531,52.62799072265625
2008-04-04,36.40782928466797,60.06013870239258,90.25,52.85679626464844
2008-04-07,36.62001037597656,60.05424499511719,91.16999816894531,52.74912643432617
2008-04-08,36.84637451171875,60.048377990722656,90.3499984741211,52.809669494628906
2008-04-09,36.16023635864258,60.31220245361328,92.29000091552734,52.97793960571289
2008-04-10,36.16023635864258,60.1246223449707,91.7699966430664,52.81643295288086
2008-04-11,35.5872688293457,60.253578186035156,91.30000305175781,52.95774459838867
2008-04-14,35.72874450683594,60.183170318603516,91.11000061035156,52.90391540527344
2008-04-15,35.827789306640625,59.86084747314453,91.66000366210938,52.823158264160156
2008-04-16,36.31585693359375,59.64390563964844,93.2699966430664,52.68856430053711
2008-04-17,36.80392837524414,59.632198333740234,92.55999755859375,52.5943717956543
2008-04-18,37.20711898803711,59.79047775268555,90.62000274658203,52.5943717956543
2008-04-21,37.37689971923828,59.796329498291016,90.25,52.527122497558594
2008-04-22,37.037357330322266,59.88424301147461,90.2699966430664,52.60783386230469
2008-04-23,37.12931823730469,59.82563018798828,89.22000122070312,52.614559173583984
2008-04-24,37.14345932006836,59.60287094116211,87.22000122070312,52.432884216308594
2008-04-25,37.292022705078125,59.54433059692383,87.2699966430664,52.432884216308594
2008-04-28,37.59619140625,59.69080352783203,87.69000244140625,52.473236083984375
2008-04-29,37.16468048095703,59.77875900268555,85.80999755859375,52.506893157958984
2008-04-30,37.66691207885742,60.1422004699707,86.6500015258789,52.70204544067383
2008-05-01,37.55374526977539,60.03983688354492,83.98999786376953,52.51844787597656
2008-05-02,37.78717041015625,59.939903259277344,84.58000183105469,52.444210052490234
2008-05-05,37.893272399902344,59.963409423828125,86.2699966430664,52.51844787597656
2008-05-06,38.14791488647461,59.769386291503906,86.62999725341797,52.4914436340332
2008-05-07,37.51129150390625,59.939903259277344,85.81999969482422,52.558982849121094
2008-05-08,37.63861846923828,60.09278106689453,87.23999786376953,52.71418762207031
2008-05-09,37.475929260253906,60.116329193115234,87.41999816894531,52.7681884765625
2008-05-12,37.85790252685547,60.010414123535156,86.98999786376953,52.62644958496094
2008-05-13,37.90034484863281,59.669437408447266,85.38999938964844,52.49819564819336
2008-05-14,37.98522186279297,59.757572174072266,85.19999694824219,52.464447021484375
2008-05-15,38.388427734375,60.075130462646484,87.0,52.63316345214844
2008-05-16,38.71379470825195,59.92814636230469,89.0999984741211,52.61292266845703
2008-05-19,38.69966125488281,60.02815246582031,89.38999938964844,52.66691970825195
2008-05-20,38.31768798828125,60.157466888427734,90.9000015258789,52.67372512817383
2008-05-21,38.05596160888672,60.075130462646484,91.95999908447266,52.64667510986328
2008-05-22,38.112552642822266,59.71643829345703,90.9800033569336,52.43074035644531
2008-05-23,37.518367767333984,59.94576644897461,91.2300033569336,52.558982849121094
2008-05-27,37.80838394165039,59.610572814941406,89.36000061035156,52.43074035644531
2008-05-28,37.80131912231445,59.33420944213867,89.13999938964844,52.31598663330078
2008-05-29,38.03474044799805,59.16958999633789,86.51000213623047,52.25520706176758
2008-05-30,37.992305755615234,59.38125991821289,87.44999694824219,52.302425384521484
2008-06-02,37.7022819519043,59.601993560791016,87.95999908447266,52.435123443603516
2008-06-03,37.61033248901367,59.714195251464844,86.87999725341797,52.56381607055664
2008-06-04,37.22834396362305,59.50165939331055,86.6500015258789,52.48938751220703
2008-06-05,38.02766036987305,59.283233642578125,86.44999694824219,52.40807342529297
2008-06-06,37.02321243286133,59.61386489868164,89.05999755859375,52.55706787109375
2008-06-09,36.79686737060547,59.31278610229492,87.98999786376953,52.252349853515625
2008-06-10,36.43610763549805,58.99985885620117,85.55000305175781,52.05597686767578
2008-06-11,35.99754333496094,59.07662582397461,87.0199966430664,52.19144058227539
2008-06-12,36.018768310546875,58.710575103759766,85.5999984741211,51.94086837768555
2008-06-13,36.2663459777832,58.56297302246094,85.83000183105469,51.893516540527344
2008-06-16,36.5068473815918,58.627925872802734,87.01000213623047,51.92732238769531
2008-06-17,36.499778747558594,58.828678131103516,87.25,52.06953430175781
2008-06-18,36.2380485534668,59.07662582397461,88.27999877929688,52.123722076416016
2008-06-19,35.75703430175781,58.77556228637695,88.41999816894531,52.00858688354492
2008-06-20,35.50239181518555,58.95265579223633,88.94999694824219,52.0898323059082
2008-06-23,35.622642517089844,58.875911712646484,87.08999633789062,52.015357971191406
2008-06-24,35.26896286010742,58.993953704833984,87.47000122070312,52.096614837646484
2008-06-25,35.65093994140625,59.023468017578125,87.41999816894531,52.218467712402344
2008-06-26,34.75967025756836,59.100242614746094,90.61000061035156,52.252349853515625
2008-06-27,34.823333740234375,59.24190139770508,91.47000122070312,52.272647857666016
2008-06-30,34.957725524902344,59.271419525146484,91.4000015258789,52.38778305053711
2008-07-01,34.68893051147461,59.06638717651367,92.66000366210938,52.3836555480957
2008-07-02,34.144264221191406,58.995262145996094,93.16999816894531,52.431209564208984
2008-07-03,34.0027961730957,59.0130615234375,92.05999755859375,52.48554611206055
2008-07-07,34.1371955871582,59.220455169677734,91.2300033569336,52.53989028930664
2008-07-08,34.03815841674805,59.4516487121582,90.86000061035156,52.56706619262695
2008-07-09,33.960350036621094,59.68271255493164,91.5,52.621402740478516
2008-07-10,33.847171783447266,59.73603057861328,93.52999877929688,52.635013580322266
2008-07-11,33.599586486816406,59.398277282714844,95.16000366210938,52.45844650268555
2008-07-14,33.46520233154297,59.48714065551758,95.91000366210938,52.60103225708008
2008-07-15,33.11859130859375,59.71825408935547,96.16999816894531,52.6146240234375
2008-07-16,33.4369010925293,59.261966705322266,94.44000244140625,52.48554611206055
2008-07-17,33.88253402709961,59.0012321472168,94.22000122070312,52.3293342590332
2008-07-18,33.910831451416016,58.65750503540039,94.16999816894531,52.28862762451172
2008-07-21,34.05937957763672,58.965633392333984,95.12000274658203,52.32255172729492
2008-07-22,34.04523468017578,58.764190673828125,93.05999755859375,52.193546295166016
2008-07-23,34.505008697509766,58.83527374267578,90.56999969482422,52.261474609375
2008-07-24,33.77642822265625,59.24418258666992,91.33000183105469,52.4991569519043
2008-07-25,33.76935577392578,58.94194412231445,91.69000244140625,52.410850524902344
2008-07-28,33.36616897583008,59.20861053466797,91.7300033569336,52.49237823486328
2008-07-29,33.74106216430664,59.13748550415039,90.58999633789062,52.3836555480957
2008-07-30,33.939125061035156,59.20267868041992,89.5199966430664,52.45844650268555
2008-07-31,33.854251861572266,59.5048942565918,90.08000183105469,52.60782241821289
2008-08-01,33.4581184387207,59.43471908569336,89.56999969482422,52.60174560546875
2008-08-04,33.11859130859375,59.26217269897461,88.13999938964844,52.5676155090332
2008-08-05,33.656185150146484,59.1609992980957,86.08000183105469,52.547157287597656
2008-08-06,34.03815841674805,59.095584869384766,86.63999938964844,52.526710510253906
2008-08-07,33.38737487792969,59.404972076416016,86.08999633789062,52.73794174194336
2008-08-08,33.76228332519531,59.31571960449219,84.43000030517578,52.642539978027344
2008-08-11,33.811798095703125,59.16699981689453,81.12999725341797,52.6766357421875
2008-08-12,33.550079345703125,59.41689682006836,80.5199966430664,52.765201568603516
2008-08-13,33.38737487792969,59.31571960449219,81.55999755859375,52.703895568847656
2008-08-14,33.41569137573242,59.458534240722656,79.3499984741211,52.7515754699707
2008-08-15,33.28128433227539,59.63102722167969,77.62999725341797,52.80607604980469
2008-08-18,32.97711181640625,59.732215881347656,78.80000305175781,52.8265266418457
2008-08-19,32.56684494018555,59.68459701538086,80.43000030517578,52.8265266418457
2008-08-20,32.757835388183594,59.779823303222656,80.05999755859375,52.91506576538086
2008-08-21,33.090301513671875,59.79171371459961,82.30000305175781,52.83333206176758
2008-08-22,33.20347213745117,59.72627639770508,81.08000183105469,52.785648345947266
2008-08-25,32.6446647644043,59.910701751708984,80.93000030517578,52.867408752441406
2008-08-26,32.80027770996094,59.83930206298828,81.2300033569336,52.88100814819336
2008-08-27,33.03369903564453,59.910701751708984,81.36000061035156,52.95594024658203
2008-08-28,33.443973541259766,59.964298248291016,82.18000030517578,52.874202728271484
2008-08-29,33.288352966308594,59.94638442993164,81.70999908447266,52.84012985229492
2008-09-02,32.83564758300781,60.14590835571289,79.19999694824219,52.993896484375
2008-09-03,32.382930755615234,60.13399124145508,78.88999938964844,53.02122497558594
2008-09-04,31.527029037475586,60.35498046875,78.38999938964844,53.14423751831055
2008-09-05,31.406780242919922,60.17580032348633,78.9800033569336,53.06222152709961
2008-09-08,31.746315002441406,60.55209732055664,78.86000061035156,53.123714447021484
2008-09-09,30.833816528320312,60.8209342956543,76.48999786376953,53.123714447021484
2008-09-10,31.293603897094727,60.77915573120117,74.22000122070312,53.219390869140625
2008-09-11,31.272371292114258,60.7014274597168,73.08000183105469,53.15107727050781
2008-09-12,31.640209197998047,60.45656204223633,75.55000305175781,53.10322952270508
2008-09-15,30.14767074584961,60.695499420166016,77.55999755859375,53.47222900390625
2008-09-16,30.366954803466797,60.08019256591797,76.79000091552734,53.11686706542969
2008-09-17,29.0583438873291,60.22955322265625,85.45999908447266,53.20573806762695
2008-09-18,30.204269409179688,60.062286376953125,82.80000305175781,53.11686706542969
2008-09-19,31.887779235839844,60.33110427856445,85.9800033569336,52.884544372558594
2008-09-22,31.208721160888672,59.3873291015625,89.18000030517578,52.87769317626953
2008-09-23,30.536718368530273,59.29769515991211,88.31999969482422,52.81623458862305
2008-09-24,30.5225830078125,59.369384765625,86.70999908447266,53.22625732421875
2008-09-25,31.24408721923828,59.26185607910156,86.44999694824219,53.192047119140625
2008-09-26,31.081396102905273,58.963233947753906,86.63999938964844,52.973358154296875
2008-09-29,28.17413902282715,58.694358825683594,89.56999969482422,53.04856491088867
2008-09-30,29.206892013549805,58.89155197143555,85.06999969482422,52.72053527832031
2008-10-01,29.327146530151367,58.47172927856445,85.97000122070312,51.32935333251953
2008-10-02,28.096336364746094,58.69963455200195,82.33000183105469,52.3436164855957
2008-10-03,27.5870361328125,59.14340591430664,82.58999633789062,52.3847541809082
2008-10-06,26.172317504882812,59.161399841308594,84.27999877929688,52.73420333862305
2008-10-07,25.00517463684082,57.93798828125,87.2699966430664,53.124855041503906
2008-10-08,24.467578887939453,56.77452850341797,89.41999816894531,52.220272064208984
2008-10-09,22.946752548217773,56.90644454956055,89.9000015258789,52.56977462768555
2008-10-10,22.45159339904785,53.014373779296875,83.22000122070312,51.42531967163086
2008-10-13,25.23859977722168,55.065399169921875,81.98999786376953,49.718894958496094
2008-10-14,25.07590675354004,56.222835540771484,82.19999694824219,51.020999908447266
2008-10-15,22.68503189086914,57.12239456176758,83.30999755859375,51.00726318359375
2008-10-16,23.56216049194336,56.222835540771484,79.29000091552734,51.34992218017578
2008-10-17,23.187253952026367,56.42673110961914,77.20999908447266,50.863365173339844
2008-10-20,24.524166107177734,57.43425369262695,78.5,51.1237678527832
2008-10-21,23.477270126342773,57.93798828125,76.02999877929688,51.70628356933594
2008-10-22,21.765466690063477,58.60966110229492,71.70999908447266,52.06270217895508
2008-10-23,21.89986228942871,57.57813262939453,70.6500015258789,52.0421142578125
2008-10-24,20.944931030273438,57.09239196777344,72.20999908447266,51.22660446166992
2008-10-27,19.94047737121582,56.522674560546875,72.18000030517578,51.62405776977539
2008-10-28,22.06962776184082,56.720611572265625,73.79000091552734,51.569217681884766
2008-10-29,22.430381774902344,57.80003356933594,74.0,51.8090934753418
2008-10-30,23.49142074584961,57.72808837890625,72.70999908447266,51.90501022338867
2008-10-31,23.830957412719727,57.54815673828125,71.33999633789062,51.658321380615234
2008-11-03,23.69655990600586,56.632816314697266,71.0999984741211,51.5634765625
2008-11-04,24.97688102722168,57.54218673706055,75.4800033569336,51.37093734741211
2008-11-05,23.661191940307617,58.415348052978516,72.80000305175781,52.250938415527344
2008-11-06,22.112070083618164,58.17449188232422,72.22000122070312,52.22346496582031
2008-11-07,23.208477020263672,58.469581604003906,72.5,52.594730377197266
2008-11-10,22.967975616455078,58.096187591552734,73.58000183105469,52.4709587097168
2008-11-11,22.373794555664062,58.53582763671875,72.05000305175781,52.8765983581543
2008-11-12,21.15005874633789,58.02994155883789,70.0,53.15849685668945
2008-11-13,22.63551902770996,58.22868728637695,72.1500015258789,53.41286849975586
2008-11-14,21.461301803588867,58.40333938598633,73.30000305175781,53.172245025634766
2008-11-17,21.220802307128906,58.55989074707031,72.6500015258789,52.732242584228516
2008-11-18,21.022735595703125,58.47556686401367,72.51000213623047,52.938541412353516
2008-11-19,19.898033142089844,58.644222259521484,72.26000213623047,53.144737243652344
2008-11-20,18.582340240478516,58.65626907348633,73.44999694824219,53.79098892211914
2008-11-21,19.685827255249023,58.18650436401367,78.8499984741211,53.550392150878906
2008-11-24,21.12177276611328,58.18050765991211,80.91000366210938,53.488433837890625
2008-11-25,21.15005874633789,59.63187026977539,80.87000274658203,53.85283279418945
2008-11-26,21.673507690429688,59.40299987792969,80.37999725341797,53.94221115112305
2008-11-28,21.744239807128906,59.28860855102539,80.30999755859375,53.86659240722656
2008-12-01,19.905105590820312,60.12486267089844,75.6500015258789,54.058319091796875
2008-12-02,20.867115020751953,60.185386657714844,76.94999694824219,54.209983825683594
2008-12-03,21.10054588317871,60.19136428833008,76.18000030517578,54.340999603271484
2008-12-04,20.718568801879883,60.39094543457031,75.5,54.340999603271484
2008-12-05,21.065181732177734,60.05840301513672,74.5199966430664,54.15488052368164
2008-12-08,21.91400718688965,59.97980499267578,76.19999694824219,54.21690368652344
2008-12-09,21.652280807495117,60.54210662841797,76.33000183105469,53.858360290527344
2008-12-10,22.2464656829834,60.43328857421875,79.75,54.38926696777344
2008-12-11,22.020109176635742,60.747711181640625,80.6500015258789,53.86526107788086
2008-12-12,22.154508590698242,60.765830993652344,80.80999755859375,54.36857986450195
2008-12-15,22.03426170349121,60.9109992980957,82.5999984741211,54.15488052368164
2008-12-16,23.286285400390625,61.15285110473633,84.45999908447266,54.4858512878418
2008-12-17,23.16603660583496,61.47941207885742,85.43000030517578,54.63058853149414
2008-12-18,22.338428497314453,61.866363525390625,83.87000274658203,54.87882614135742
2008-12-19,22.366722106933594,61.666866302490234,82.62999725341797,55.0718994140625
2008-12-22,22.02718734741211,61.99943923950195,83.45999908447266,55.09259033203125
2008-12-23,21.730093002319336,62.60417556762695,82.62999725341797,55.15463638305664
2008-12-24,21.892786026000977,62.900447845458984,83.45999908447266,55.321956634521484
2008-12-26,22.05548095703125,62.68873977661133,85.5999984741211,55.363460540771484
2008-12-29,21.921083450317383,63.17193603515625,86.3499984741211,55.467159271240234
2008-12-30,22.578933715820312,63.19615173339844,85.9000015258789,55.47407531738281
2008-12-31,22.932605743408203,63.2386360168457,86.5199966430664,55.695335388183594
2009-01-02,23.434839248657227,62.84416580200195,86.2300033569336,54.79648208618164
2009-01-05,23.328725814819336,63.845550537109375,84.4800033569336,54.761837005615234
2009-01-06,23.625822067260742,63.48752975463867,85.12999725341797,55.50864028930664
2009-01-07,22.97504997253418,62.90487289428711,82.75,54.83106231689453
2009-01-08,22.989192962646484,62.42543411254883,84.45999908447266,54.81718826293945
2009-01-09,22.3950138092041,62.212974548339844,83.91999816894531,54.83796691894531
2009-01-12,21.87864112854004,62.54074478149414,80.76000213623047,55.2735710144043
2009-01-13,21.659360885620117,62.64387130737305,80.87999725341797,55.301204681396484
2009-01-14,20.930784225463867,62.55894470214844,79.79000091552734,55.70223617553711
2009-01-15,21.036884307861328,62.5528450012207,80.38999938964844,55.70223617553711
2009-01-16,21.206649780273438,62.87447738647461,82.70999908447266,55.55009841918945
2009-01-20,19.78485870361328,62.54679489135742,84.5199966430664,55.04539489746094
2009-01-21,20.661975860595703,62.21907424926758,84.1500015258789,54.64438247680664
2009-01-22,20.18097686767578,61.952022552490234,84.58000183105469,55.010799407958984
2009-01-23,20.27293586730957,61.854923248291016,88.52999877929688,54.761837005615234
2009-01-26,20.527587890625,61.79419708251953,88.94999694824219,54.3885498046875
2009-01-27,20.852970123291016,62.109806060791016,88.37999725341797,55.22516632080078
2009-01-28,21.602771759033203,62.146270751953125,87.41999816894531,55.135284423828125
2009-01-29,20.697349548339844,61.59394073486328,89.5,55.093807220458984
2009-01-30,20.322452545166016,61.9823112487793,91.30999755859375,55.08686065673828
2009-02-02,20.294157028198242,61.87639617919922,88.83999633789062,54.90729904174805
2009-02-03,20.70442008972168,61.602317810058594,88.47000122070312,54.969688415527344
2009-02-04,20.753938674926758,61.51702117919922,89.18000030517578,54.93506622314453
2009-02-05,20.99444007873535,61.322105407714844,90.12000274658203,54.78248596191406
2009-02-06,21.560325622558594,61.48651885986328,89.58999633789062,55.0667610168457
2009-02-09,21.574474334716797,61.492637634277344,88.31999969482422,55.052921295166016
2009-02-10,20.584171295166016,61.870277404785156,90.20999908447266,54.61606979370117
2009-02-11,20.718568801879883,61.85811996459961,92.29000091552734,55.156917572021484
2009-02-12,20.76102066040039,62.18701934814453,93.16999816894531,55.011268615722656
2009-02-13,20.499290466308594,61.998207092285156,92.55000305175781,54.95584487915039
2009-02-17,19.52313232421875,62.04697036743164,95.44999694824219,54.93506622314453
2009-02-18,19.388734817504883,61.91898727416992,96.91000366210938,54.66462326049805
2009-02-19,19.233116149902344,61.82155990600586,95.7699966430664,54.70619583129883
2009-02-20,18.992610931396484,61.50483703613281,97.80000305175781,54.87952423095703
2009-02-23,18.370136260986328,61.82155990600586,97.7300033569336,54.57451629638672
2009-02-24,19.04212760925293,61.69977951049805,94.7300033569336,54.58141326904297
2009-02-25,18.72381591796875,61.644927978515625,93.1500015258789,54.470428466796875
2009-02-26,18.554046630859375,61.322105407714844,93.05999755859375,54.40804672241211
2009-02-27,18.348915100097656,61.32821273803711,92.62999725341797,54.54673385620117
2009-03-02,17.323244094848633,61.53411865234375,90.93000030517578,54.58983612060547
2009-03-03,17.252504348754883,61.4547233581543,90.04000091552734,54.56204605102539
2009-03-04,17.945720672607422,61.16753005981445,88.98999786376953,54.44386291503906
2009-03-05,17.224220275878906,61.369178771972656,91.98999786376953,54.42304229736328
2009-03-06,17.188846588134766,61.53411865234375,92.29000091552734,54.36046600341797
2009-03-09,16.927125930786133,61.112525939941406,90.56999969482422,54.26313400268555
2009-03-10,17.995237350463867,61.25304412841797,88.13999938964844,54.17283248901367
2009-03-11,18.07304573059082,61.399681091308594,89.22000122070312,54.22842025756836
2009-03-12,18.68844985961914,61.4547233581543,91.0999984741211,54.17283248901367
2009-03-13,18.7945556640625,61.51582717895508,91.30000305175781,54.33961868286133
2009-03-16,18.893585205078125,61.32642364501953,90.80000305175781,54.25618362426758
2009-03-17,19.4665470123291,61.143035888671875,90.04000091552734,54.186737060546875
2009-03-18,19.883882522583008,62.11461639404297,93.08999633789062,54.85395431518555
2009-03-19,19.763633728027344,62.267417907714844,94.3499984741211,54.812259674072266
2009-03-20,19.4453182220459,61.9190788269043,93.58999633789062,54.65243911743164
2009-03-23,20.930784225463867,61.9190788269043,92.08000183105469,54.631526947021484
2009-03-24,20.36488914489746,61.497493743896484,90.94999694824219,54.47169876098633
2009-03-25,20.626617431640625,61.2286376953125,91.9800033569336,54.42304229736328
2009-03-26,21.079330444335938,61.350830078125,91.93000030517578,54.40217208862305
2009-03-27,20.442703247070312,61.399681091308594,90.69000244140625,54.42304229736328
2009-03-30,19.66460418701172,61.6868782043457,89.9800033569336,54.638492584228516
2009-03-31,20.039506912231445,62.00462341308594,90.27999877929688,54.77056121826172
2009-04-01,20.51343536376953,61.974578857421875,91.02999877929688,54.73574447631836
2009-04-02,21.333974838256836,61.77840042114258,88.80000305175781,54.6660270690918
2009-04-03,21.517894744873047,61.57605743408203,87.58999633789062,54.575435638427734
2009-04-06,21.298608779907227,61.56378936767578,85.2699966430664,54.45698547363281
2009-04-07,20.817602157592773,61.465675354003906,86.73999786376953,54.54753112792969
2009-04-08,21.029809951782227,61.66801071166992,86.61000061035156,54.68693542480469
2009-04-09,21.751317977905273,61.57605743408203,86.30999755859375,54.70085144042969
2009-04-13,22.076704025268555,62.023712158203125,87.87999725341797,54.8193359375
2009-04-14,21.77960968017578,62.01142501831055,87.37000274658203,54.909969329833984
2009-04-15,21.89986228942871,62.18314743041992,87.5,54.930843353271484
2009-04-16,22.21109390258789,62.07272720336914,85.80999755859375,54.875083923339844
2009-04-17,22.154508590698242,61.72935104370117,85.22000122070312,54.693912506103516
2009-04-20,21.24909210205078,62.08499526977539,86.94999694824219,54.9517707824707
2009-04-21,21.673507690429688,61.888771057128906,86.88999938964844,54.85414505004883
2009-04-22,21.517894744873047,62.0543098449707,87.37999725341797,54.75662612915039
2009-04-23,21.921083450317383,62.134029388427734,88.80000305175781,55.000484466552734
2009-04-24,22.366722106933594,62.20148849487305,89.72000122070312,54.91691589355469
2009-04-27,21.970596313476562,62.299598693847656,89.01000213623047,55.0353889465332
2009-04-28,21.91400718688965,62.28119659423828,87.75,55.0353889465332
2009-04-29,22.42331314086914,62.023712158203125,88.33000183105469,54.99352264404297
2009-04-30,22.600149154663086,62.32414627075195,87.2699966430664,55.00748825073242
2009-05-01,22.72747802734375,62.08359909057617,86.94999694824219,55.058502197265625
2009-05-04,23.77436637878418,62.132816314697266,88.63999938964844,55.1143684387207
2009-05-05,23.5975284576416,62.261966705322266,88.25,55.142276763916016
2009-05-06,24.09975242614746,62.40349578857422,89.54000091552734,55.149295806884766
2009-05-07,23.724851608276367,62.12668991088867,89.44000244140625,55.04450225830078
2009-05-08,24.49587059020996,62.24354553222656,89.9800033569336,55.079429626464844
2009-05-11,23.91584014892578,62.28660583496094,89.69000244140625,55.15628433227539
2009-05-12,24.036088943481445,62.63107681274414,90.69999694824219,55.26102066040039
2009-05-13,23.27214241027832,62.68644332885742,91.08999633789062,55.449668884277344
2009-05-14,23.498497009277344,62.723411560058594,91.02999877929688,55.358863830566406
2009-05-15,23.328725814819336,62.86489486694336,91.55000305175781,55.254051208496094
2009-05-18,24.13512420654297,62.68033218383789,90.36000061035156,55.28901672363281
2009-05-19,24.234146118164062,62.73569869995117,90.95999908447266,55.26102066040039
2009-05-20,24.304885864257812,62.9264030456543,92.25,55.400779724121094
2009-05-21,23.9865779876709,62.72956085205078,93.8499984741211,55.32389450073242
2009-05-22,24.057302474975586,62.56342697143555,94.1500015258789,55.29597091674805
2009-05-26,24.58075714111328,62.421966552734375,93.76000213623047,55.22609329223633
2009-05-27,24.170482635498047,62.07743453979492,93.44999694824219,55.16326141357422
2009-05-28,24.488794326782227,62.10206604003906,94.23999786376953,55.20515823364258
2009-05-29,24.969799041748047,62.76644515991211,96.19999694824219,55.37278747558594
2009-06-01,25.542766571044922,61.987754821777344,95.7300033569336,55.31821823120117
2009-06-02,25.563995361328125,62.41345977783203,96.36000061035156,55.234153747558594
2009-06-03,25.068838119506836,62.58621597290039,94.41000366210938,55.38820266723633
2009-06-04,25.28811264038086,62.06791687011719,96.2300033569336,55.262168884277344
2009-06-05,25.146648406982422,61.74711608886719,93.70999908447266,54.89810562133789
2009-06-08,25.111276626586914,61.58050537109375,93.55999755859375,54.73698043823242
2009-06-09,25.365924835205078,61.8581657409668,93.83000183105469,54.940040588378906
2009-06-10,25.33055305480957,61.68545150756836,93.86000061035156,54.870052337646484
2009-06-11,25.65593910217285,61.901371002197266,93.69999694824219,54.82101058959961
2009-06-12,25.620574951171875,62.203712463378906,92.16999816894531,55.08013916015625
2009-06-15,24.807109832763672,62.43822479248047,91.0999984741211,55.12208938598633
2009-06-16,24.488794326782227,62.52456283569336,91.93000030517578,55.073089599609375
2009-06-17,24.389766693115234,62.64796829223633,92.3499984741211,55.1641731262207
2009-06-18,24.453433990478516,62.240718841552734,91.61000061035156,55.10111618041992
2009-06-19,24.587831497192383,62.468994140625,91.9000015258789,55.136131286621094
2009-06-22,23.8521785736084,62.561580657958984,90.54000091552734,55.2481575012207
2009-06-23,23.942018508911133,62.76521301269531,90.91999816894531,55.20614242553711
2009-06-24,24.056089401245117,62.5986328125,91.44999694824219,55.262168884277344
2009-06-25,24.690645217895508,62.88862609863281,92.30999755859375,55.367225646972656
2009-06-26,24.612224578857422,63.07371520996094,92.29000091552734,55.2691535949707
2009-06-29,24.790468215942383,63.018157958984375,92.04000091552734,55.27622604370117
2009-06-30,24.590824127197266,63.030540466308594,91.18000030517578,55.367225646972656
2009-07-01,24.92593002319336,63.007015228271484,92.38999938964844,55.3587646484375
2009-07-02,24.170167922973633,63.15559387207031,91.25,55.57635498046875
2009-07-06,24.148775100708008,63.10606384277344,90.76000213623047,55.534217834472656
2009-07-07,23.663942337036133,63.31040573120117,90.70999908447266,55.56932067871094
2009-07-08,23.599781036376953,63.65705108642578,89.2699966430664,55.555274963378906
2009-07-09,23.80654525756836,63.477542877197266,89.51000213623047,55.723731994628906
2009-07-10,23.606910705566406,63.6942024230957,89.58000183105469,55.793941497802734
2009-07-13,24.00617790222168,63.663265228271484,90.19000244140625,55.765830993652344
2009-07-14,24.198684692382812,63.4713134765625,90.80999755859375,55.625492095947266
2009-07-15,25.061391830444336,63.05653762817383,92.23999786376953,55.52021789550781
2009-07-16,25.26816177368164,63.25462341308594,91.9800033569336,55.5833625793457
2009-07-17,25.26816177368164,63.25462341308594,91.93000030517578,55.625492095947266
2009-07-20,25.760112762451172,63.32891082763672,93.27999877929688,55.73073959350586
2009-07-21,25.874197006225586,63.76853561401367,93.12999725341797,55.828975677490234
2009-07-22,25.781509399414062,63.55183792114258,93.44000244140625,55.793941497802734
2009-07-23,26.416057586669922,63.39087677001953,93.26000213623047,55.73073959350586
2009-07-24,26.530139923095703,63.39087677001953,93.41000366210938,55.61146545410156
2009-07-27,26.601449966430664,63.19895553588867,93.70999908447266,55.61146545410156
2009-07-28,26.4445858001709,63.31655502319336,92.11000061035156,55.64651870727539
2009-07-29,26.244943618774414,63.42799377441406,91.19999694824219,55.54827117919922
2009-07-30,26.765432357788086,63.508522033691406,91.62000274658203,55.77988815307617
2009-07-31,26.908016204833984,63.8304328918457,93.3499984741211,55.8430290222168
2009-08-03,27.549715042114258,63.696292877197266,93.87000274658203,55.690406799316406
2009-08-04,27.485546112060547,63.503658294677734,94.68000030517578,55.67631149291992
2009-08-05,27.407119750976562,63.44780731201172,94.77999877929688,55.68333053588867
2009-08-06,27.221744537353516,63.478816986083984,94.5999984741211,55.641090393066406
2009-08-07,27.42850685119629,63.09994888305664,93.75,55.51449966430664
2009-08-10,27.221744537353516,63.5906982421875,92.93000030517578,55.71852493286133
2009-08-11,26.979320526123047,63.814247131347656,92.79000091552734,55.62005615234375
2009-08-12,27.28590965270996,63.783260345458984,92.94999694824219,55.67631149291992
2009-08-13,27.606754302978516,63.944679260253906,93.72000122070312,55.901390075683594
2009-08-14,27.357208251953125,64.05651092529297,93.0,55.93662643432617
2009-08-17,26.487367630004883,64.32361602783203,91.61000061035156,55.964725494384766
2009-08-18,26.7939453125,64.1124496459961,92.05999755859375,56.006954193115234
2009-08-19,27.093400955200195,64.24282836914062,92.52999877929688,55.89439392089844
2009-08-20,27.357208251953125,64.34843444824219,92.2699966430664,56.04916763305664
2009-08-21,27.906208038330078,63.97581100463867,93.6500015258789,55.901390075683594
2009-08-24,27.906208038330078,64.23664855957031,92.33999633789062,56.02797317504883
2009-08-25,28.027414321899414,64.34222412109375,92.76000213623047,56.056175231933594
2009-08-26,27.934734344482422,64.4354019165039,92.79000091552734,56.02797317504883
2009-08-27,28.027414321899414,64.3857192993164,93.19000244140625,56.02797317504883
2009-08-28,28.027414321899414,64.34222412109375,93.87000274658203,56.10540771484375
2009-08-31,27.70656967163086,64.60930633544922,93.4000015258789,56.168739318847656
2009-09-01,27.12192726135254,64.49837493896484,93.9000015258789,56.208919525146484
2009-09-02,27.143310546875,64.84113311767578,96.19000244140625,56.34992599487305
2009-09-03,27.364334106445312,64.72274017333984,97.45999908447266,56.32876205444336
2009-09-04,27.749347686767578,64.59809875488281,97.52999877929688,56.307647705078125
2009-09-08,28.191394805908203,64.50462341308594,97.43000030517578,56.08201599121094
2009-09-09,28.469465255737305,64.6292495727539,97.08000183105469,56.22299575805664
2009-09-10,28.79030990600586,64.95954895019531,97.69999694824219,56.364017486572266
2009-09-11,28.754657745361328,64.9532241821289,98.77999877929688,56.293521881103516
2009-09-14,28.818822860717773,64.85979461669922,97.95999908447266,56.30055236816406
2009-09-15,28.932910919189453,64.76007843017578,98.9000015258789,56.16661834716797
2009-09-16,29.460512161254883,64.80998992919922,99.91000366210938,56.17368698120117
2009-09-17,29.37494659423828,65.11524963378906,99.33999633789062,56.28642654418945
2009-09-18,29.41059684753418,64.9532241821289,98.66999816894531,56.30055236816406
2009-09-21,29.161056518554688,64.9034194946289,98.36000061035156,56.28642654418945
2009-09-22,29.5032958984375,64.85979461669922,99.66999816894531,56.215980529785156
2009-09-23,29.161056518554688,65.02178955078125,98.83000183105469,56.34281921386719
2009-09-24,28.84734344482422,65.10282135009766,97.55000305175781,56.41331481933594
2009-09-25,28.697620391845703,65.2959976196289,97.0,56.37811279296875
2009-09-28,29.068368911743164,65.28974914550781,97.05000305175781,56.371036529541016
2009-09-29,29.089763641357422,65.25865173339844,97.43000030517578,56.399269104003906
2009-09-30,29.05411720275879,65.37701416015625,98.8499984741211,56.4344596862793
2009-10-01,28.298349380493164,65.52823638916016,97.88999938964844,56.50229263305664
2009-10-02,28.070194244384766,65.40322875976562,98.37000274658203,56.622432708740234
2009-10-05,28.519376754760742,65.447021484375,99.81999969482422,56.64362335205078
2009-10-06,29.004207611083984,65.35325622558594,102.27999877929688,56.44581604003906
2009-10-07,29.09688377380371,65.61578369140625,102.36000061035156,56.57297897338867
2009-10-08,29.474777221679688,65.57203674316406,103.63999938964844,56.48114776611328
2009-10-09,29.510419845581055,65.1156997680664,102.83999633789062,56.44581604003906
2009-10-12,29.5032958984375,65.26573181152344,103.55999755859375,56.48114776611328
2009-10-13,29.524681091308594,65.42829895019531,104.26000213623047,56.45990753173828
2009-10-14,30.13071060180664,65.27198028564453,104.18000030517578,56.43870544433594
2009-10-15,30.244794845581055,65.17192840576172,102.86000061035156,56.42464065551758
2009-10-16,29.966732025146484,65.1656494140625,103.18000030517578,56.42464065551758
2009-10-19,30.29469871520996,65.29696655273438,104.2300033569336,56.42464065551758
2009-10-20,30.102197647094727,65.4532470703125,103.41999816894531,56.51645278930664
2009-10-21,29.966732025146484,65.40950012207031,103.75,56.42464065551758
2009-10-22,30.2733154296875,65.30946350097656,103.91999816894531,56.48114776611328
2009-10-23,29.752843856811523,65.22818756103516,103.48999786376953,56.38221740722656
2009-10-26,29.424863815307617,65.05313873291016,101.86000061035156,56.29746627807617
2009-10-27,29.282264709472656,65.30946350097656,101.8499984741211,56.45285415649414
2009-10-28,28.433818817138672,65.40322875976562,100.7300033569336,56.48114776611328
2009-10-29,29.282264709472656,65.27198028564453,102.69000244140625,56.4670295715332
2009-10-30,28.269832611083984,65.52203369140625,102.52999877929688,56.558868408203125
2009-11-02,28.583545684814453,65.41791534423828,103.94999694824219,56.55671310424805
2009-11-03,28.547893524169922,65.33013153076172,106.45999908447266,56.55671310424805
2009-11-04,28.925771713256836,65.2235336303711,107.0999984741211,56.52839660644531
2009-11-05,29.37494659423828,65.39287567138672,106.9800033569336,56.54256057739258
2009-11-06,29.43199348449707,65.44927215576172,107.43000030517578,56.62042236328125
2009-11-09,30.230539321899414,65.53704833984375,108.19000244140625,56.62752151489258
2009-11-10,30.14497184753418,65.555908203125,108.38999938964844,56.59918212890625
2009-11-11,30.266176223754883,65.58101654052734,109.5999984741211,56.776161193847656
2009-11-12,29.85978126525879,65.7126693725586,108.20999908447266,56.71957015991211
2009-11-13,30.159238815307617,65.78168487548828,109.73999786376953,56.67707443237305
2009-11-16,30.6583309173584,65.93840026855469,111.62999725341797,56.81159591674805
2009-11-17,30.572769165039062,65.99486541748047,111.97000122070312,56.783287048339844
2009-11-18,30.594148635864258,65.85689544677734,112.25,56.84697723388672
2009-11-19,29.959598541259766,65.92589569091797,112.30000305175781,56.90360641479492
2009-11-20,29.85978126525879,65.95095825195312,112.94000244140625,56.86821365356445
2009-11-23,30.323219299316406,65.93840026855469,114.29000091552734,56.8610954284668
2009-11-24,30.194881439208984,66.13280487060547,114.7300033569336,56.96029281616211
2009-11-25,30.494338989257812,66.195556640625,116.62000274658203,56.995635986328125
2009-11-27,29.76709747314453,66.2519302368164,115.05999755859375,57.066429138183594
2009-11-30,29.795612335205078,66.36480712890625,115.63999938964844,57.03103256225586
2009-12-01,30.43730354309082,66.20314025878906,117.37999725341797,57.05939483642578
2009-12-02,30.57988929748535,66.07733154296875,119.18000030517578,56.98137664794922
2009-12-03,30.330345153808594,66.08358764648438,118.69999694824219,56.96717071533203
2009-12-04,30.465818405151367,65.95144653320312,113.75,56.83951950073242
2009-12-07,30.330345153808594,66.01438903808594,113.11000061035156,56.95304489135742
2009-12-08,29.902559280395508,66.10246276855469,110.94999694824219,57.016841888427734
2009-12-09,29.816999435424805,66.03327941894531,110.83999633789062,56.98845291137695
2009-12-10,30.03090476989746,65.98294830322266,110.81999969482422,56.96010971069336
2009-12-11,30.102197647094727,65.82557678222656,109.31999969482422,56.92466735839844
2009-12-14,30.30182647705078,65.86331176757812,110.23999786376953,56.8820915222168
2009-12-15,30.059417724609375,65.6809310913086,110.20999908447266,56.84658432006836
2009-12-16,30.251922607421875,65.80046844482422,111.58999633789062,56.867889404296875
2009-12-17,29.76709747314453,65.90742492675781,107.33999633789062,57.02393341064453
2009-12-18,29.845521926879883,65.90742492675781,108.94999694824219,56.95304489135742
2009-12-21,30.016643524169922,65.63059997558594,106.94999694824219,56.825340270996094
2009-12-22,30.2032527923584,65.44180297851562,106.16999816894531,56.7402229309082
2009-12-23,30.37551498413086,65.46696472167969,106.55000305175781,56.747291564941406
2009-12-24,30.497535705566406,65.35372924804688,108.36000061035156,56.52593994140625
2009-12-28,30.497535705566406,64.95732116699219,108.55000305175781,56.58710479736328
2009-12-29,30.583677291870117,65.03435516357422,107.47000122070312,56.63688659667969
2009-12-30,30.404224395751953,65.19840240478516,106.93000030517578,56.63688659667969
2009-12-31,30.353986740112305,65.11640167236328,107.30999755859375,56.544429779052734
2010-01-04,30.978431701660156,65.19206237792969,109.80000305175781,56.59421157836914
2010-01-05,31.236820220947266,65.4886474609375,109.69999694824219,56.736358642578125
2010-01-06,31.229642868041992,65.45084381103516,111.51000213623047,56.693748474121094
2010-01-07,31.078908920288086,65.37509155273438,110.81999969482422,56.70792770385742
2010-01-08,31.272701263427734,65.41292572021484,111.37000274658203,56.693748474121094
2010-01-11,31.473691940307617,65.3624496459961,112.8499984741211,56.84299850463867
2010-01-12,31.078908920288086,65.77891540527344,110.48999786376953,56.90699005126953
2010-01-13,31.33732032775879,65.50127410888672,111.54000091552734,56.82878875732422
2010-01-14,31.401905059814453,65.67166137695312,112.02999877929688,56.92119598388672
2010-01-15,31.0932674407959,65.79783630371094,110.86000061035156,57.00655746459961
2010-01-19,31.4521541595459,65.6905746459961,111.5199966430664,56.956790924072266
2010-01-20,30.770278930664062,65.8609848022461,108.94000244140625,56.97812271118164
2010-01-21,30.188905715942383,65.87989807128906,107.37000274658203,57.0562744140625
2010-01-22,29.492671966552734,65.91779327392578,107.16999816894531,57.063377380371094
2010-01-25,29.808494567871094,65.91144561767578,107.4800033569336,57.0562744140625
2010-01-26,29.629045486450195,65.99351501464844,107.55999755859375,57.0562744140625
2010-01-27,29.629045486450195,65.94300079345703,106.52999877929688,57.00655746459961
2010-01-28,29.126619338989258,65.88619995117188,106.4800033569336,57.04916000366211
2010-01-29,28.74620819091797,66.03768157958984,105.95999908447266,57.11316680908203
2010-02-01,29.277345657348633,65.94710540771484,108.3499984741211,57.07966232299805
2010-02-02,29.751068115234375,66.02307891845703,109.12999725341797,57.10105514526367
2010-02-03,29.499855041503906,65.9028091430664,108.69999694824219,57.022705078125
2010-02-04,28.430389404296875,66.06108856201172,104.37000274658203,57.143775939941406
2010-02-05,28.344261169433594,66.08639526367188,104.68000030517578,57.236392974853516
2010-02-08,28.128936767578125,66.21305084228516,104.04000091552734,57.17938232421875
2010-02-09,28.70314598083496,66.09273529052734,105.41000366210938,57.13665008544922
2010-02-10,28.695959091186523,65.9407958984375,105.12000274658203,57.07255935668945
2010-02-11,28.975893020629883,65.83319854736328,107.12999725341797,57.07255935668945
2010-02-12,28.83951187133789,65.84587097167969,107.04000091552734,57.15093231201172
2010-02-16,29.44243049621582,66.01042938232422,109.62000274658203,57.1651611328125
2010-02-17,29.51420783996582,65.80787658691406,109.25,57.10105514526367
2010-02-18,29.664939880371094,65.78253936767578,109.9800033569336,57.07255935668945
2010-02-19,29.557273864746094,65.83319854736328,109.47000122070312,57.02983856201172
2010-02-22,29.600343704223633,65.71926879882812,109.06999969482422,57.065406799316406
2010-02-23,29.270170211791992,65.9534912109375,107.88999938964844,57.15802764892578
2010-02-24,29.406545639038086,66.02307891845703,107.36000061035156,57.18653106689453
2010-02-25,29.21274185180664,66.15605163574219,108.30999755859375,57.243507385253906
2010-02-26,29.370656967163086,66.16869354248047,109.43000030517578,57.27201461791992
2010-03-01,29.779769897460938,66.2658462524414,109.43000030517578,57.29697799682617
2010-03-02,29.887434005737305,66.29126739501953,111.0199966430664,57.33981704711914
2010-03-03,30.074066162109375,66.29126739501953,111.62999725341797,57.28268814086914
2010-03-04,29.980754852294922,66.41191101074219,110.83000183105469,57.28268814086914
2010-03-05,30.583677291870117,66.284912109375,110.80999755859375,57.22562026977539
2010-03-08,30.55495834350586,66.32936096191406,109.87999725341797,57.24702072143555
2010-03-09,30.511882781982422,66.4055404663086,109.72000122070312,57.23277282714844
2010-03-10,30.633907318115234,66.36111450195312,108.47000122070312,57.21135330200195
2010-03-11,30.791818618774414,66.36111450195312,108.5999984741211,57.16851043701172
2010-03-12,30.899477005004883,66.36746215820312,107.94999694824219,57.16851043701172
2010-03-15,30.813350677490234,66.44998931884766,108.36000061035156,57.16851043701172
2010-03-16,31.12198829650879,66.57060241699219,110.4000015258789,57.239864349365234
2010-03-17,31.351673126220703,66.6214599609375,109.58999633789062,57.26128005981445
2010-03-18,31.157867431640625,66.56430053710938,110.33999633789062,57.21845626831055
2010-03-19,30.899477005004883,66.51351165771484,108.27999877929688,57.147098541259766
2010-03-22,31.021499633789062,66.56430053710938,107.75,57.18996047973633
2010-03-23,31.22246551513672,66.57698822021484,108.31999969482422,57.21135330200195
2010-03-24,30.842056274414062,66.24044799804688,106.30000305175781,57.040122985839844
2010-03-25,30.82770538330078,66.06900024414062,106.77999877929688,57.025794982910156
2010-03-26,30.992782592773438,66.17696380615234,108.58999633789062,57.06861114501953
2010-03-29,31.315778732299805,66.10075378417969,108.75,57.0329704284668
2010-03-30,31.351673126220703,66.12615966796875,107.97000122070312,57.0615348815918
2010-03-31,31.229642868041992,66.16424560546875,108.94999694824219,57.090049743652344
2010-04-01,31.67465591430664,66.13936614990234,110.26000213623047,57.09148406982422
2010-04-05,31.8828067779541,65.73177337646484,110.88999938964844,56.86254119873047
2010-04-06,31.954574584960938,65.8145523071289,111.02999877929688,56.88397979736328
2010-04-07,31.724905014038086,66.09484100341797,112.48999786376953,56.98412322998047
2010-04-08,31.818201065063477,66.03117370605469,112.6500015258789,57.03419494628906
2010-04-09,32.069419860839844,66.10120391845703,113.63999938964844,57.070030212402344
2010-04-12,32.1268424987793,66.25407409667969,113.01000213623047,57.098636627197266
2010-04-13,32.04788589477539,66.36236572265625,112.69000244140625,57.1344108581543
2010-04-14,32.50725173950195,66.2859115600586,113.02999877929688,57.127220153808594
2010-04-15,32.38523864746094,66.40695190429688,113.6500015258789,57.14866638183594
2010-04-16,31.82538604736328,66.50888061523438,111.23999786376953,57.3204231262207
2010-04-19,31.767961502075195,66.3878173828125,111.1500015258789,57.27035903930664
2010-04-20,32.1268424987793,66.49610137939453,111.45999908447266,57.2631721496582
2010-04-21,31.940229415893555,66.61073303222656,112.30999755859375,57.291831970214844
2010-04-22,31.96894645690918,66.4770278930664,111.83999633789062,57.24172592163086
2010-04-23,32.248863220214844,66.39421844482422,113.19000244140625,57.19878387451172
2010-04-26,32.069419860839844,66.3878173828125,112.75,57.19878387451172
2010-04-27,31.165048599243164,66.5980453491211,114.62999725341797,57.34907150268555
2010-04-28,31.229642868041992,66.49610137939453,114.30999755859375,57.291831970214844
2010-04-29,31.681840896606445,66.5215835571289,114.27999877929688,57.34188461303711
2010-04-30,31.157867431640625,66.80817413330078,115.36000061035156,57.38482666015625
2010-05-03,31.531099319458008,66.68171691894531,115.7300033569336,57.366939544677734
2010-05-04,30.49036407470703,66.9500503540039,114.87000274658203,57.42424774169922
2010-05-05,29.901792526245117,66.8989028930664,115.08999633789062,57.45294952392578
2010-05-06,28.925640106201172,66.99472045898438,118.48999786376953,57.6536865234375
2010-05-07,28.5308837890625,66.70088958740234,118.2699966430664,57.596336364746094
2010-05-10,30.109956741333008,66.69448852539062,117.56999969482422,57.488800048828125
2010-05-11,29.901792526245117,66.943603515625,120.66000366210938,57.5389289855957
2010-05-12,30.353986740112305,66.87333679199219,121.4000015258789,57.52459716796875
2010-05-13,30.074066162109375,66.96916961669922,120.55999755859375,57.56758499145508
2010-05-14,29.392183303833008,67.21197509765625,120.37000274658203,57.639320373535156
2010-05-17,29.406545639038086,67.16080474853516,119.36000061035156,57.63218307495117
2010-05-18,28.889751434326172,67.39082336425781,119.48999786376953,57.74689483642578
2010-05-19,28.803630828857422,67.42279052734375,116.62999725341797,57.76121520996094
2010-05-20,27.62650489807129,67.3652114868164,115.83999633789062,57.696693420410156
2010-05-21,28.19353675842285,67.65276336669922,115.22000122070312,57.77552032470703
2010-05-24,27.712631225585938,67.61441040039062,116.83999633789062,57.76838302612305
2010-05-25,27.648040771484375,67.69744873046875,117.36000061035156,57.73252868652344
2010-05-26,27.439889907836914,67.620849609375,118.47000122070312,57.66801834106445
2010-05-27,28.638545989990234,67.46106719970703,118.69000244140625,57.56758499145508
2010-05-28,28.23659896850586,67.53133392333984,118.87999725341797,57.617820739746094
2010-06-01,27.849008560180664,67.64285278320312,119.91000366210938,57.72915267944336
2010-06-02,28.71031951904297,67.57231903076172,119.77999877929688,57.693241119384766
2010-06-03,28.71031951904297,67.54037475585938,117.95999908447266,57.59989929199219
2010-06-04,27.583436965942383,67.71333312988281,119.19000244140625,57.815364837646484
2010-06-07,27.203027725219727,67.9120101928711,121.48999786376953,57.85127258300781
2010-06-08,27.61932945251465,67.83509826660156,121.0,57.822509765625
2010-06-09,27.526010513305664,67.87353515625,120.55999755859375,57.815364837646484
2010-06-10,28.437564849853516,67.66847229003906,118.97000122070312,57.714805603027344
2010-06-11,28.538053512573242,67.70697021484375,120.01000213623047,57.78662872314453
2010-06-14,28.538053512573242,67.80311584472656,119.5999984741211,57.79374313354492
2010-06-15,29.284526824951172,67.80311584472656,120.98999786376953,57.750709533691406
2010-06-16,29.277345657348633,67.90557861328125,120.33000183105469,57.79374313354492
2010-06-17,29.313232421875,68.06584167480469,121.9000015258789,57.894371032714844
2010-06-18,29.270170211791992,67.95685577392578,122.83000183105469,57.85127258300781
2010-06-21,29.363475799560547,68.10420989990234,120.38999938964844,57.87282943725586
2010-06-22,28.975893020629883,68.17473602294922,121.44999694824219,57.944618225097656
2010-06-23,28.919401168823242,68.34771728515625,120.94999694824219,58.02363967895508
2010-06-24,28.448638916015625,68.29006958007812,121.30000305175781,58.02363967895508
2010-06-25,28.636938095092773,68.38619232177734,122.76000213623047,58.081119537353516
2010-06-28,28.3979434967041,68.51433563232422,121.08999633789062,58.10268783569336
2010-06-29,27.499860763549805,68.71937561035156,121.2699966430664,58.1529655456543
2010-06-30,27.231891632080078,68.72581481933594,121.68000030517578,58.196067810058594
2010-07-01,27.39846420288086,68.68981170654297,117.04000091552734,58.129844665527344
2010-07-02,27.289833068847656,68.59342956542969,118.48999786376953,58.16584396362305
2010-07-06,27.637460708618164,68.80550384521484,116.51000213623047,58.19454574584961
2010-07-07,28.41242218017578,68.71556091308594,117.7300033569336,58.208961486816406
2010-07-08,28.71661376953125,68.70269012451172,117.20999908447266,58.216217041015625
2010-07-09,28.890424728393555,68.59984588623047,118.36000061035156,58.201786041259766
2010-07-12,28.74557113647461,68.67700958251953,117.33999633789062,58.22343063354492
2010-07-13,29.19460678100586,68.5034408569336,118.36000061035156,58.187408447265625
2010-07-14,29.303245544433594,68.73479461669922,118.30000305175781,58.266597747802734
2010-07-15,29.33222007751465,68.83120727539062,118.2300033569336,58.3240852355957
2010-07-16,28.521055221557617,69.04332733154297,116.66999816894531,58.38888168334961
2010-07-19,28.702131271362305,68.97897338867188,115.7300033569336,58.403324127197266
2010-07-20,28.9918212890625,68.92764282226562,116.6500015258789,58.41769790649414
2010-07-21,28.49209213256836,69.22969055175781,115.8499984741211,58.453651428222656
2010-07-22,29.324974060058594,69.16545104980469,116.86000061035156,58.43931579589844
2010-07-23,29.549495697021484,69.04332733154297,116.08999633789062,58.403324127197266
2010-07-26,29.817472457885742,69.03043365478516,115.5199966430664,58.39610290527344
2010-07-27,29.889896392822266,69.00476837158203,113.51000213623047,58.3240852355957
2010-07-28,29.672622680664062,69.13323974609375,113.77999877929688,58.46087646484375
2010-07-29,29.766775131225586,69.19752502441406,114.29000091552734,58.532840728759766
2010-07-30,29.774019241333008,69.31322479248047,115.48999786376953,58.59758758544922
2010-08-02,30.614151000976562,69.21913146972656,115.54000091552734,58.58248519897461
2010-08-03,30.548969268798828,69.26425170898438,115.98999786376953,58.61848068237305
2010-08-04,30.592426300048828,69.14183807373047,116.72000122070312,58.596885681152344
2010-08-05,30.512752532958984,69.22560119628906,116.9800033569336,58.65455627441406
2010-08-06,30.476537704467773,69.36092376708984,117.83999633789062,58.71943664550781
2010-08-09,30.614151000976562,69.36092376708984,117.4000015258789,58.66176986694336
2010-08-10,30.476537704467773,69.4769287109375,117.7300033569336,58.69059753417969
2010-08-11,29.288755416870117,69.54137420654297,117.33999633789062,58.755489349365234
2010-08-12,29.20185089111328,69.43182373046875,118.7699966430664,58.71219253540039
2010-08-13,29.172889709472656,69.59292602539062,118.73999786376953,58.741058349609375
2010-08-16,29.324974060058594,69.8249282836914,119.7300033569336,58.82029724121094
2010-08-17,29.65088653564453,69.74116516113281,119.75,58.80595397949219
2010-08-18,29.70159149169922,69.66383361816406,120.22000122070312,58.80595397949219
2010-08-19,29.230825424194336,69.88932037353516,120.38999938964844,58.84196472167969
2010-08-20,28.9918212890625,69.79273986816406,119.97000122070312,58.813140869140625
2010-08-23,28.846965789794922,69.8635482788086,119.77999877929688,58.83481216430664
2010-08-24,28.426908493041992,70.14068603515625,120.36000061035156,58.8924560546875
2010-08-25,28.426908493041992,69.97958374023438,121.36000061035156,58.83481216430664
2010-08-26,28.32550811767578,70.06977844238281,120.95999908447266,58.849178314208984
2010-08-27,28.897674560546875,69.68309020996094,121.01000213623047,58.741058349609375
2010-08-30,28.441381454467773,70.15355682373047,120.91000366210938,58.849178314208984
2010-08-31,28.49932289123535,70.20510864257812,122.08000183105469,58.87800979614258
2010-09-01,29.37567138671875,70.05521392822266,121.69000244140625,58.774715423583984
2010-09-02,29.71607208251953,69.96478271484375,122.29000091552734,58.825313568115234
2010-09-03,29.976810455322266,69.80315399169922,121.86000061035156,58.796417236328125
2010-09-07,29.592954635620117,70.00352478027344,122.69999694824219,58.774715423583984
2010-09-08,29.8247127532959,69.95181274414062,122.70999908447266,58.80369567871094
2010-09-09,30.02750015258789,69.61579895019531,121.55999755859375,58.71702575683594
2010-09-10,30.09269142150879,69.46713256835938,121.7300033569336,58.69530487060547
2010-09-13,30.60689353942871,69.62225341796875,121.62000274658203,58.767555236816406
2010-09-14,30.708301544189453,69.8742446899414,124.0199966430664,58.8325309753418
2010-09-15,30.773483276367188,69.74501037597656,123.94000244140625,58.78193664550781
2010-09-16,30.708301544189453,69.62872314453125,124.62999725341797,58.8325309753418
2010-09-17,30.585176467895508,69.71918487548828,124.54000091552734,58.810874938964844
2010-09-20,31.121118545532227,69.74501037597656,124.87000274658203,58.85414505004883
2010-09-21,31.00524139404297,70.04228973388672,126.01000213623047,58.955299377441406
2010-09-22,30.925582885742188,70.06168365478516,126.19999694824219,58.99866485595703
2010-09-23,30.6575984954834,70.13924407958984,126.30000305175781,58.98417663574219
2010-09-24,31.374603271484375,69.8807373046875,126.69000244140625,58.933631896972656
2010-09-27,31.265974044799805,70.11983489990234,126.72000122070312,59.00590896606445
2010-09-28,31.33115577697754,70.28782653808594,127.8499984741211,59.07088088989258
2010-09-29,31.360118865966797,70.23615264892578,127.94999694824219,59.013057708740234
2010-09-30,31.294944763183594,70.21033477783203,127.91000366210938,59.04197311401367
2010-10-01,31.577402114868164,70.12932586669922,128.91000366210938,59.09477233886719
2010-10-04,31.25872802734375,70.24592590332031,128.4600067138672,59.12374496459961
2010-10-05,32.00471496582031,70.24592590332031,130.99000549316406,59.1309700012207
2010-10-06,32.1495475769043,70.31720733642578,131.80999755859375,59.188873291015625
2010-10-07,31.9902286529541,70.34953308105469,130.3699951171875,59.26121139526367
2010-10-08,32.250953674316406,70.4920883178711,131.66000366210938,59.21775817871094
2010-10-11,32.27268600463867,70.45323181152344,132.2899932861328,59.31182861328125
2010-10-12,32.23646926879883,70.38194274902344,131.9600067138672,59.21052169799805
2010-10-13,32.634822845458984,70.3755111694336,134.07000732421875,59.26121139526367
2010-10-14,32.68550491333008,70.11637878417969,134.75,59.188873291015625
2010-10-15,32.59135437011719,69.9738540649414,133.67999267578125,59.152671813964844
2010-10-18,32.67826461791992,70.22000885009766,134.27999877929688,59.275665283203125
2010-10-19,32.011959075927734,70.2783203125,130.11000061035156,59.28291320800781
2010-10-20,32.47547149658203,70.36254119873047,131.32000732421875,59.304603576660156
2010-10-21,32.446510314941406,70.25237274169922,129.47000122070312,59.28291320800781
2010-10-22,32.52617645263672,70.28478240966797,129.72999572753906,59.25394821166992
2010-10-25,32.634822845458984,70.291259765625,130.85000610351562,59.275665283203125
2010-10-26,32.51893997192383,70.12932586669922,130.8800048828125,59.196109771728516
2010-10-27,32.30164337158203,69.99330139160156,129.52000427246094,59.12374496459961
2010-10-28,32.46823501586914,70.16822052001953,131.24000549316406,59.25394821166992
2010-10-29,32.46823501586914,70.31720733642578,132.6199951171875,59.31182861328125
2010-11-01,32.51168441772461,70.2885971069336,131.9199981689453,59.30171203613281
2010-11-02,32.8231086730957,70.41202545166016,132.49000549316406,59.35968017578125
2010-11-03,33.00416946411133,70.39901733398438,131.57000732421875,59.41039276123047
2010-11-04,33.75015640258789,70.73674774169922,136.02999877929688,59.43944549560547
2010-11-05,33.68498229980469,70.54190826416016,136.3800048828125,59.388694763183594
2010-11-08,33.55461120605469,70.50938415527344,137.77999877929688,59.35243225097656
2010-11-09,33.27939224243164,70.1651840209961,135.58999633789062,59.22196960449219
2010-11-10,33.36631393432617,70.1067886352539,137.24000549316406,59.185707092285156
2010-11-11,33.206966400146484,70.10028076171875,137.66000366210938,59.185707092285156
2010-11-12,32.86656951904297,69.82102966308594,133.69000244140625,59.077030181884766
2010-11-15,32.83760070800781,69.43782043457031,132.4199981689453,58.86682891845703
2010-11-16,32.14231872558594,69.60665893554688,130.97000122070312,59.00450897216797
2010-11-17,32.214744567871094,69.62620544433594,130.3800048828125,58.982791900634766
2010-11-18,32.92451477050781,69.60665893554688,132.08999633789062,59.00450897216797
2010-11-19,32.98246383666992,69.68463134765625,132.1999969482422,58.961002349853516
2010-11-22,32.83034896850586,69.85347747802734,133.47999572753906,59.09150695800781
2010-11-23,32.05540084838867,69.9249267578125,134.41000366210938,59.09150695800781
2010-11-24,32.489959716796875,69.58722686767578,134.17999267578125,58.961002349853516
2010-11-26,32.193031311035156,69.73009490966797,133.11000061035156,58.989994049072266
2010-11-29,32.011959075927734,69.77558135986328,133.50999450683594,59.0262565612793
2010-11-30,31.75847053527832,69.73009490966797,135.4199981689453,59.077030181884766
2010-12-01,32.57686233520508,69.3664779663086,135.3800048828125,58.86572265625
2010-12-02,33.134552001953125,69.22940826416016,135.1999969482422,58.83664321899414
2010-12-03,33.30836868286133,69.3664779663086,138.07000732421875,58.96738052368164
2010-12-06,33.257667541503906,69.62107849121094,139.11000061035156,59.01095199584961
2010-12-07,33.17074966430664,69.07926177978516,136.5,58.79313278198242
2010-12-08,33.235939025878906,68.746337890625,134.7899932861328,58.62611389160156
2010-12-09,33.3735466003418,68.8703384399414,135.3699951171875,58.597129821777344
2010-12-10,33.41700744628906,68.7398452758789,135.41000366210938,58.539005279541016
2010-12-13,33.656005859375,68.78551483154297,136.0500030517578,58.62611389160156
2010-12-14,33.70671463012695,68.40034484863281,136.17999267578125,58.50996017456055
2010-12-15,33.388023376464844,68.28284454345703,134.6999969482422,58.44465255737305
2010-12-16,33.547367095947266,68.41339874267578,133.80999755859375,58.4954719543457
2010-12-17,33.61978530883789,68.78551483154297,134.1999969482422,58.618892669677734
2010-12-20,33.569091796875,68.8311996459961,135.11000061035156,58.6769905090332
2010-12-21,33.86015701293945,68.96173858642578,135.32000732421875,58.64065933227539
2010-12-22,33.92597961425781,68.88343048095703,135.0500030517578,58.618892669677734
2010-12-23,33.911346435546875,68.7528076171875,134.66000366210938,58.58257293701172
2010-12-27,33.90404510498047,68.94873046875,135.02000427246094,58.64900207519531
2010-12-28,33.96253967285156,68.5452651977539,137.22000122070312,58.524940490722656
2010-12-29,34.08688735961914,69.02992248535156,137.7100067138672,58.663612365722656
2010-12-30,34.123443603515625,68.97747802734375,137.02999877929688,58.63444519042969
2010-12-31,34.23313903808594,69.25907897949219,138.72000122070312,58.743927001953125
2011-01-03,34.489097595214844,69.1805191040039,138.0,58.71472930908203
2011-01-04,34.45252990722656,69.2001953125,134.75,58.700130462646484
2011-01-05,34.45252990722656,68.86618041992188,134.3699951171875,58.5614128112793
2011-01-06,34.23313903808594,68.87923431396484,133.8300018310547,58.63444519042969
2011-01-07,34.10881042480469,69.1020278930664,133.5800018310547,58.80234909057617
2011-01-10,34.02835464477539,69.28534698486328,134.1199951171875,58.838836669921875
2011-01-11,34.13806915283203,69.14778900146484,134.91000366210938,58.80234909057617
2011-01-12,34.69385528564453,69.14126586914062,135.4600067138672,58.75121307373047
2011-01-13,34.67192840576172,69.39013671875,134.0500030517578,58.824256896972656
2011-01-14,34.935203552246094,69.24605560302734,132.69000244140625,58.86075973510742
2011-01-18,35.044898986816406,69.2001953125,133.42999267578125,58.7950439453125
2011-01-19,34.77431106567383,69.21329498291016,133.72000122070312,58.868019104003906
2011-01-20,34.547603607177734,68.95134735107422,131.1999969482422,58.765869140625
2011-01-21,34.620731353759766,69.16748809814453,131.02999877929688,58.78776550292969
2011-01-24,34.84013366699219,69.12818145751953,130.36000061035156,58.765869140625
2011-01-25,34.825504302978516,69.34428405761719,130.10000610351562,58.80234909057617
2011-01-26,34.97909164428711,69.11503601074219,131.16000366210938,58.824256896972656
2011-01-27,35.06684494018555,69.23299407958984,127.93000030517578,58.853458404541016
2011-01-28,34.24776840209961,69.33119201660156,130.27999877929688,58.96291732788086
2011-01-31,34.59880065917969,69.2001953125,129.8699951171875,58.95565414428711
2011-02-01,35.30086898803711,69.05302429199219,130.8000030517578,58.8759651184082
2011-02-02,35.22773742675781,68.97422790527344,130.4499969482422,58.79552459716797
2011-02-03,35.29355239868164,68.71805572509766,132.1999969482422,58.685791015625
2011-02-04,35.25697708129883,68.48812866210938,131.66000366210938,58.55414962768555
2011-02-07,35.41788101196289,68.514404296875,131.67999267578125,58.5687370300293
2011-02-08,35.60802459716797,68.31733703613281,133.13999938964844,58.45180130004883
2011-02-09,35.43981170654297,68.4421615600586,133.07000732421875,58.53952407836914
2011-02-10,35.2716178894043,68.24505615234375,132.85000610351562,58.46639633178711
2011-02-11,35.4251823425293,68.514404296875,132.32000732421875,58.47370147705078
2011-02-14,35.45444869995117,68.54722595214844,132.9499969482422,58.47370147705078
2011-02-15,35.44712829589844,68.63262176513672,133.97000122070312,58.53219223022461
2011-02-16,35.73234939575195,68.63262176513672,134.10000610351562,58.51026153564453
2011-02-17,35.842041015625,68.79684448242188,135.0399932861328,58.60537338256836
2011-02-18,36.01024627685547,68.77059936523438,135.41000366210938,58.671165466308594
2011-02-22,35.044898986816406,69.02019500732422,136.2899932861328,58.7662239074707
2011-02-23,34.92788314819336,69.07274627685547,137.50999450683594,58.751590728759766
2011-02-24,34.9644660949707,69.0858383178711,136.47999572753906,58.71504592895508
2011-02-25,35.39593505859375,69.2697525024414,137.3800048828125,58.81744384765625
2011-02-28,35.673828125,69.40117645263672,137.66000366210938,58.824771881103516
2011-03-01,35.183860778808594,69.34526824951172,140.02999877929688,58.86726760864258
2011-03-02,35.34475326538086,69.23326873779297,139.9199981689453,58.85991668701172
2011-03-03,35.9224853515625,68.98954010009766,138.08999633789062,58.669471740722656
2011-03-04,35.622650146484375,69.17395782470703,139.35000610351562,58.86726760864258
2011-03-07,35.24967575073242,69.20687866210938,139.72000122070312,58.81597137451172
2011-03-08,35.542198181152344,69.15415954589844,139.36000061035156,58.786659240722656
2011-03-09,35.52758026123047,69.31892395019531,139.41000366210938,58.852569580078125
2011-03-10,34.752376556396484,69.56259155273438,137.77000427246094,58.96977233886719
2011-03-11,34.84744644165039,69.57571411132812,138.22000122070312,58.962486267089844
2011-03-14,34.5402946472168,69.615234375,138.86000061035156,59.01371765136719
2011-03-15,33.99179458618164,69.64160919189453,136.27000427246094,59.03571701049805
2011-03-16,33.15809631347656,69.83921813964844,136.24000549316406,59.101661682128906
2011-03-17,33.677330017089844,69.79313659667969,136.97000122070312,59.13828659057617
2011-03-18,34.07224655151367,69.76678466796875,138.3699951171875,59.12361526489258
2011-03-21,34.664615631103516,69.60209655761719,139.13999938964844,58.99909591674805
2011-03-22,34.708492279052734,69.60869598388672,139.0500030517578,58.984474182128906
2011-03-23,34.73773956298828,69.57571411132812,140.33999633789062,58.999839782714844
2011-03-24,35.118038177490234,69.38473510742188,139.22000122070312,58.88986587524414
2011-03-25,34.935203552246094,69.32548522949219,139.25999450683594,58.845916748046875
2011-03-28,34.832820892333984,69.29253387451172,138.5399932861328,58.83124542236328
2011-03-29,35.118038177490234,69.20687866210938,138.2100067138672,58.801918029785156
2011-03-30,35.410552978515625,69.32548522949219,138.6699981689453,58.801918029785156
2011-03-31,35.36669158935547,69.24642181396484,139.86000061035156,58.765254974365234
2011-04-01,35.63727951049805,69.34083557128906,139.1999969482422,58.772605895996094
2011-04-04,35.73965072631836,69.45321655273438,139.83999633789062,58.853328704833984
2011-04-05,35.7689094543457,69.30786895751953,142.0500030517578,58.72856140136719
2011-04-06,35.95173645019531,69.10306549072266,142.3800048828125,58.706485748291016
2011-04-07,35.81278991699219,69.20875549316406,142.50999450683594,58.772605895996094
2011-04-08,35.87129592895508,69.07666015625,143.66000366210938,58.772605895996094
2011-04-11,35.71040344238281,69.14266204833984,142.63999938964844,58.73586654663086
2011-04-12,35.39593505859375,69.406982421875,141.61000061035156,58.91950225830078
2011-04-13,35.512939453125,69.47958374023438,141.89999389648438,58.94152069091797
2011-04-14,35.556827545166016,69.41357421875,143.80999755859375,58.92678451538086
2011-04-15,35.520263671875,69.66455841064453,145.0500030517578,59.000282287597656
2011-04-18,35.015647888183594,69.78351593017578,145.92999267578125,59.044307708740234
2011-04-19,35.30818176269531,69.92223358154297,145.92999267578125,59.12508773803711
2011-04-20,35.9298095703125,69.82308197021484,146.5,59.06636047363281
2011-04-21,36.1784553527832,69.86939239501953,146.74000549316406,59.132423400878906
2011-04-25,36.105323791503906,69.90902709960938,146.8699951171875,59.147117614746094
2011-04-26,36.46366500854492,70.16668701171875,146.3800048828125,59.18389892578125
2011-04-27,36.836639404296875,70.10720825195312,149.1999969482422,59.20589828491211
2011-04-28,36.960960388183594,70.27239990234375,149.82000732421875,59.27194595336914
2011-04-29,37.07065200805664,70.33186340332031,152.3699951171875,59.32341003417969
2011-05-02,37.01945877075195,70.36896514892578,150.41000366210938,59.324825286865234
2011-05-03,36.71962356567383,70.38883209228516,149.8800048828125,59.324825286865234
2011-05-04,36.40515899658203,70.5213394165039,147.72999572753906,59.33957290649414
2011-05-05,35.89323043823242,70.68038177490234,143.47000122070312,59.36898422241211
2011-05-06,36.01755905151367,70.67375946044922,145.3000030517578,59.42048645019531
2011-05-09,36.25889205932617,70.75323486328125,147.3800048828125,59.47195816040039
2011-05-10,36.536800384521484,70.62739562988281,147.89999389648438,59.38373565673828
2011-05-11,36.01024627685547,70.75323486328125,146.5399932861328,59.43521499633789
2011-05-12,36.14188766479492,70.64727020263672,146.58999633789062,59.398380279541016
2011-05-13,35.57144546508789,70.75988006591797,145.6300048828125,59.46462631225586
2011-05-16,35.43981170654297,70.91234588623047,145.3699951171875,59.50873565673828
2011-05-17,35.52758026123047,70.99179077148438,144.74000549316406,59.53081130981445
2011-05-18,35.82009506225586,70.87918090820312,145.60000610351562,59.46462631225586
2011-05-19,35.97368621826172,70.82618713378906,145.64999389648438,59.48668670654297
2011-05-20,35.5860710144043,70.89241790771484,147.49000549316406,59.494075775146484
2011-05-23,34.92788314819336,70.95205688476562,147.8300018310547,59.50144958496094
2011-05-24,35.0302734375,70.978515625,148.58999633789062,59.523475646972656
2011-05-25,35.16922378540039,70.9653091430664,148.5800018310547,59.56755447387695
2011-05-26,35.52758026123047,71.11764526367188,148.22000122070312,59.633766174316406
2011-05-27,35.71040344238281,71.18394470214844,149.6999969482422,59.692649841308594
2011-05-31,36.34666061401367,71.20384216308594,149.63999938964844,59.692649841308594
2011-06-01,35.512939453125,71.51148223876953,149.91000366210938,59.77738952636719
2011-06-02,35.63727951049805,71.22579193115234,149.5,59.71843719482422
2011-06-03,35.43981170654297,71.31878662109375,150.22000122070312,59.77738952636719
2011-06-06,34.97909164428711,71.33207702636719,150.47999572753906,59.77738952636719
2011-06-07,35.15460205078125,71.4782485961914,150.4199981689453,59.814205169677734
2011-06-08,34.81819534301758,71.53812408447266,149.80999755859375,59.88054656982422
2011-06-09,35.191162109375,71.43177795410156,150.55999755859375,59.79945755004883
2011-06-10,34.52566146850586,71.42514038085938,149.24000549316406,59.83635330200195
2011-06-13,34.55491256713867,71.33207702636719,147.77000427246094,59.821624755859375
2011-06-14,34.971771240234375,71.13936614990234,148.6699981689453,59.696292877197266
2011-06-15,34.196563720703125,71.31878662109375,149.1199951171875,59.85107421875
2011-06-16,34.116127014160156,71.36530303955078,148.97000122070312,59.85107421875
2011-06-17,34.196563720703125,71.43177795410156,149.94000244140625,59.873172760009766
2011-06-20,34.32820510864258,71.33873748779297,150.02999877929688,59.873172760009766
2011-06-21,34.913265228271484,71.40513610839844,150.75999450683594,59.85107421875
2011-06-22,34.64833068847656,71.35867309570312,150.99000549316406,59.86577606201172
2011-06-23,34.41152572631836,71.59127044677734,148.33999633789062,59.9173583984375
2011-06-24,34.13031768798828,71.52479553222656,146.25999450683594,59.97631072998047
2011-06-27,34.40412521362305,71.3985366821289,145.72999572753906,59.90996170043945
2011-06-28,34.833335876464844,71.11282348632812,146.24000549316406,59.77738952636719
2011-06-29,35.29216384887695,70.90011596679688,147.17999267578125,59.740516662597656
2011-06-30,35.70658493041992,70.88685607910156,146.0,59.703704833984375
2011-07-01,36.187599182128906,70.90953063964844,144.92999267578125,59.64316940307617
2011-07-05,36.07660675048828,71.1827392578125,147.6300048828125,59.753902435302734
2011-07-06,35.972991943359375,71.22272491455078,148.91000366210938,59.827640533447266
2011-07-07,36.29860305786133,71.02281188964844,149.14999389648438,59.739112854003906
2011-07-08,35.98039245605469,71.38934326171875,150.25,59.86458206176758
2011-07-11,35.077545166015625,71.58261108398438,151.58999633789062,59.975276947021484
2011-07-12,34.862945556640625,71.642578125,152.77000427246094,59.945770263671875
2011-07-13,35.284759521484375,71.78257751464844,154.13999938964844,60.01215744018555
2011-07-14,34.988739013671875,71.60256958007812,154.5399932861328,59.96788787841797
2011-07-15,35.21075439453125,71.70257568359375,155.1999969482422,59.96788787841797
2011-07-18,34.744529724121094,71.59591674804688,156.57000732421875,59.975276947021484
2011-07-19,35.29216384887695,71.74925231933594,154.66000366210938,60.0047721862793
2011-07-20,35.40314865112305,71.63593292236328,156.02000427246094,59.982662200927734
2011-07-21,36.01738739013672,71.52263641357422,154.8300018310547,59.886714935302734
2011-07-22,36.0839958190918,71.67594909667969,156.1199951171875,59.90884780883789
2011-07-25,35.86939239501953,71.46929931640625,157.33999633789062,59.87929916381836
2011-07-26,35.92118835449219,71.63593292236328,157.77000427246094,59.93102264404297
2011-07-27,35.144161224365234,71.51595306396484,157.19000244140625,59.871978759765625
2011-07-28,34.988739013671875,71.65596771240234,157.32000732421875,59.93102264404297
2011-07-29,34.89254379272461,72.08242797851562,158.2899932861328,60.071197509765625
2011-08-01,34.58173751831055,72.2562026977539,157.72000122070312,60.131778717041016
2011-08-02,33.782493591308594,72.56363677978516,161.52000427246094,60.26485824584961
2011-08-03,33.87870788574219,72.63714599609375,161.49000549316406,60.242679595947266
2011-08-04,31.991615295410156,73.02474212646484,160.63999938964844,60.353572845458984
2011-08-05,32.102622985839844,72.54356384277344,161.75,60.183570861816406
2011-08-08,29.882516860961914,72.57698059082031,167.1199951171875,60.27227783203125
2011-08-09,31.44399070739746,73.00468444824219,168.61000061035156,60.4422721862793
2011-08-10,29.978723526000977,73.59950256347656,174.5800018310547,60.51621627807617
2011-08-11,31.34038734436035,72.68389129638672,170.75,60.353572845458984
2011-08-12,31.60680389404297,73.00468444824219,169.97000122070312,60.3166389465332
2011-08-15,32.3542366027832,73.11829376220703,171.8000030517578,60.29446792602539
2011-08-16,31.85100746154785,73.27201080322266,173.9199981689453,60.36833190917969
2011-08-17,32.05081558227539,73.39230346679688,174.4199981689453,60.46445083618164
2011-08-18,30.60035514831543,73.49922180175781,177.72000122070312,60.41271209716797
2011-08-19,30.015731811523438,73.53266143798828,179.9499969482422,60.434810638427734
2011-08-22,30.17854118347168,73.43905639648438,184.58999633789062,60.3831672668457
2011-08-23,31.192384719848633,73.26532745361328,177.6699981689453,60.324039459228516
2011-08-24,31.318195343017578,72.8509750366211,171.64999389648438,60.28702163696289
2011-08-25,30.763166427612305,72.99801635742188,172.36000061035156,60.3905143737793
2011-08-26,31.133180618286133,73.09828186035156,177.47000122070312,60.375755310058594
2011-08-29,32.01381301879883,73.01802825927734,173.88999938964844,60.36833190917969
2011-08-30,32.02861404418945,73.24525451660156,179.10000610351562,60.44968032836914
2011-08-31,32.32463455200195,73.17847442626953,177.72000122070312,60.44968032836914
2011-09-01,32.102622985839844,73.41415405273438,177.8699951171875,60.53703689575195
2011-09-02,31.34038734436035,73.63519287109375,183.24000549316406,60.470375061035156
2011-09-06,30.79277229309082,73.82945251464844,182.89999389648438,60.485191345214844
2011-09-07,31.66599464416504,73.65522003173828,177.0800018310547,60.462947845458984
2011-09-08,31.19978141784668,73.67537689208984,181.80999755859375,60.49259567260742
2011-09-09,30.267343521118164,73.77584838867188,180.6999969482422,60.462947845458984
2011-09-12,30.252540588378906,73.6285171508789,176.6699981689453,60.425960540771484
2011-09-13,30.504148483276367,73.65522003173828,178.5399932861328,60.381534576416016
2011-09-14,30.86676788330078,73.66866302490234,177.2100067138672,60.425960540771484
2011-09-15,31.37738800048828,73.45439910888672,174.39999389648438,60.3963737487793
2011-09-16,31.45138931274414,73.56149291992188,176.02999877929688,60.425960540771484
2011-09-19,30.933374404907227,73.72229766845703,173.30999755859375,60.44819259643555
2011-09-20,30.86676788330078,73.86959838867188,175.77999877929688,60.425960540771484
2011-09-21,29.978723526000977,73.99015045166016,173.58999633789062,60.44819259643555
2011-09-22,28.742870330810547,74.20446014404297,169.0500030517578,60.462947845458984
2011-09-23,29.016691207885742,73.8227310180664,159.8000030517578,60.35934066772461
2011-09-26,29.616106033325195,73.65522003173828,157.5800018310547,60.34450912475586
2011-09-27,30.17854118347168,73.5548324584961,160.6300048828125,60.337100982666016
2011-09-28,29.5791015625,73.4945297241211,156.22000122070312,60.314884185791016
2011-09-29,29.986122131347656,73.46773529052734,157.6999969482422,60.23349380493164
2011-09-30,28.950082778930664,73.74239349365234,158.05999755859375,60.27790451049805
2011-10-03,28.121246337890625,74.04363250732422,160.9600067138672,60.33942794799805
2011-10-04,28.661468505859375,73.81546783447266,157.63999938964844,60.22084045410156
2011-10-05,29.24609375,73.56722259521484,159.4600067138672,60.17631530761719
2011-10-06,29.926921844482422,73.44638061523438,160.49000549316406,60.05767822265625
2011-10-07,29.65311050415039,73.29878234863281,159.17999267578125,60.139251708984375
2011-10-10,30.800151824951172,73.15117645263672,163.27000427246094,59.96134948730469
2011-10-11,30.770566940307617,73.32563781738281,162.10000610351562,60.087371826171875
2011-10-12,31.251588821411133,73.18470001220703,163.25999450683594,59.9984245300293
2011-10-13,31.184978485107422,73.2249755859375,162.3000030517578,60.11705780029297
2011-10-14,31.777015686035156,73.10420989990234,163.39999389648438,60.154075622558594
2011-10-17,31.05177116394043,73.39277648925781,162.6199951171875,60.17631530761719
2011-10-18,31.658597946166992,73.31221008300781,161.83999633789062,60.168922424316406
2011-10-19,31.184978485107422,73.4195785522461,159.8699951171875,60.146697998046875
2011-10-20,31.133180618286133,73.37931823730469,157.77000427246094,60.20600509643555
2011-10-21,31.85100746154785,73.4195785522461,159.52000427246094,60.146697998046875
2011-10-24,32.33943557739258,73.30546569824219,161.02000427246094,60.18376541137695
2011-10-25,31.762210845947266,73.6812515258789,165.58999633789062,60.27272415161133
2011-10-26,32.22842788696289,73.47998809814453,167.39999389648438,60.265296936035156
2011-10-27,33.545684814453125,73.19811248779297,169.5500030517578,60.23566818237305
2011-10-28,33.43467712402344,73.48667907714844,169.6199951171875,60.27272415161133
2011-10-31,32.22842788696289,73.83563995361328,167.33999633789062,60.406124114990234
2011-11-01,31.251588821411133,74.19023132324219,167.3800048828125,60.486392974853516
2011-11-02,31.81401252746582,74.19023132324219,169.05999755859375,60.47149658203125
2011-11-03,32.48004150390625,74.02875518798828,171.72000122070312,60.51605987548828
2011-11-04,32.15443420410156,74.00853729248047,170.85000610351562,60.5383415222168
2011-11-07,32.38383483886719,74.06909942626953,174.97999572753906,60.44926071166992
2011-11-08,32.73163986206055,73.9681396484375,173.52999877929688,60.493751525878906
2011-11-09,31.258983612060547,74.09600067138672,172.07000732421875,60.419517517089844
2011-11-10,31.525394439697266,73.9547119140625,171.13999938964844,60.486392974853516
2011-11-11,32.25062561035156,73.86726379394531,173.9600067138672,60.464073181152344
2011-11-14,31.865808486938477,73.92780303955078,173.1999969482422,60.47149658203125
2011-11-15,31.95461654663086,73.83360290527344,173.36000061035156,60.4120979309082
2011-11-16,31.414396286010742,73.80667877197266,171.50999450683594,60.441829681396484
2011-11-17,30.822368621826172,73.76629638671875,167.10000610351562,60.39726257324219
2011-11-18,30.86676788330078,73.75288391113281,167.6199951171875,60.3675537109375
2011-11-21,30.09712791442871,73.73941040039062,163.5,60.36012268066406
2011-11-22,30.037927627563477,73.79322052001953,165.30999755859375,60.30070495605469
2011-11-23,29.33489418029785,73.86053466796875,164.8300018310547,60.3675537109375
2011-11-25,29.194292068481445,73.75959777832031,163.39999389648438,60.32300567626953
2011-11-28,30.28213882446289,73.75288391113281,166.6300048828125,60.31558609008789
2011-11-29,30.400543212890625,73.77983093261719,166.8800048828125,60.30070495605469
2011-11-30,31.858402252197266,73.5914535522461,170.1300048828125,60.33042907714844
2011-12-01,31.75480842590332,73.61709594726562,169.6300048828125,60.35567855834961
2011-12-02,31.740007400512695,73.8064956665039,169.82000732421875,60.37802505493164
2011-12-05,32.05081558227539,73.88763427734375,167.32000732421875,60.400325775146484
2011-12-06,31.991615295410156,73.8199691772461,168.17999267578125,60.36310958862305
2011-12-07,32.169227600097656,73.95530700683594,169.39999389648438,60.422637939453125
2011-12-08,31.303380966186523,74.02970123291016,165.97999572753906,60.46719741821289
2011-12-09,31.902812957763672,73.98910522460938,166.39999389648438,60.452362060546875
2011-12-12,31.192384719848633,74.00939178466797,161.99000549316406,60.45984649658203
2011-12-13,30.777969360351562,74.15821838378906,158.4499969482422,60.47468948364258
2011-12-14,30.444936752319336,74.3408203125,152.88999938964844,60.4449462890625
2011-12-15,30.637348175048828,74.18524169921875,152.3300018310547,60.4449462890625
2011-12-16,30.60035514831543,74.43553161621094,155.22999572753906,60.52674865722656
2011-12-19,30.222932815551758,74.50994873046875,154.8699951171875,60.5118408203125
2011-12-20,31.218931198120117,74.40846252441406,156.97999572753906,60.46719741821289
2011-12-21,31.196468353271484,74.21908569335938,157.16000366210938,60.452362060546875
2011-12-22,31.48082160949707,74.33403015136719,156.0399932861328,60.4449462890625
2011-12-23,31.69782829284668,74.24609375,156.30999755859375,60.550376892089844
2011-12-27,31.64545249938965,74.38007354736328,154.91000366210938,60.438232421875
2011-12-28,31.196468353271484,74.50863647460938,151.02999877929688,60.430728912353516
2011-12-29,31.570621490478516,74.68455505371094,150.33999633789062,60.42323303222656
2011-12-30,31.555644989013672,74.58979797363281,151.99000549316406,60.47563171386719
2012-01-03,32.16176223754883,74.44100952148438,155.9199981689453,60.47563171386719
2012-01-04,32.1542854309082,74.3394775390625,156.7100067138672,60.4830436706543
2012-01-05,32.02708053588867,74.44100952148438,157.77999877929688,60.46810531616211
2012-01-06,31.780141830444336,74.50190734863281,157.1999969482422,60.54291534423828
2012-01-09,31.89238739013672,74.44100952148438,156.5,60.572845458984375
2012-01-10,32.17674255371094,74.42066955566406,158.63999938964844,60.587791442871094
2012-01-11,32.28897476196289,74.68455505371094,159.6699981689453,60.580326080322266
2012-01-12,32.30394744873047,74.6236572265625,160.3800048828125,60.55790710449219
2012-01-13,32.042049407958984,74.79276275634766,159.25999450683594,60.550376892089844
2012-01-17,32.31142807006836,74.81307220458984,160.5,60.67758560180664
2012-01-18,32.81278991699219,74.71841430664062,161.60000610351562,60.62518310546875
2012-01-19,33.08966827392578,74.5965805053711,161.22000122070312,60.61774826049805
2012-01-20,33.14951705932617,74.4071273803711,162.07000732421875,60.67009735107422
2012-01-23,33.276737213134766,74.34623718261719,163.16000366210938,60.67009735107422
2012-01-24,33.17945861816406,74.4071273803711,162.00999450683594,60.67009735107422
2012-01-25,33.48624801635742,74.515380859375,166.4199981689453,60.76734924316406
2012-01-26,33.4488410949707,74.66425323486328,167.27000427246094,60.849613189697266
2012-01-27,33.48624801635742,74.78602600097656,168.97000122070312,60.7598762512207
2012-01-30,33.216861724853516,75.00247955322266,168.02999877929688,60.849613189697266
2012-01-31,33.28422164916992,75.13107299804688,169.30999755859375,60.81977081298828
2012-02-01,33.71074295043945,74.99879455566406,169.55999755859375,60.88341522216797
2012-02-02,33.86789321899414,75.01914978027344,171.0500030517578,60.890865325927734
2012-02-03,34.3468017578125,74.98522186279297,167.63999938964844,60.81597137451172
2012-02-06,34.204620361328125,75.0395278930664,167.17999267578125,60.920875549316406
2012-02-07,34.33182144165039,74.96487426757812,169.6999969482422,60.913333892822266
2012-02-08,34.429107666015625,74.9039306640625,168.5,60.8234748840332
2012-02-09,34.43661117553711,74.78174591064453,168.02000427246094,60.74851989746094
2012-02-10,34.00257110595703,74.88352966308594,167.13999938964844,60.80097961425781
2012-02-13,34.3767204284668,74.91062927246094,167.50999450683594,60.74105453491211
2012-02-14,34.212100982666016,74.97163391113281,167.1199951171875,60.79351043701172
2012-02-15,34.12979507446289,74.94452667236328,168.11000061035156,60.85346984863281
2012-02-16,34.54883575439453,74.9310073852539,168.0,60.80097961425781
2012-02-17,34.646121978759766,74.83601379394531,167.35000610351562,60.75606155395508
2012-02-21,34.713462829589844,74.72074890136719,171.02000427246094,60.78605651855469
2012-02-22,34.638641357421875,74.9310073852539,172.94000244140625,60.80845260620117
2012-02-23,34.78829574584961,74.99201202392578,173.02000427246094,60.75606155395508
2012-02-24,34.96039581298828,75.01234436035156,172.22999572753906,60.75606155395508
2012-02-27,34.81073760986328,75.2497329711914,171.6999969482422,60.763545989990234
2012-02-28,35.13999938964844,75.19546508789062,173.49000549316406,60.8309211730957
2012-02-29,34.93046951293945,75.12090301513672,164.2899932861328,60.8309211730957
2012-03-01,35.192378997802734,74.96923065185547,166.61000061035156,60.821189880371094
2012-03-02,34.97536087036133,75.1324462890625,166.33999633789062,60.866249084472656
2012-03-05,34.78829574584961,75.02361297607422,165.64999389648438,60.87372589111328
2012-03-06,33.87537384033203,75.1732406616211,162.6999969482422,60.866249084472656
2012-03-07,34.25700759887695,75.1052017211914,163.6300048828125,60.88119125366211
2012-03-08,34.81821823120117,74.93528747558594,165.27999877929688,60.82868194580078
2012-03-09,34.870601654052734,74.92166137695312,166.3800048828125,60.80623245239258
2012-03-12,34.80324935913086,74.98963165283203,165.07000732421875,60.81370162963867
2012-03-13,35.37195587158203,74.73812103271484,162.3000030517578,60.738670349121094
2012-03-14,35.22230529785156,74.33010864257812,159.57000732421875,60.618709564208984
2012-03-15,35.46175765991211,74.296142578125,161.0800018310547,60.626182556152344
2012-03-16,35.52910232543945,74.30293273925781,161.3000030517578,60.66366195678711
2012-03-19,35.678768157958984,74.06494140625,161.58999633789062,60.61118698120117
2012-03-20,35.416866302490234,74.17374420166016,160.1300048828125,60.588653564453125
2012-03-21,35.252235412597656,74.35054779052734,160.2100067138672,60.61118698120117
2012-03-22,34.945430755615234,74.41853332519531,159.57000732421875,60.59617614746094
2012-03-23,35.11004638671875,74.58848571777344,161.52999877929688,60.68619918823242
2012-03-26,35.574005126953125,74.53410339355469,164.39999389648438,60.7161865234375
2012-03-27,35.46175765991211,74.61568450927734,163.24000549316406,60.76118469238281
2012-03-28,35.25972366333008,74.60212707519531,161.50999450683594,60.731178283691406
2012-03-29,35.065162658691406,74.80609130859375,161.27999877929688,60.76118469238281
2012-03-30,35.31957244873047,74.69046783447266,162.1199951171875,60.7161865234375
2012-04-02,35.68624496459961,74.69935607910156,162.94000244140625,60.78679656982422
2012-04-03,35.327056884765625,74.3790283203125,159.88999938964844,60.65909194946289
2012-04-04,34.72843551635742,74.53584289550781,157.2100067138672,60.68912124633789
2012-04-05,34.68352127075195,74.70614624023438,158.30999755859375,60.7642822265625
2012-04-09,34.406654357910156,75.03327941894531,159.3699951171875,60.85444259643555
2012-04-10,33.74815368652344,75.04009246826172,161.10000610351562,60.914608001708984
2012-04-11,34.099853515625,75.04684448242188,161.07000732421875,60.90708541870117
2012-04-12,34.70597839355469,74.97189331054688,162.6999969482422,60.86195373535156
2012-04-13,34.174686431884766,75.20362091064453,160.85000610351562,60.92959976196289
2012-04-16,34.25700759887695,75.21727752685547,160.4600067138672,60.92959976196289
2012-04-17,34.75087356567383,75.23086547851562,160.25,60.914608001708984
2012-04-18,34.638641357421875,75.32627868652344,159.30999755859375,60.92959976196289
2012-04-19,34.45903778076172,75.2717056274414,159.42999267578125,60.92206573486328
2012-04-20,34.586246490478516,75.28539276123047,159.5399932861328,60.959686279296875
2012-04-23,34.174686431884766,75.36033630371094,159.07000732421875,60.959686279296875
2012-04-24,34.3468017578125,75.25133514404297,159.3000030517578,60.92206573486328
2012-04-25,34.75087356567383,75.28539276123047,159.6199951171875,60.92206573486328
2012-04-26,34.915496826171875,75.40122985839844,161.02999877929688,60.9747200012207
2012-04-27,35.042720794677734,75.39443969726562,161.3800048828125,60.997257232666016
2012-04-30,34.915496826171875,75.36715698242188,161.8800048828125,61.01227569580078
2012-05-01,35.08761215209961,75.33980560302734,161.32000732421875,60.996463775634766
2012-05-02,34.93046951293945,75.41500854492188,160.58999633789062,61.019046783447266
2012-05-03,34.63114547729492,75.49691009521484,158.97000122070312,60.996463775634766
2012-05-04,34.0474739074707,75.57201385498047,159.47000122070312,61.049171447753906
2012-05-07,34.15971374511719,75.59932708740234,159.0800018310547,61.064170837402344
2012-05-08,33.77809143066406,75.65396881103516,156.0,61.07923126220703
2012-05-09,33.4488410949707,75.6744613647461,154.47000122070312,61.0867805480957
2012-05-10,33.53116226196289,75.59932708740234,154.77000427246094,61.04161071777344
2012-05-11,33.40393829345703,75.65396881103516,153.55999755859375,61.064170837402344
2012-05-14,32.91754150390625,75.8246841430664,151.3300018310547,61.064170837402344
2012-05-15,32.56585693359375,75.78372955322266,149.74000549316406,61.049171447753906
2012-05-16,32.29646682739258,75.77008056640625,149.4600067138672,61.026554107666016
2012-05-17,31.787628173828125,75.81784057617188,152.8000030517578,60.996463775634766
2012-05-18,31.630491256713867,75.79740142822266,154.5500030517578,61.019046783447266
2012-05-21,32.199188232421875,75.78372955322266,154.64999389648438,60.973907470703125
2012-05-22,32.124359130859375,75.59932708740234,152.0800018310547,60.9814567565918
2012-05-23,31.99714469909668,75.68805694580078,151.6199951171875,61.00397872924805
2012-05-24,31.929800033569336,75.62662506103516,151.41000366210938,60.973907470703125
2012-05-25,31.79511070251465,75.74274444580078,152.67999267578125,61.011539459228516
2012-05-29,32.24408721923828,75.70171356201172,151.02000427246094,61.019046783447266
2012-05-30,31.637962341308594,75.95438385009766,151.91000366210938,61.064170837402344
2012-05-31,31.675378799438477,76.17977142333984,151.6199951171875,61.094329833984375
2012-06-01,30.882192611694336,76.37002563476562,157.5,61.12296676635742
2012-06-04,30.97197914123535,76.19207000732422,157.32000732421875,61.062705993652344
2012-06-05,31.196468353271484,76.03470611572266,157.13999938964844,61.07773208618164
2012-06-06,32.019588470458984,75.8088607788086,157.2100067138672,61.062705993652344
2012-06-07,32.07944869995117,75.92518615722656,154.5,61.062705993652344
2012-06-08,32.10939025878906,75.89100646972656,154.72999572753906,61.085205078125
2012-06-11,31.705318450927734,75.95938110351562,155.36000061035156,61.107845306396484
2012-06-12,32.16176223754883,75.8978271484375,156.4600067138672,61.00238800048828
2012-06-13,31.922317504882812,76.0962905883789,157.1199951171875,61.04754638671875
2012-06-14,32.221641540527344,76.04156494140625,157.75,61.040016174316406
2012-06-15,32.595787048339844,76.21945190429688,157.83999633789062,61.13800048828125
2012-06-18,32.6257209777832,76.19890594482422,157.92999267578125,61.13047409057617
2012-06-19,33.07469177246094,76.10997772216797,157.16000366210938,61.085205078125
2012-06-20,33.112117767333984,75.99364471435547,155.97000122070312,61.04754638671875
2012-06-21,32.26544189453125,76.0962905883789,152.02000427246094,61.05513381958008
2012-06-22,32.48545837402344,75.98677825927734,152.63999938964844,61.024898529052734
2012-06-25,31.893712997436523,76.22630310058594,153.75999450683594,61.11536407470703
2012-06-26,32.07579040527344,76.14417266845703,152.6199951171875,61.092777252197266
2012-06-27,32.364078521728516,76.1783676147461,152.8300018310547,61.085205078125
2012-06-28,32.31096649169922,76.26734161376953,151.0500030517578,61.13047409057617
2012-06-29,33.282047271728516,76.16468048095703,155.19000244140625,61.13047409057617
2012-07-02,33.47930145263672,76.31077575683594,155.08999633789062,61.116119384765625
2012-07-03,33.80551528930664,76.25589752197266,157.4600067138672,61.1463623046875
2012-07-05,33.5020637512207,76.45475769042969,155.67999267578125,61.13881301879883
2012-07-06,33.12272644042969,76.50959014892578,153.7100067138672,61.1991081237793
2012-07-09,33.046871185302734,76.66047668457031,154.0399932861328,61.22927474975586
2012-07-10,32.826847076416016,76.69474029541016,152.14999389648438,61.25949478149414
2012-07-11,32.86478042602539,76.68788146972656,152.99000549316406,61.25949478149414
2012-07-12,32.59926223754883,76.8250503540039,152.58999633789062,61.27455520629883
2012-07-13,33.07720947265625,76.85245513916016,154.13999938964844,61.2896728515625
2012-07-16,33.03169250488281,76.9142074584961,154.2100067138672,61.31985092163086
2012-07-17,33.206180572509766,76.8867416381836,153.47000122070312,61.30474853515625
2012-07-18,33.448951721191406,77.0376205444336,153.0500030517578,61.33491516113281
2012-07-19,33.631038665771484,76.97589874267578,153.3800048828125,61.3575553894043
2012-07-20,33.15308380126953,77.0855941772461,153.6699981689453,61.41790771484375
2012-07-23,32.629608154296875,77.15414428710938,153.02999877929688,61.38773727416992
2012-07-24,32.34130859375,77.25018310546875,153.52000427246094,61.38014602661133
2012-07-25,32.40200424194336,77.27757263183594,155.6699981689453,61.41790771484375
2012-07-26,33.12272644042969,77.22955322265625,156.77000427246094,61.38014602661133
2012-07-27,33.79793167114258,76.99645233154297,157.5399932861328,61.31985092163086
2012-07-30,33.78275680541992,77.12674713134766,157.42999267578125,61.4028205871582
2012-07-31,33.555145263671875,77.20216369628906,156.49000549316406,61.432952880859375
2012-08-01,33.51723098754883,77.11280822753906,155.13999938964844,61.3680534362793
2012-08-02,33.19860076904297,77.12659454345703,154.1300048828125,61.3680534362793
2012-08-03,34.00277328491211,76.94108581542969,155.5500030517578,61.3680534362793
2012-08-06,34.19242858886719,77.05789947509766,156.3000030517578,61.375545501708984
2012-08-07,34.46554183959961,76.85176849365234,156.27999877929688,61.345375061035156
2012-08-08,34.46554183959961,76.75556945800781,156.47999572753906,61.33023452758789
2012-08-09,34.54899215698242,76.7349853515625,156.99000549316406,61.284950256347656
2012-08-10,34.60968017578125,76.85865783691406,157.17999267578125,61.3529167175293
2012-08-13,34.5338134765625,76.85176849365234,155.99000549316406,61.345375061035156
2012-08-14,34.54899215698242,76.67316436767578,155.1300048828125,61.284950256347656
2012-08-15,34.503475189208984,76.42581176757812,155.6300048828125,61.284950256347656
2012-08-16,34.8828010559082,76.32962036132812,156.55999755859375,61.277366638183594
2012-08-17,34.89038848876953,76.41896057128906,156.72000122070312,61.30005645751953
2012-08-20,34.875213623046875,76.39144134521484,157.25999450683594,61.254695892333984
2012-08-21,34.89797592163086,76.49449157714844,158.8300018310547,61.30758285522461
2012-08-22,34.89038848876953,76.82431030273438,160.5399932861328,61.390689849853516
2012-08-23,34.61726760864258,76.87922668457031,161.88999938964844,61.428401947021484
2012-08-24,34.74624252319336,76.82431030273438,161.97000122070312,61.39824676513672
2012-08-27,34.66279983520508,76.92733001708984,161.36000061035156,61.41335678100586
2012-08-28,34.66279983520508,76.98914337158203,161.63999938964844,61.4208869934082
2012-08-29,34.624855041503906,76.91358184814453,160.58999633789062,61.428401947021484
2012-08-30,34.253108978271484,76.96170806884766,160.52000427246094,61.473793029785156
2012-08-31,34.4882926940918,77.20217895507812,164.22000122070312,61.57194900512695
2012-09-04,34.38967514038086,77.18769073486328,164.47999572753906,61.47439193725586
2012-09-05,34.328983306884766,77.18769073486328,164.30999755859375,61.489540100097656
2012-09-06,35.095218658447266,77.00874328613281,164.88999938964844,61.45928955078125
2012-09-07,35.46696853637695,77.02247619628906,168.44000244140625,61.497100830078125
2012-09-10,35.2014274597168,77.03624725341797,167.2899932861328,61.497100830078125
2012-09-11,35.45178985595703,76.94676971435547,167.89999389648438,61.51226043701172
2012-09-12,35.60353088378906,76.80220794677734,167.9199981689453,61.489540100097656
2012-09-13,36.225616455078125,76.98117065429688,171.30999755859375,61.5273551940918
2012-09-14,36.47595977783203,76.66455078125,171.8000030517578,61.47439193725586
2012-09-17,36.293888092041016,76.7884292602539,170.39999389648438,61.4819450378418
2012-09-18,36.24078369140625,76.83660888671875,171.72000122070312,61.51979446411133
2012-09-19,36.26354217529297,76.98802947998047,171.74000549316406,61.534912109375
2012-09-20,36.09663772583008,76.93986511230469,171.47000122070312,61.534912109375
2012-09-21,36.07388687133789,77.06376647949219,171.9600067138672,61.56517791748047
2012-09-24,35.975242614746094,77.14642333984375,171.0500030517578,61.557594299316406
2012-09-25,35.64902877807617,77.27030181884766,170.77000427246094,61.557594299316406
2012-09-26,35.42144012451172,77.34601593017578,169.80999755859375,61.58029556274414
2012-09-27,35.80835723876953,77.29782104492188,172.33999633789062,61.610565185546875
2012-09-28,35.42144012451172,77.40802001953125,171.88999938964844,61.60297775268555
2012-10-01,35.61110305786133,77.37830352783203,172.2899932861328,61.61511993408203
2012-10-02,35.702152252197266,77.44041442871094,172.10000610351562,61.66048049926758
2012-10-03,35.686973571777344,77.412841796875,172.41000366210938,61.607521057128906
2012-10-04,35.99802017211914,77.30244445800781,173.61000061035156,61.607521057128906
2012-10-05,36.04353713989258,77.14387512207031,172.6199951171875,61.62266540527344
2012-10-08,35.85387420654297,77.26103973388672,172.0500030517578,61.6302375793457
2012-10-09,35.41386413574219,77.17831420898438,170.99000549316406,61.62266540527344
2012-10-10,35.300045013427734,77.30244445800781,170.83999633789062,61.6302375793457
2012-10-11,35.43661880493164,77.3990478515625,171.32000732421875,61.61511993408203
2012-10-12,35.37592697143555,77.46107482910156,170.05999755859375,61.6378288269043
2012-10-15,35.61110305786133,77.50247192382812,168.35000610351562,61.65296173095703
2012-10-16,36.04353713989258,77.37830352783203,169.4199981689453,61.62266540527344
2012-10-17,36.324241638183594,77.13697814941406,169.5399932861328,61.54692459106445
2012-10-18,36.225616455078125,77.10936737060547,168.7899932861328,61.54692459106445
2012-10-19,35.67180252075195,77.20591735839844,166.97000122070312,61.524200439453125
2012-10-22,35.83870315551758,77.10246276855469,167.5800018310547,61.50910186767578
2012-10-23,35.25454330444336,77.27491760253906,165.42999267578125,61.554500579833984
2012-10-24,35.23937225341797,77.21965026855469,164.86000061035156,61.58484649658203
2012-10-25,35.41386413574219,77.05419921875,166.02000427246094,61.501495361328125
2012-10-26,35.29246139526367,77.26103973388672,165.92999267578125,61.54692459106445
2012-10-31,35.23937225341797,77.37146759033203,166.8300018310547,61.607521057128906
2012-11-01,35.7097282409668,77.26983642578125,166.07000732421875,61.56209182739258
2012-11-02,35.41386413574219,77.31822967529297,162.60000610351562,61.554500579833984
2012-11-05,35.44419860839844,77.44951629638672,163.22999572753906,61.48637771606445
2012-11-06,35.55800247192383,77.22835540771484,166.3000030517578,61.46365737915039
2012-11-07,35.0876350402832,77.4081039428711,166.49000549316406,61.554500579833984
2012-11-08,34.72348403930664,77.50482177734375,167.99000549316406,61.5923957824707
2012-11-09,34.69313430786133,77.46336364746094,167.82000732421875,61.56209182739258
2012-11-12,34.73106384277344,77.44266510009766,167.4499969482422,61.58484649658203
2012-11-13,34.55657958984375,77.58086395263672,167.10000610351562,61.56966018676758
2012-11-14,34.11655807495117,77.6015853881836,167.13999938964844,61.607521057128906
2012-11-15,34.15449142456055,77.52560424804688,166.08999633789062,61.62266540527344
2012-11-16,34.275875091552734,77.55323028564453,165.8800048828125,61.61511993408203
2012-11-19,34.94348907470703,77.60848999023438,167.8699951171875,61.61511993408203
2012-11-20,34.951072692871094,77.46336364746094,167.38999938964844,61.59995651245117
2012-11-21,35.06488037109375,77.33206176757812,167.55999755859375,61.57721710205078
2012-11-23,35.61110305786133,77.38042449951172,169.61000061035156,61.57721710205078
2012-11-26,35.535240173339844,77.4081039428711,169.42999267578125,61.56966018676758
2012-11-27,35.33799362182617,77.51173400878906,168.7100067138672,61.607521057128906
2012-11-28,35.58076858520508,77.52560424804688,166.5500030517578,61.61511993408203
2012-11-29,35.815940856933594,77.62234497070312,167.17999267578125,61.62266540527344
2012-11-30,35.80077362060547,77.58086395263672,166.0500030517578,61.66048049926758
2012-12-03,35.74766540527344,77.59195709228516,166.1300048828125,61.65525817871094
2012-12-04,35.755245208740234,77.640625,164.4199981689453,61.67039489746094
2012-12-05,35.92974090576172,77.71015930175781,164.1199951171875,61.64006423950195
2012-12-06,36.02836990356445,77.70320892333984,164.5,61.67795944213867
2012-12-07,36.089054107666016,77.63365936279297,165.16000366210938,61.632476806640625
2012-12-10,36.16492462158203,77.64756774902344,165.8000030517578,61.632476806640625
2012-12-11,36.35457992553711,77.61979675292969,165.64999389648438,61.65525817871094
2012-12-12,36.430450439453125,77.4042739868164,165.77000427246094,61.632476806640625
2012-12-13,36.225616455078125,77.27911376953125,164.3699951171875,61.6021614074707
2012-12-14,36.233192443847656,77.41813659667969,164.1300048828125,61.62487030029297
2012-12-17,36.49872970581055,77.23043060302734,164.44000244140625,61.571815490722656
2012-12-18,36.87112045288086,77.04969787597656,162.0800018310547,61.51119613647461
2012-12-19,36.73320007324219,77.1817398071289,161.69000244140625,61.533939361572266
2012-12-20,37.03203201293945,77.18870544433594,159.72999572753906,61.5263786315918
2012-12-21,36.71021270751953,77.25822448730469,160.3300018310547,61.549068450927734
2012-12-24,36.618263244628906,77.26519012451172,160.6199951171875,61.314056396484375
2012-12-26,36.51865005493164,77.36971282958984,160.77999877929688,61.33683395385742
2012-12-27,36.56463623046875,77.41151428222656,161.16000366210938,61.38991928100586
2012-12-28,36.28877639770508,77.52996063232422,160.5399932861328,61.412628173828125
2012-12-31,36.84046173095703,77.3906021118164,162.02000427246094,61.39746856689453
2013-01-02,37.5760498046875,77.30001831054688,163.1699981689453,61.38991928100586
2013-01-03,37.41515350341797,77.10492706298828,161.1999969482422,61.36716842651367
2013-01-04,37.5760498046875,77.18852233886719,160.44000244140625,61.3747673034668
2013-01-07,37.42280960083008,77.14678192138672,159.42999267578125,61.359580993652344
2013-01-08,37.238895416259766,77.21643829345703,160.55999755859375,61.38991928100586
2013-01-09,37.369171142578125,77.16070556640625,160.49000549316406,61.4050407409668
2013-01-10,37.767608642578125,77.15369415283203,161.97999572753906,61.38991928100586
2013-01-11,37.752288818359375,77.23036193847656,161.05999755859375,61.42021179199219
2013-01-14,37.759952545166016,77.30001831054688,161.5399932861328,61.412628173828125
2013-01-15,37.72930145263672,77.32096099853516,162.55999755859375,61.42781448364258
2013-01-16,37.683319091796875,77.36274719238281,162.64999389648438,61.42781448364258
2013-01-17,37.943843841552734,77.19551849365234,163.35000610351562,61.3747673034668
2013-01-18,37.99748992919922,77.28610229492188,163.08999633789062,61.3747673034668
2013-01-22,38.09708786010742,77.24430847167969,163.6699981689453,61.412628173828125
2013-01-23,38.04346466064453,77.32794189453125,163.2100067138672,61.42781448364258
2013-01-24,38.11241912841797,77.22335052490234,161.4199981689453,61.42021179199219
2013-01-25,38.34994125366211,77.03526306152344,160.64999389648438,61.329254150390625
2013-01-28,38.219688415527344,76.92381286621094,160.2899932861328,61.298980712890625
2013-01-29,38.464881896972656,76.87500762939453,160.99000549316406,61.32168960571289
2013-01-30,38.34228515625,76.84024047851562,162.19000244140625,61.329254150390625
2013-01-31,38.227352142333984,76.90987396240234,161.1999969482422,61.3823127746582
2013-02-01,38.5721549987793,76.74302673339844,161.4499969482422,61.36260986328125
2013-02-04,38.02812957763672,76.95945739746094,162.0,61.40812301635742
2013-02-05,38.280975341796875,76.79889678955078,161.9600067138672,61.40812301635742
2013-02-06,38.30397033691406,76.93153381347656,162.38999938964844,61.38532257080078
2013-02-07,38.150718688964844,76.95945739746094,161.83999633789062,61.42332077026367
2013-02-08,38.357601165771484,76.98035430908203,161.57000732421875,61.40812301635742
2013-02-11,38.29629898071289,76.9035415649414,159.6999969482422,61.40812301635742
2013-02-12,38.441898345947266,76.88970947265625,159.88999938964844,61.40812301635742
2013-02-13,38.52617263793945,76.81280517578125,159.0500030517578,61.37776184082031
2013-02-14,38.449554443359375,76.95243835449219,158.35000610351562,61.36260986328125
2013-02-15,38.38825988769531,76.95945739746094,155.75999450683594,61.37776184082031
2013-02-19,38.67177200317383,76.86865997314453,155.3300018310547,61.34740447998047
2013-02-20,38.265655517578125,76.91754913330078,151.44000244140625,61.38532257080078
2013-02-21,37.91319274902344,76.95945739746094,152.6199951171875,61.41572952270508
2013-02-22,38.280975341796875,77.0013198852539,152.97000122070312,61.438499450683594
2013-02-25,37.56839370727539,77.29447937011719,154.33999633789062,61.461265563964844
2013-02-26,37.79060363769531,77.2735595703125,156.22000122070312,61.47640609741211
2013-02-27,38.242671966552734,77.29447937011719,154.57000732421875,61.484012603759766
2013-02-28,38.18904113769531,77.36436462402344,153.0,61.52198791503906
2013-03-01,38.227352142333984,77.39155578613281,152.44000244140625,61.5455207824707
2013-03-04,38.3116340637207,77.33560943603516,152.3000030517578,61.53032302856445
2013-03-05,38.664100646972656,77.2726821899414,152.3800048828125,61.53792953491211
2013-03-06,38.76371383666992,77.18875885009766,153.22999572753906,61.49991226196289
2013-03-07,38.87098693847656,77.02789306640625,152.69000244140625,61.46198272705078
2013-03-08,39.001243591308594,76.80410766601562,152.7100067138672,61.45432662963867
2013-03-11,39.093196868896484,76.84603881835938,152.99000549316406,61.439186096191406
2013-03-12,38.9092903137207,76.98597717285156,154.19000244140625,61.46955108642578
2013-03-13,38.88630676269531,76.92304229736328,153.66000366210938,61.46198272705078
2013-03-14,39.100852966308594,77.00692749023438,153.67999267578125,61.46198272705078
2013-03-15,39.08552932739258,77.07685852050781,154.0,61.49232864379883
2013-03-18,38.74839401245117,77.14684295654297,155.3800048828125,61.522743225097656
2013-03-19,38.618133544921875,77.25868225097656,156.0800018310547,61.53792953491211
2013-03-20,38.88630676269531,77.17475891113281,155.3699951171875,61.53032302856445
2013-03-21,38.464881896972656,77.18875885009766,156.25,61.522743225097656
2013-03-22,38.77138137817383,77.21672058105469,155.5500030517578,61.49991226196289
2013-03-25,38.54917907714844,77.18875885009766,155.24000549316406,61.53032302856445
2013-03-26,38.80201721191406,77.27965545654297,154.72000122070312,61.50754165649414
2013-03-27,38.756065368652344,77.44056701660156,155.36000061035156,61.53032302856445
2013-03-28,38.88630676269531,77.44056701660156,154.4499969482422,61.53032302856445
2013-04-01,38.60280990600586,77.51066589355469,154.6699981689453,61.544010162353516
2013-04-02,38.86332321166992,77.4265365600586,152.42999267578125,61.55923080444336
2013-04-03,38.53384780883789,77.51066589355469,150.72999572753906,61.574485778808594
2013-04-04,38.68709182739258,77.7279281616211,150.2899932861328,61.6429328918457
2013-04-05,38.54149627685547,77.95221710205078,152.80999755859375,61.65055465698242
2013-04-08,38.70240783691406,77.8191146850586,152.16000366210938,61.6429328918457
2013-04-09,38.87864685058594,77.84710693359375,153.33999633789062,61.65055465698242
2013-04-10,39.384368896484375,77.6859130859375,150.75,61.6201286315918
2013-04-11,39.575923919677734,77.699951171875,151.0500030517578,61.63535690307617
2013-04-12,39.42267608642578,77.95221710205078,143.9499969482422,61.665809631347656
2013-04-15,38.5108528137207,77.98731231689453,131.30999755859375,61.665809631347656
2013-04-16,39.08552932739258,77.98731231689453,132.8000030517578,61.67340087890625
2013-04-17,38.403587341308594,77.98731231689453,132.8699951171875,61.665809631347656
2013-04-18,38.242671966552734,77.97327423095703,134.3000030517578,61.658180236816406
2013-04-19,38.61046600341797,77.98031616210938,135.47000122070312,61.63535690307617
2013-04-22,38.756065368652344,78.07847595214844,137.89999389648438,61.67340087890625
2013-04-23,39.13917541503906,78.04341888427734,136.8800048828125,61.681026458740234
2013-04-24,39.323062896728516,78.02940368652344,138.3699951171875,61.681026458740234
2013-04-25,39.537601470947266,77.99433898925781,141.6300048828125,61.68861770629883
2013-04-26,39.47631072998047,78.15555572509766,140.91000366210938,61.726715087890625
2013-04-29,39.84409713745117,78.20462036132812,142.3000030517578,61.71907043457031
2013-04-30,39.989681243896484,78.19059753417969,142.77000427246094,61.71147537231445
2013-05-01,39.66786575317383,78.22716522216797,141.11000061035156,61.757911682128906
2013-05-02,39.9053955078125,78.23413848876953,141.9199981689453,61.77316665649414
2013-05-03,40.34214401245117,77.94622039794922,142.08999633789062,61.681758880615234
2013-05-06,40.39580154418945,77.81982421875,142.14999389648438,61.704593658447266
2013-05-07,40.54904556274414,77.77764892578125,140.3800048828125,61.67414855957031
2013-05-08,40.89384460449219,77.84790802001953,142.4600067138672,61.67414855957031
2013-05-09,40.62565231323242,77.74253845214844,140.80999755859375,61.69698715209961
2013-05-10,40.7022819519043,77.58805847167969,139.60000610351562,61.60559844970703
2013-05-13,40.68695068359375,77.5177993774414,138.42999267578125,61.613224029541016
2013-05-14,40.9398078918457,77.33524322509766,137.80999755859375,61.60559844970703
2013-05-15,41.093055725097656,77.4476089477539,134.6300048828125,61.613224029541016
2013-05-16,40.863197326660156,77.65827178955078,134.08999633789062,61.66645431518555
2013-05-17,41.19266891479492,77.46870422363281,131.07000732421875,61.643672943115234
2013-05-20,41.30759811401367,77.39139556884766,135.1199951171875,61.60559844970703
2013-05-21,41.39955520629883,77.45464324951172,132.8800048828125,61.63606262207031
2013-05-22,40.99345397949219,77.19480895996094,131.94000244140625,61.58270263671875
2013-05-23,40.740596771240234,77.16668701171875,134.61000061035156,61.55219650268555
2013-05-24,40.54904556274414,77.16668701171875,133.75999450683594,61.55219650268555
2013-05-28,40.671627044677734,76.6891860961914,133.49000549316406,61.4227409362793
2013-05-29,40.4034538269043,76.79446411132812,134.8300018310547,61.4227409362793
2013-05-30,40.5413703918457,76.7734603881836,136.6999969482422,61.415096282958984
2013-05-31,39.83644104003906,76.62593078613281,133.9199981689453,61.38459014892578
2013-06-03,39.982025146484375,76.6646499633789,136.50999450683594,61.41591262817383
2013-06-04,39.83644104003906,76.49573516845703,135.22999572753906,61.431182861328125
2013-06-05,39.22344970703125,76.45355987548828,135.52000427246094,61.45405960083008
2013-06-06,39.50696563720703,76.65055847167969,136.52999877929688,61.423561096191406
2013-06-07,39.92072296142578,76.4113540649414,133.27999877929688,61.354896545410156
2013-06-10,39.874752044677734,76.25659942626953,133.94000244140625,61.316795349121094
2013-06-11,39.42267608642578,76.26358032226562,133.25,61.30915069580078
2013-06-12,39.231109619140625,76.13701629638672,134.25,61.3015022277832
2013-06-13,39.798133850097656,76.50985717773438,133.74000549316406,61.385406494140625
2013-06-14,39.43800735473633,76.53099822998047,134.42999267578125,61.43880081176758
2013-06-17,39.85942077636719,76.47467041015625,133.77000427246094,61.44636154174805
2013-06-18,40.11994934082031,76.44654083251953,132.1300048828125,61.41591262817383
2013-06-19,39.43800735473633,75.93294525146484,130.58999633789062,61.232879638671875
2013-06-20,38.25033950805664,75.42637634277344,123.5999984741211,61.08803176879883
2013-06-21,38.365272521972656,75.00431060791016,125.05000305175781,61.019386291503906
2013-06-24,37.72163772583008,74.70174407958984,123.93000030517578,60.86686325073242
2013-06-25,38.173709869384766,74.78617095947266,123.47000122070312,60.91264724731445
2013-06-26,38.53384780883789,75.10279083251953,118.27999877929688,60.98887634277344
2013-06-27,38.90088653564453,75.41934204101562,115.94000244140625,61.080379486083984
2013-06-28,38.800018310546875,75.42637634277344,119.11000061035156,61.0574951171875
2013-07-01,39.048336029052734,75.53072357177734,121.12999725341797,61.10027313232422
2013-07-02,38.90865707397461,75.53072357177734,120.05000305175781,61.07735824584961
2013-07-03,38.8853759765625,75.42498016357422,120.73999786376953,61.069671630859375
2013-07-05,39.12594223022461,74.6003189086914,118.08999633789062,60.87894058227539
2013-07-08,39.312171936035156,74.98795318603516,119.51000213623047,61.00104522705078
2013-07-09,39.59929275512695,75.06552124023438,120.62000274658203,61.01626205444336
2013-07-10,39.63809585571289,74.8681869506836,120.94999694824219,61.00104522705078
2013-07-11,40.51496887207031,75.36859893798828,124.23999786376953,61.20709991455078
2013-07-12,40.383052825927734,75.28397369384766,124.12999725341797,61.168941497802734
2013-07-15,40.561527252197266,75.44609832763672,124.18000030517578,61.23764419555664
2013-07-16,40.468414306640625,75.56597900390625,124.88999938964844,61.26054382324219
2013-07-17,40.61585998535156,75.72802734375,123.31999969482422,61.306331634521484
2013-07-18,40.77105712890625,75.58710479736328,124.01000213623047,61.298709869384766
2013-07-19,40.79433059692383,75.78441619873047,125.11000061035156,61.33686828613281
2013-07-22,40.9417724609375,75.88314819335938,128.83999633789062,61.329219818115234
2013-07-23,40.98833084106445,75.84083557128906,129.7100067138672,61.329219818115234
2013-07-24,40.825374603271484,75.59412384033203,127.4800033569336,61.23003005981445
2013-07-25,40.93400573730469,75.62236785888672,128.6699981689453,61.29105758666992
2013-07-26,40.86417007446289,75.60118103027344,128.77999877929688,61.32161331176758
2013-07-29,40.64689636230469,75.60118103027344,128.47000122070312,61.29105758666992
2013-07-30,40.56928253173828,75.57304382324219,128.1199951171875,61.268150329589844
2013-07-31,40.57705307006836,75.62940979003906,127.95999908447266,61.3139762878418
2013-08-01,41.143531799316406,75.20215606689453,126.61000061035156,61.21846008300781
2013-08-02,41.267704010009766,75.45634460449219,126.36000061035156,61.355995178222656
2013-08-05,41.20561218261719,75.49169921875,125.69999694824219,61.34834289550781
2013-08-06,40.96505355834961,75.41398620605469,123.97000122070312,61.325408935546875
2013-08-07,40.79433059692383,75.51289367675781,124.1500015258789,61.325408935546875
2013-08-08,41.128013610839844,75.6187973022461,126.86000061035156,61.34834289550781
2013-08-09,41.11248779296875,75.66818237304688,126.86000061035156,61.355995178222656
2013-08-12,41.081451416015625,75.6187973022461,129.1300048828125,61.33308410644531
2013-08-13,41.29096984863281,75.31515502929688,127.73999786376953,61.22611999511719
2013-08-14,41.182334899902344,75.21632385253906,129.0,61.24904251098633
2013-08-15,40.740013122558594,74.9478988647461,131.69000244140625,61.15736389160156
2013-08-16,40.685699462890625,74.73603820800781,132.5800018310547,61.13444900512695
2013-08-19,40.35200881958008,74.50299835205078,132.00999450683594,61.08857345581055
2013-08-20,40.39857864379883,74.72195434570312,132.4499969482422,61.15736389160156
2013-08-21,40.01058578491211,74.446533203125,132.07000732421875,61.01985549926758
2013-08-22,40.367523193359375,74.53833770751953,132.80999755859375,61.004573822021484
2013-08-23,40.62360382080078,74.7854995727539,134.89999389648438,61.06566619873047
2013-08-26,40.429603576660156,74.91967010498047,135.4499969482422,61.10386657714844
2013-08-27,39.754493713378906,75.11738586425781,136.75,61.13444900512695
2013-08-28,39.79329299926758,74.97614288330078,136.7100067138672,61.126747131347656
2013-08-29,39.863136291503906,75.12442779541016,135.8699951171875,61.15736389160156
2013-08-30,39.64584732055664,75.00444793701172,134.6199951171875,61.14970397949219
2013-09-03,40.041603088378906,74.81898498535156,136.4199981689453,61.039588928222656
2013-09-04,40.39080047607422,74.71293640136719,134.66000366210938,60.95546340942383
2013-09-05,40.468414306640625,74.21054077148438,132.1999969482422,60.87897491455078
2013-09-06,40.6003303527832,74.48654174804688,134.14999389648438,60.970794677734375
2013-09-09,41.104732513427734,74.6351318359375,133.91000366210938,61.031986236572266
2013-09-10,41.4849739074707,74.50066375732422,131.74000549316406,60.947811126708984
2013-09-11,41.632415771484375,74.75535583496094,131.6999969482422,61.0013542175293
2013-09-12,41.42289352416992,74.67047119140625,127.66999816894531,61.077842712402344
2013-09-13,41.562564849853516,74.77658081054688,127.81999969482422,61.09312057495117
2013-09-16,41.857460021972656,74.93223571777344,126.44999694824219,61.18484115600586
2013-09-17,41.958335876464844,75.00293731689453,126.5,61.18484115600586
2013-09-18,42.81193542480469,75.63265991210938,132.00999450683594,61.3990364074707
2013-09-19,42.695526123046875,75.5406494140625,131.75,61.35311508178711
2013-09-20,42.423927307128906,75.5406494140625,127.95999908447266,61.368377685546875
2013-09-23,42.32304763793945,75.5972671508789,127.55000305175781,61.391387939453125
2013-09-24,42.23768997192383,75.77420043945312,127.66000366210938,61.406639099121094
2013-09-25,42.16785430908203,75.88029479980469,128.7899932861328,61.429588317871094
2013-09-26,42.3152961730957,75.86619567871094,127.79000091552734,61.406639099121094
2013-09-27,42.136810302734375,75.90861511230469,128.97000122070312,61.429588317871094
2013-09-30,41.84192657470703,75.84493255615234,128.17999267578125,61.460147857666016
2013-10-01,42.183380126953125,75.78898620605469,124.58999633789062,61.44720458984375
2013-10-02,42.16785430908203,75.8881607055664,127.05999755859375,61.5084114074707
2013-10-03,41.87297058105469,75.94485473632812,127.18000030517578,61.523681640625
2013-10-04,42.09801483154297,75.88111877441406,126.52999877929688,61.45485305786133
2013-10-07,41.741058349609375,75.86692810058594,127.63999938964844,61.47013854980469
2013-10-08,41.32200622558594,75.83147430419922,127.4000015258789,61.42417907714844
2013-10-09,41.391849517822266,75.77477264404297,126.11000061035156,61.44720458984375
2013-10-10,42.23768997192383,75.85982513427734,124.2699966430664,61.45485305786133
2013-10-11,42.493770599365234,75.8881607055664,122.5999984741211,61.46246337890625
2013-10-14,42.62569046020508,75.7464370727539,122.83000183105469,61.439510345458984
2013-10-15,42.40065383911133,75.71100616455078,123.7300033569336,61.42417907714844
2013-10-16,42.827449798583984,76.0370101928711,123.54000091552734,61.485435485839844
2013-10-17,43.238746643066406,76.2496109008789,127.41999816894531,61.60029983520508
2013-10-18,43.479286193847656,76.37721252441406,126.8499984741211,61.5849494934082
2013-10-21,43.51033401489258,76.30633544921875,126.9800033569336,61.57728576660156
2013-10-22,43.83624267578125,76.57564544677734,129.33999633789062,61.661502838134766
2013-10-23,43.5025749206543,76.55439758300781,128.69000244140625,61.646183013916016
2013-10-24,43.66553497314453,76.52603912353516,129.89999389648438,61.63851547241211
2013-10-25,43.712093353271484,76.55439758300781,130.4600067138672,61.646183013916016
2013-10-28,43.743141174316406,76.5190200805664,130.55999755859375,61.62324142456055
2013-10-29,43.89832305908203,76.61111450195312,129.77000427246094,61.66914367675781
2013-10-30,43.73537826538086,76.46934509277344,129.60000610351562,61.66914367675781
2013-10-31,43.494815826416016,76.47650909423828,127.73999786376953,61.646183013916016
2013-11-01,43.487060546875,76.29185485839844,126.94999694824219,61.61246109008789
2013-11-04,43.68881607055664,76.36991882324219,126.80999755859375,61.65079116821289
2013-11-05,43.409446716308594,76.14273834228516,126.55999755859375,61.63544464111328
2013-11-06,43.650020599365234,76.26345825195312,127.19999694824219,61.704410552978516
2013-11-07,42.982643127441406,76.32022857666016,126.16000366210938,61.71974563598633
2013-11-08,43.409446716308594,75.84455108642578,124.27999877929688,61.62013626098633
2013-11-11,43.42497634887695,75.8019027709961,123.87000274658203,61.62779235839844
2013-11-12,43.300811767578125,75.77351379394531,122.44999694824219,61.574127197265625
2013-11-13,43.56465530395508,75.97233581542969,122.8499984741211,61.65079116821289
2013-11-14,43.78193283081055,76.20661926269531,124.2699966430664,61.73499298095703
2013-11-15,44.1000862121582,76.22793579101562,124.31999969482422,61.689125061035156
2013-11-18,44.053531646728516,76.3770751953125,122.9000015258789,61.73499298095703
2013-11-19,43.93714141845703,76.17115020751953,122.94999694824219,61.727394104003906
2013-11-20,43.66553497314453,75.95809173583984,120.12000274658203,61.696720123291016
2013-11-21,43.95265579223633,76.03624725341797,119.94000244140625,61.712093353271484
2013-11-22,44.14664840698242,76.14273834228516,119.91999816894531,61.727394104003906
2013-11-25,44.01473617553711,76.19954681396484,120.45999908447266,61.742740631103516
2013-11-26,43.968170166015625,76.22081756591797,119.81999969482422,61.750396728515625
2013-11-27,44.09232711791992,76.2563247680664,119.45999908447266,61.742740631103516
2013-11-29,44.169925689697266,76.28474426269531,120.69999694824219,61.77336120605469
2013-12-02,43.91386032104492,75.9952163696289,117.58000183105469,61.69129180908203
2013-12-03,43.69658279418945,76.08772277832031,117.95999908447266,61.69896697998047
2013-12-04,43.572425842285156,75.88850402832031,119.95999908447266,61.66064453125
2013-12-05,43.37064743041992,75.72489166259766,118.30000305175781,61.62996292114258
2013-12-06,43.882808685302734,75.85289001464844,118.55000305175781,61.63761520385742
2013-12-09,43.95265579223633,75.94544982910156,119.72000122070312,61.645294189453125
2013-12-10,43.86729431152344,76.06637573242188,121.81999969482422,61.67597961425781
2013-12-11,43.36289596557617,75.94544982910156,120.86000061035156,61.63761520385742
2013-12-12,43.060245513916016,75.83159637451172,118.29000091552734,61.56864547729492
2013-12-13,43.04473876953125,75.86714935302734,119.37999725341797,61.599327087402344
2013-12-16,43.38617706298828,75.92406463623047,119.69000244140625,61.60698318481445
2013-12-17,43.21544647216797,76.05213165283203,118.6500015258789,61.67597961425781
2013-12-18,43.9180793762207,76.01652526855469,117.61000061035156,61.6836051940918
2013-12-19,43.863304138183594,75.88850402832031,114.81999969482422,61.60698318481445
2013-12-20,44.05891036987305,76.01652526855469,115.94000244140625,61.560977935791016
2013-12-23,44.348419189453125,75.9809799194336,115.56999969482422,61.50727081298828
2013-12-24,44.48925018310547,75.87423706054688,116.0999984741211,61.49186706542969
2013-12-26,44.66921615600586,75.8315200805664,116.73999786376953,61.43804168701172
2013-12-27,44.8100471496582,75.86003112792969,117.12000274658203,61.46112823486328
2013-12-30,44.8961181640625,75.93128204345703,115.38999938964844,61.499595642089844
2013-12-31,45.08390808105469,75.86003112792969,116.12000274658203,61.49186706542969
2014-01-02,44.44230651855469,75.90988159179688,118.0,61.499595642089844
2014-01-03,44.4188346862793,75.93843841552734,119.29000091552734,61.476497650146484
2014-01-06,44.27799987792969,76.03821563720703,119.5,61.530391693115234
2014-01-07,44.51272201538086,76.07388305664062,118.81999969482422,61.56883239746094
2014-01-08,44.49708557128906,75.84577178955078,118.12000274658203,61.4456787109375
2014-01-09,44.457950592041016,75.95268249511719,118.45999908447266,61.453399658203125
2014-01-10,44.74745559692383,76.3375244140625,120.26000213623047,61.58420944213867
2014-01-13,44.31711959838867,76.40884399414062,121.0199966430664,61.63804244995117
2014-01-14,44.70832443237305,76.2947998046875,119.88999938964844,61.59959411621094
2014-01-15,44.8961181640625,76.23067474365234,119.66000366210938,61.57649230957031
2014-01-16,44.856998443603516,76.40884399414062,119.79000091552734,61.58420944213867
2014-01-17,44.70050811767578,76.44448852539062,120.93000030517578,61.58420944213867
2014-01-21,44.8178825378418,76.48017883300781,119.69999694824219,61.56883239746094
2014-01-22,44.88047790527344,76.31616973876953,119.19000244140625,61.56883239746094
2014-01-23,44.48143005371094,76.5157699584961,121.79000091552734,61.66883850097656
2014-01-24,43.425140380859375,76.67973327636719,122.29000091552734,61.715003967285156
2014-01-27,43.19823455810547,76.5157699584961,120.95999908447266,61.661155700683594
2014-01-28,43.5190315246582,76.64409637451172,120.94999694824219,61.684207916259766
2014-01-29,43.05739212036133,76.87210845947266,122.47000122070312,61.76111602783203
2014-01-30,43.40950012207031,76.88642883300781,119.7699966430664,61.753440856933594
2014-01-31,42.99480056762695,77.02894592285156,120.08999633789062,61.814998626708984
2014-02-03,42.079349517822266,77.29036712646484,121.31999969482422,61.888916015625
2014-02-04,42.478397369384766,77.10470581054688,120.98999786376953,61.85812759399414
2014-02-05,42.44709777832031,76.91184997558594,121.29000091552734,61.80424499511719
2014-02-06,43.15129470825195,76.87615203857422,121.23999786376953,61.819580078125
2014-02-07,43.65205001831055,76.99755859375,122.16999816894531,61.85812759399414
2014-02-10,43.59727096557617,77.07609558105469,122.91999816894531,61.873531341552734
2014-02-11,44.191932678222656,76.9261245727539,124.36000061035156,61.81189727783203
2014-02-12,44.26234817504883,76.79759979248047,124.43000030517578,61.73489761352539
2014-02-13,44.45013427734375,76.96184539794922,125.48999786376953,61.781097412109375
2014-02-14,44.630096435546875,76.96184539794922,127.1500015258789,61.78879165649414
2014-02-18,44.802215576171875,77.01182556152344,127.4000015258789,61.85812759399414
2014-02-19,44.528377532958984,76.95469665527344,126.2699966430664,61.84269332885742
2014-02-20,44.7318115234375,76.91184997558594,127.5999984741211,61.79652404785156
2014-02-21,44.76310348510742,76.98328399658203,127.58000183105469,61.84269332885742
2014-02-24,45.076080322265625,76.91184997558594,128.99000549316406,61.84269332885742
2014-02-25,44.94306564331055,77.11897277832031,129.2100067138672,61.88118362426758
2014-02-26,44.888301849365234,77.28323364257812,128.11000061035156,61.904327392578125
2014-02-27,45.138668060302734,77.36177062988281,128.1999969482422,61.91973114013672
2014-02-28,45.232566833496094,77.3188705444336,127.62000274658203,61.911983489990234
2014-03-03,44.61444091796875,77.51925659179688,130.2899932861328,61.96674346923828
2014-03-04,45.35775375366211,77.23308563232422,128.67999267578125,61.8973388671875
2014-03-05,45.31863021850586,77.27595520019531,128.88999938964844,61.905113220214844
2014-03-06,45.615966796875,77.10430908203125,130.1699981689453,61.843406677246094
2014-03-07,45.459476470947266,76.88966369628906,129.08999633789062,61.79718017578125
2014-03-10,45.30298614501953,76.88966369628906,129.1300048828125,61.76633071899414
2014-03-11,45.05260467529297,76.88249206542969,129.86000061035156,61.79718017578125
2014-03-12,44.99001693725586,77.0541763305664,131.75999450683594,61.843406677246094
2014-03-13,44.35624313354492,77.2545166015625,132.2100067138672,61.905113220214844
2014-03-14,44.215396881103516,77.21875762939453,133.10000610351562,61.912818908691406
2014-03-17,44.70832443237305,77.17579650878906,131.63999938964844,61.86655807495117
2014-03-18,45.00566101074219,77.26887512207031,130.6199951171875,61.905113220214844
2014-03-19,44.58314895629883,76.92539978027344,128.08999633789062,61.70472717285156
2014-03-20,44.68486785888672,76.86817169189453,127.86000061035156,61.696990966796875
2014-03-21,44.58314895629883,76.97552490234375,128.47000122070312,61.67385482788086
2014-03-24,44.528377532958984,77.08992767333984,126.18000030517578,61.6661491394043
2014-03-25,44.87266159057617,77.01128387451172,126.41000366210938,61.650760650634766
2014-03-26,44.7239875793457,77.2545166015625,125.41000366210938,61.696990966796875
2014-03-27,44.84917068481445,77.31170654296875,124.58999633789062,61.70472717285156
2014-03-28,45.16213607788086,77.1972885131836,124.55999755859375,61.67385482788086
2014-03-31,45.49077224731445,77.20445251464844,123.61000061035156,61.72780227661133
2014-04-01,45.81939697265625,77.08618927001953,123.38999938964844,61.7386360168457
2014-04-02,45.92893981933594,76.9571762084961,124.31999969482422,61.67689514160156
2014-04-03,45.83504867553711,77.01446533203125,123.91999816894531,61.69233322143555
2014-04-04,45.49858093261719,77.25819396972656,125.56999969482422,61.75406265258789
2014-04-07,45.17779541015625,77.37285614013672,124.91000366210938,61.77719497680664
2014-04-08,45.33427810668945,77.46605682373047,126.08999633789062,61.81580352783203
2014-04-09,45.85069274902344,77.47325897216797,126.31999969482422,61.8929328918457
2014-04-10,44.97437286376953,77.65247344970703,127.01000213623047,61.93155288696289
2014-04-11,44.630096435546875,77.72412109375,126.93000030517578,61.939212799072266
2014-04-14,44.93524169921875,77.75279998779297,127.8499984741211,61.88521194458008
2014-04-15,44.92741394042969,77.75994110107422,125.48999786376953,61.88521194458008
2014-04-16,45.47513198852539,77.80293273925781,125.54000091552734,61.8697624206543
2014-04-17,45.615966796875,77.55210876464844,124.75,61.800350189208984
2014-04-21,45.717674255371094,77.54496002197266,124.23999786376953,61.800350189208984
2014-04-22,45.88982009887695,77.53060150146484,123.77999877929688,61.792640686035156
2014-04-23,45.756797790527344,77.60941314697266,123.76000213623047,61.800350189208984
2014-04-24,45.7880973815918,77.68114471435547,124.55999755859375,61.80810546875
2014-04-25,45.45164489746094,77.69546508789062,125.43000030517578,61.84666442871094
2014-04-28,45.58466720581055,77.64521026611328,124.87999725341797,61.83893585205078
2014-04-29,45.881996154785156,77.68114471435547,124.86000061035156,61.83893585205078
2014-04-30,46.03065872192383,77.83882904052734,124.22000122070312,61.88521194458008
2014-05-01,46.00717544555664,77.9522476196289,123.80000305175781,61.91457748413086
2014-05-02,45.98371887207031,78.04566192626953,125.05999755859375,61.91457748413086
2014-05-05,45.98371887207031,78.01689147949219,126.22000122070312,61.906883239746094
2014-05-06,45.7724494934082,78.07431030273438,125.9800033569336,61.906883239746094
2014-05-07,45.95241165161133,78.07431030273438,124.16999816894531,61.945465087890625
2014-05-08,45.921104431152344,78.12461853027344,124.16999816894531,61.99178695678711
2014-05-09,45.968055725097656,78.05281829833984,124.0999984741211,61.97636032104492
2014-05-12,46.3514518737793,77.98814392089844,124.94000244140625,61.96089172363281
2014-05-13,46.41404342651367,78.1174545288086,124.5999984741211,62.01502227783203
2014-05-14,46.304508209228516,78.34010314941406,125.80999755859375,62.06904220581055
2014-05-15,46.015010833740234,78.5052490234375,124.7699966430664,62.09992980957031
2014-05-16,46.194950103759766,78.4190673828125,124.5,62.07678985595703
2014-05-19,46.249732971191406,78.39035034179688,124.58000183105469,62.09992980957031
2014-05-20,45.89764404296875,78.4262466430664,124.69000244140625,62.138607025146484
2014-05-21,46.27321243286133,78.39753723144531,124.38999938964844,62.12310791015625
2014-05-22,46.39840316772461,78.36157989501953,124.66999816894531,62.107635498046875
2014-05-23,46.547054290771484,78.44058227539062,124.51000213623047,62.09992980957031
2014-05-27,46.78179168701172,78.51241302490234,121.8499984741211,62.12310791015625
2014-05-28,46.69572448730469,78.72784423828125,121.19999694824219,62.17720031738281
2014-05-29,46.953922271728516,78.68474578857422,120.94000244140625,62.16176986694336
2014-05-30,46.953922271728516,78.75657653808594,120.43000030517578,62.138607025146484
2014-06-02,47.032169342041016,78.51695251464844,119.69999694824219,62.085269927978516
2014-06-03,47.14170837402344,78.30836486816406,120.01000213623047,62.0388069152832
2014-06-04,47.047828674316406,78.279541015625,119.76000213623047,62.05430221557617
2014-06-05,47.35296630859375,78.38027954101562,120.66000366210938,62.077552795410156
2014-06-06,47.60334396362305,78.33715057373047,120.61000061035156,62.04658126831055
2014-06-09,47.634639739990234,78.26516723632812,120.6500015258789,62.0079460144043
2014-06-10,47.66594314575195,78.15006256103516,121.38999938964844,61.96923828125
2014-06-11,47.415565490722656,78.20761108398438,121.41000366210938,61.984745025634766
2014-06-12,47.24343490600586,78.35872650146484,122.63999938964844,62.02339553833008
2014-06-13,47.35296630859375,78.33715057373047,122.95999908447266,61.984745025634766
2014-06-16,47.33732604980469,78.2939224243164,122.41999816894531,61.96149826049805
2014-06-17,47.36862564086914,78.15006256103516,122.27999877929688,61.91514587402344
2014-06-18,47.75984573364258,78.35872650146484,122.66999816894531,61.96923828125
2014-06-19,47.86937713623047,78.24358367919922,126.94000244140625,61.992469787597656
2014-06-20,47.88502883911133,78.38027954101562,126.5,61.96923828125
2014-06-23,47.84590148925781,78.30836486816406,126.8499984741211,61.95380401611328
2014-06-24,47.517276763916016,78.44498443603516,126.9800033569336,61.992469787597656
2014-06-25,47.63311004638672,78.55291748046875,126.98999786376953,62.02339553833008
2014-06-26,47.68071746826172,78.70401000976562,126.7300033569336,62.06200408935547
2014-06-27,47.77591323852539,78.70401000976562,126.66000366210938,62.085269927978516
2014-06-30,47.807647705078125,78.71126556396484,128.0399932861328,62.116172790527344
2014-07-01,48.17259979248047,78.61465454101562,127.69999694824219,62.09288787841797
2014-07-02,48.26779556274414,78.3407974243164,127.69999694824219,62.030982971191406
2014-07-03,48.505802154541016,78.29029846191406,127.16000366210938,61.96910858154297
2014-07-07,48.283668518066406,78.31195831298828,127.0199966430664,61.976844787597656
2014-07-08,47.88698196411133,78.47052764892578,127.06999969482422,62.007816314697266
2014-07-09,48.0853271484375,78.53536987304688,127.83999633789062,62.05424880981445
2014-07-10,47.760047912597656,78.57139587402344,128.5399932861328,62.08518981933594
2014-07-11,47.78384780883789,78.67952728271484,128.77999877929688,62.1084098815918
2014-07-14,48.069461822509766,78.61465454101562,125.72000122070312,62.06972122192383
2014-07-15,47.966312408447266,78.51371765136719,124.52999877929688,62.03875732421875
2014-07-16,48.22019958496094,78.57864379882812,124.97000122070312,62.04652786254883
2014-07-17,47.60931396484375,78.80931854248047,127.08999633789062,62.1084098815918
2014-07-18,48.0853271484375,78.72279357910156,126.12999725341797,62.06972122192383
2014-07-21,47.966312408447266,78.75162506103516,126.33999633789062,62.03875732421875
2014-07-22,48.19638442993164,78.88131713867188,125.73999786376953,62.07746887207031
2014-07-23,48.30746078491211,78.89575958251953,125.62000274658203,62.06972122192383
2014-07-24,48.33126449584961,78.6506576538086,124.3499984741211,62.03875732421875
2014-07-25,48.12499237060547,78.80207061767578,125.79000091552734,62.04652786254883
2014-07-28,48.19638442993164,78.81647491455078,125.58000183105469,62.023319244384766
2014-07-29,47.9821891784668,78.89575958251953,125.19999694824219,62.030982971191406
2014-07-30,48.005985260009766,78.61465454101562,124.83000183105469,61.976844787597656
2014-07-31,47.117435455322266,78.51371765136719,123.38999938964844,61.96910858154297
2014-08-01,46.919090270996094,78.80982971191406,124.37999725341797,62.1101188659668
2014-08-04,47.25230026245117,78.79533386230469,123.98999786376953,62.14883804321289
2014-08-05,46.69694519042969,78.79533386230469,123.87000274658203,62.117862701416016
2014-08-06,46.65729522705078,78.80253601074219,125.66999816894531,62.16434097290039
2014-08-07,46.347869873046875,78.95428466796875,126.18000030517578,62.218589782714844
2014-08-08,46.80009078979492,78.98311614990234,126.19000244140625,62.19534683227539
2014-08-11,46.96669006347656,78.99028778076172,125.95999908447266,62.21083450317383
2014-08-12,46.95082473754883,78.95428466796875,125.98999786376953,62.179832458496094
2014-08-13,47.22057342529297,79.11309814453125,126.19999694824219,62.21083450317383
2014-08-14,47.44270324707031,79.15644073486328,126.30999755859375,62.257266998291016
2014-08-15,47.450645446777344,79.35135650634766,125.4800033569336,62.21083450317383
2014-08-18,47.791786193847656,79.18531799316406,124.95999908447266,62.203094482421875
2014-08-19,47.9821891784668,79.07699584960938,124.68000030517578,62.21083450317383
2014-08-20,47.998046875,78.99028778076172,124.22000122070312,62.141109466552734
2014-08-21,48.12499237060547,79.12754821777344,122.87999725341797,62.133323669433594
2014-08-22,47.9583854675293,79.11309814453125,123.19000244140625,62.141109466552734
2014-08-25,48.251922607421875,79.17807006835938,122.73999786376953,62.09462356567383
2014-08-26,48.30746078491211,79.18531799316406,123.3499984741211,62.141109466552734
2014-08-27,48.386802673339844,79.28636169433594,123.31999969482422,62.14883804321289
2014-08-28,48.24399185180664,79.44526672363281,124.0,62.14883804321289
2014-08-29,48.33126449584961,79.41637420654297,123.86000061035156,62.187564849853516
2014-09-02,48.29953384399414,79.17401885986328,121.6500015258789,62.127079010009766
2014-09-03,48.46613693237305,79.26081848144531,122.1500015258789,62.127079010009766
2014-09-04,48.30746078491211,79.15960693359375,121.4800033569336,62.134849548339844
2014-09-05,48.513736724853516,79.11614990234375,122.05999755859375,62.158119201660156
2014-09-08,48.17259979248047,79.03663635253906,120.7300033569336,62.127079010009766
2014-09-09,47.91872024536133,78.92811584472656,120.87000274658203,62.05727767944336
2014-09-10,48.069461822509766,78.81959533691406,120.26000213623047,61.99524688720703
2014-09-11,47.91872024536133,78.74002075195312,119.47000122070312,62.034000396728516
2014-09-12,47.68071746826172,78.58085632324219,118.37999725341797,61.99524688720703
2014-09-15,47.64103317260742,78.56641387939453,118.63999938964844,62.04178237915039
2014-09-16,47.9425163269043,78.56641387939453,118.83000183105469,62.06501388549805
2014-09-17,47.799713134765625,78.47960662841797,117.54000091552734,62.01850128173828
2014-09-18,48.1011962890625,78.4867935180664,117.77999877929688,62.003028869628906
2014-09-19,47.9583854675293,78.61705017089844,117.08999633789062,62.01076889038086
2014-09-22,47.56964874267578,78.72560119628906,116.8499984741211,62.04951477050781
2014-09-23,47.26816177368164,78.79793548583984,117.5999984741211,62.080570220947266
2014-09-24,47.56170654296875,78.74725341796875,117.05000305175781,62.072853088378906
2014-09-25,46.792144775390625,78.89918518066406,117.38999938964844,62.11157989501953
2014-09-26,47.117435455322266,78.89190673828125,117.05999755859375,62.080570220947266
2014-09-29,46.847686767578125,78.97874450683594,117.02999877929688,62.09611511230469
2014-09-30,46.72867965698242,78.92811584472656,116.20999908447266,62.09611511230469
2014-10-01,46.117801666259766,79.36940002441406,116.7699966430664,62.23501968383789
2014-10-02,45.93531799316406,79.23895263671875,116.73999786376953,62.21174621582031
2014-10-03,46.1971435546875,79.20270538330078,114.61000061035156,62.13411331176758
2014-10-06,46.43514633178711,79.27519226074219,116.02999877929688,62.21174621582031
2014-10-07,45.72905731201172,79.57952117919922,116.36000061035156,62.25831985473633
2014-10-08,46.48274612426758,79.80418395996094,117.47000122070312,62.398033142089844
2014-10-09,45.43551254272461,79.64478302001953,117.63999938964844,62.35922622680664
2014-10-10,44.74528884887695,79.7027359008789,117.58999633789062,62.390254974365234
2014-10-13,44.43587875366211,79.93462371826172,118.5199966430664,62.506717681884766
2014-10-14,44.499351501464844,80.11573028564453,118.58999633789062,62.506717681884766
2014-10-15,44.182010650634766,80.26069641113281,118.98999786376953,62.6464958190918
2014-10-16,44.05507278442383,80.19549560546875,119.22000122070312,62.61542892456055
2014-10-17,44.673892974853516,80.08678436279297,118.98999786376953,62.553306579589844
2014-10-20,44.99122619628906,80.18097686767578,119.80000305175781,62.56878662109375
2014-10-21,45.65765380859375,80.10850524902344,120.0199966430664,62.5455322265625
2014-10-22,45.3085823059082,80.0650405883789,119.33999633789062,62.5455322265625
2014-10-23,45.81632995605469,79.8766098022461,118.5199966430664,62.47568893432617
2014-10-24,46.07813262939453,79.90565490722656,118.3499984741211,62.43684387207031
2014-10-27,45.95119094848633,79.93462371826172,118.05999755859375,62.460182189941406
2014-10-28,46.53034591674805,79.8113784790039,118.0999984741211,62.429107666015625
2014-10-29,46.324066162109375,79.63753509521484,116.41000366210938,62.33594512939453
2014-10-30,46.67314910888672,79.76795196533203,115.19000244140625,62.33594512939453
2014-10-31,47.291961669921875,79.76795196533203,112.66000366210938,62.343711853027344
2014-11-03,47.0936279296875,79.61697387695312,112.1500015258789,62.300987243652344
2014-11-04,46.871490478515625,79.62420654296875,112.22000122070312,62.300987243652344
2014-11-05,47.06190490722656,79.65330505371094,109.79000091552734,62.2620964050293
2014-11-06,47.01429748535156,79.51531982421875,109.87999725341797,62.24654769897461
2014-11-07,47.1253547668457,79.78395080566406,112.97000122070312,62.332069396972656
2014-11-10,47.22850036621094,79.59517669677734,110.45999908447266,62.28545379638672
2014-11-11,47.387168884277344,79.63143920898438,112.04000091552734,62.269866943359375
2014-11-12,47.23643493652344,79.63875579833984,111.5,62.28545379638672
2014-11-13,47.307838439941406,79.6750717163086,111.66999816894531,62.30870819091797
2014-11-14,47.37130355834961,79.74762725830078,114.47000122070312,62.34762191772461
2014-11-17,47.29991149902344,79.65330505371094,114.05000305175781,62.3165168762207
2014-11-18,47.64896774291992,79.725830078125,115.05000305175781,62.33982467651367
2014-11-19,47.56964874267578,79.53711700439453,113.68000030517578,62.332069396972656
2014-11-20,47.537906646728516,79.68228912353516,114.86000061035156,62.35538864135742
2014-11-21,47.950439453125,79.77667236328125,115.38999938964844,62.3786735534668
2014-11-24,48.069461822509766,79.80570220947266,115.11000061035156,62.40201187133789
2014-11-25,48.04566192626953,79.97988891601562,115.37999725341797,62.42534637451172
2014-11-26,48.23606491088867,80.04523468017578,115.16000366210938,62.44863510131836
2014-11-28,47.9425163269043,80.29204559326172,112.11000061035156,62.51073455810547
2014-12-01,47.64103317260742,80.11154174804688,116.58000183105469,62.52790069580078
2014-12-02,47.847328186035156,79.95147705078125,115.13999938964844,62.411224365234375
2014-12-03,47.97425842285156,79.87873077392578,116.33000183105469,62.426734924316406
2014-12-04,47.863189697265625,80.11885833740234,115.87999725341797,62.450130462646484
2014-12-05,47.91078186035156,79.77680969238281,114.43000030517578,62.26340866088867
2014-12-08,47.46650695800781,79.97325897216797,115.77999877929688,62.29454040527344
2014-12-09,47.315765380859375,80.09699249267578,118.19000244140625,62.33342742919922
2014-12-10,46.601741790771484,80.23527526855469,117.95999908447266,62.387882232666016
2014-12-11,46.633480072021484,80.20613098144531,117.69000244140625,62.33342742919922
2014-12-12,45.84805679321289,80.46086883544922,117.41000366210938,62.4656982421875
2014-12-15,45.34823989868164,80.2425537109375,114.38999938964844,62.35673522949219
2014-12-16,45.213382720947266,80.4390640258789,114.94999694824219,62.44233703613281
2014-12-17,45.9799690246582,80.33714294433594,114.2699966430664,62.387882232666016
2014-12-18,46.98023223876953,80.1260986328125,115.1500015258789,62.27898406982422
2014-12-19,47.10826873779297,80.25713348388672,114.7699966430664,62.26340866088867
2014-12-22,47.38835525512695,80.38084411621094,112.55000305175781,62.26340866088867
2014-12-23,47.372344970703125,80.00967407226562,112.73999786376953,62.1644172668457
2014-12-24,47.460365295410156,80.09661102294922,112.7699966430664,62.17219543457031
2014-12-26,47.652400970458984,80.13308715820312,114.83000183105469,62.195587158203125
2014-12-29,47.54838180541992,80.3010025024414,113.66999816894531,62.28134536743164
2014-12-30,47.2363166809082,80.38864135742188,115.19999694824219,62.304725646972656
2014-12-31,46.81219482421875,80.41057586669922,113.58000183105469,62.33591079711914
2015-01-02,46.70016098022461,80.63697814941406,114.08000183105469,62.33591079711914
2015-01-05,45.77992630004883,80.8121566772461,115.80000305175781,62.39049530029297
2015-01-06,45.307804107666016,81.0166244506836,117.12000274658203,62.44511413574219
2015-01-07,45.899959564208984,81.00201416015625,116.43000030517578,62.4996452331543
2015-01-08,46.62014389038086,80.87791442871094,115.94000244140625,62.50745391845703
2015-01-09,46.332061767578125,81.07502746582031,117.26000213623047,62.56978988647461
2015-01-12,46.06800079345703,81.14076232910156,118.55999755859375,62.58543014526367
2015-01-13,46.100013732910156,81.16268157958984,118.16000366210938,62.647796630859375
2015-01-14,45.88394546508789,81.35980224609375,117.97000122070312,62.74919128417969
2015-01-15,45.77992630004883,81.73226165771484,120.94000244140625,62.8739013671875
2015-01-16,46.316062927246094,81.41827392578125,122.5199966430664,62.82713317871094
2015-01-20,46.42008590698242,81.55696868896484,124.19999694824219,62.76474380493164
2015-01-21,46.76418685913086,81.41092681884766,124.2300033569336,62.69461441040039
2015-01-22,47.30831527709961,81.36719512939453,125.2300033569336,62.678958892822266
2015-01-23,47.02024459838867,81.57160949707031,124.2300033569336,62.71794509887695
2015-01-26,47.34032440185547,81.53507995605469,122.98999786376953,62.69461441040039
2015-01-27,47.012237548828125,81.49125671386719,124.4000015258789,62.725791931152344
2015-01-28,46.38808822631836,81.83447265625,123.41999816894531,62.78813934326172
2015-01-29,46.82819366455078,81.768798828125,120.76000213623047,62.77252197265625
2015-01-30,46.196014404296875,82.06085205078125,123.44999694824219,62.928466796875
2015-02-02,46.79618453979492,82.05792236328125,122.41999816894531,62.876949310302734
2015-02-03,47.524383544921875,81.74342346191406,121.05000305175781,62.798946380615234
2015-02-04,47.24430847167969,81.86774444580078,121.58000183105469,62.830142974853516
2015-02-05,47.75643539428711,81.6995620727539,121.79000091552734,62.822357177734375
2015-02-06,47.3563346862793,81.22418212890625,118.63999938964844,62.580387115478516
2015-02-09,47.188289642333984,81.20950317382812,119.16999816894531,62.56474304199219
2015-02-10,47.58839797973633,81.12174224853516,118.47000122070312,62.51011657714844
2015-02-11,47.46836853027344,81.085205078125,117.06999969482422,62.51011657714844
2015-02-12,48.060508728027344,81.09983825683594,117.33999633789062,62.54916763305664
2015-02-13,48.36458969116211,81.00479125976562,117.9800033569336,62.52574157714844
2015-02-17,48.40460968017578,80.67566680908203,116.01000213623047,62.471099853515625
2015-02-18,48.50062942504883,80.90237426757812,116.33999633789062,62.56474304199219
2015-02-19,48.49262237548828,80.83655548095703,115.94000244140625,62.52574157714844
2015-02-20,48.820709228515625,80.85120391845703,115.27999877929688,62.52574157714844
2015-02-23,48.69268035888672,80.99747467041016,115.43000030517578,62.55696487426758
2015-02-24,48.916744232177734,81.35581970214844,115.26000213623047,62.68183135986328
2015-02-25,48.94074630737305,81.414306640625,115.69999694824219,62.67405319213867
2015-02-26,48.8607292175293,81.12174224853516,116.06999969482422,62.588165283203125
2015-02-27,48.74069595336914,81.3265380859375,116.16000366210938,62.627197265625
2015-03-02,48.93274688720703,80.91340637207031,115.68000030517578,62.56312561035156
2015-03-03,48.67667770385742,80.81082153320312,115.47000122070312,62.48503875732422
2015-03-04,48.45262145996094,80.85476684570312,115.11000061035156,62.51628875732422
2015-03-05,48.50062942504883,80.89144897460938,115.0,62.578800201416016
2015-03-06,47.84446334838867,80.36394500732422,111.86000061035156,62.43035125732422
2015-03-09,47.90847396850586,80.56912231445312,111.97000122070312,62.48503875732422
2015-03-10,47.03624725341797,80.75952911376953,111.41999816894531,62.53191375732422
2015-03-11,47.060264587402344,80.92070770263672,110.75,62.547523498535156
2015-03-12,47.612396240234375,80.98667907714844,110.72000122070312,62.61003875732422
2015-03-13,47.30831527709961,80.83284759521484,110.87999725341797,62.60220718383789
2015-03-16,47.87646484375,81.00861358642578,110.80999755859375,62.586612701416016
2015-03-17,47.828460693359375,80.99397277832031,110.20999908447266,62.570987701416016
2015-03-18,48.60466003417969,81.58736419677734,112.37000274658203,62.81315994262695
2015-03-19,48.18854904174805,81.3016586303711,112.29000091552734,62.69594192504883
2015-03-20,48.90872573852539,81.55071258544922,113.56999969482422,62.81315994262695
2015-03-23,48.956748962402344,81.56533813476562,114.29000091552734,62.820953369140625
2015-03-24,48.81270980834961,81.78517150878906,114.56999969482422,62.820953369140625
2015-03-25,48.30057907104492,81.63135528564453,114.7300033569336,62.79755401611328
2015-03-26,48.060508728027344,81.33829498291016,115.4800033569336,62.77410125732422
2015-03-27,48.10853576660156,81.45549774169922,115.05999755859375,62.820953369140625
2015-03-30,48.52465057373047,81.49214172363281,113.75,62.844398498535156
2015-03-31,48.028499603271484,81.63135528564453,113.66000366210938,62.90690231323242
2015-04-01,48.17254638671875,81.896240234375,115.5999984741211,62.946834564208984
2015-04-02,48.46063232421875,81.78620910644531,115.27999877929688,62.96247482299805
2015-04-06,48.8607292175293,81.83758544921875,116.69000244140625,63.064170837402344
2015-04-07,48.78069305419922,81.85225677490234,116.11000061035156,63.01719284057617
2015-04-08,49.09278106689453,81.8595962524414,115.47000122070312,62.97029113769531
2015-04-09,49.28484344482422,81.65409851074219,114.66999816894531,62.90766525268555
2015-04-10,49.50089645385742,81.65409851074219,115.97000122070312,62.90766525268555
2015-04-13,49.23682403564453,81.74214935302734,115.13999938964844,62.946834564208984
2015-04-14,49.42087173461914,81.83020782470703,114.44000244140625,62.96247482299805
2015-04-15,49.69293212890625,81.94026947021484,115.43000030517578,63.01719284057617
2015-04-16,49.76496124267578,81.896240234375,115.02999877929688,63.03285598754883
2015-04-17,49.1487922668457,81.96234893798828,115.5999984741211,63.025047302246094
2015-04-20,49.412872314453125,81.90362548828125,114.72000122070312,62.993736267089844
2015-04-21,49.55690383911133,81.81553649902344,115.37999725341797,62.993736267089844
2015-04-22,49.77296829223633,81.57332611083984,113.83000183105469,62.90766525268555
2015-04-23,49.9570198059082,81.69815063476562,114.66000366210938,62.96247482299805
2015-04-24,50.133060455322266,81.83758544921875,113.05000305175781,63.00156021118164
2015-04-27,50.11705017089844,81.86686706542969,115.33000183105469,62.985939025878906
2015-04-28,50.213077545166016,81.55130767822266,116.33000183105469,62.938987731933594
2015-04-29,49.925010681152344,81.36781311035156,115.51000213623047,62.92329025268555
2015-04-30,49.40486145019531,81.36781311035156,113.47000122070312,62.876373291015625
2015-05-01,49.85298538208008,81.1369400024414,113.08000183105469,62.81841278076172
2015-05-04,49.965003967285156,80.98247528076172,114.0999984741211,62.826236724853516
2015-05-05,49.33285140991211,80.90897369384766,114.41999816894531,62.841915130615234
2015-05-06,49.19681167602539,80.63691711425781,114.36000061035156,62.78713607788086
2015-05-07,49.20481491088867,80.83543395996094,113.41999816894531,62.826236724853516
2015-05-08,49.989017486572266,81.10017395019531,113.97000122070312,62.920257568359375
2015-05-11,49.69293212890625,80.58538818359375,113.52999877929688,62.826236724853516
2015-05-12,49.58891677856445,80.57807922363281,114.5,62.81841278076172
2015-05-13,49.716949462890625,80.57071685791016,116.55000305175781,62.857608795166016
2015-05-14,50.245086669921875,80.69571685791016,117.18000030517578,62.920257568359375
2015-05-15,50.34110641479492,81.03397369384766,117.52999877929688,62.9828987121582
2015-05-18,50.30109786987305,80.72509002685547,117.5199966430664,62.920257568359375
2015-05-19,50.213077545166016,80.44569396972656,115.88999938964844,62.81062316894531
2015-05-20,50.205074310302734,80.57071685791016,116.08000183105469,62.86545181274414
2015-05-21,50.40512466430664,80.82073211669922,115.69000244140625,62.89678192138672
2015-05-22,50.205074310302734,80.73246765136719,115.5999984741211,62.86545181274414
2015-05-26,49.52490234375,80.93104553222656,113.91000366210938,62.88898849487305
2015-05-27,49.88499450683594,81.01195526123047,113.88999938964844,62.90459060668945
2015-05-28,49.79697036743164,80.98247528076172,114.0199966430664,62.93590545654297
2015-05-29,49.40486145019531,81.01195526123047,114.0999984741211,62.95157241821289
2015-06-01,49.37285614013672,80.78795623779297,114.0,62.88726043701172
2015-06-02,49.452884674072266,80.47119140625,114.45999908447266,62.848087310791016
2015-06-03,49.62892532348633,80.15438842773438,113.63999938964844,62.77754211425781
2015-06-04,49.1487922668457,80.32384490966797,112.83999633789062,62.80891036987305
2015-06-05,48.85271453857422,79.97019958496094,112.23999786376953,62.69912338256836
2015-06-08,48.660667419433594,80.08808135986328,112.56999969482422,62.73048782348633
2015-06-09,48.54064178466797,79.85971069335938,112.81999969482422,62.69912338256836
2015-06-10,49.26082992553711,79.6607666015625,113.77999877929688,62.65995407104492
2015-06-11,49.40486145019531,80.08808135986328,113.26000213623047,62.72261047363281
2015-06-12,49.0607795715332,79.99231719970703,113.2300033569336,62.69912338256836
2015-06-15,48.80472183227539,80.08808135986328,113.7300033569336,62.72261047363281
2015-06-16,48.92473602294922,80.22066497802734,113.31999969482422,62.76183319091797
2015-06-17,48.956748962402344,80.22807312011719,113.8499984741211,62.801063537597656
2015-06-18,49.44487762451172,80.20598602294922,115.31999969482422,62.83240509033203
2015-06-19,49.1487922668457,80.45645141601562,115.12000274658203,62.8637580871582
2015-06-22,49.7409553527832,80.05860137939453,113.63999938964844,62.77754211425781
2015-06-23,49.85298538208008,79.87448120117188,112.88999938964844,62.76970672607422
2015-06-24,49.50089645385742,79.99964904785156,112.58999633789062,62.77754211425781
2015-06-25,49.35354995727539,79.91129302978516,112.44000244140625,62.746131896972656
2015-06-26,49.30497360229492,79.7197036743164,112.55999755859375,62.706974029541016
2015-06-29,48.05007553100586,80.19122314453125,113.06999969482422,62.87946701049805
2015-06-30,48.13104248046875,80.1396484375,112.37000274658203,62.871612548828125
2015-07-01,48.42250442504883,79.93737030029297,111.9800033569336,62.74994659423828
2015-07-02,48.45488357543945,80.04808807373047,111.76000213623047,62.85983657836914
2015-07-06,47.880069732666016,80.33606719970703,112.05999755859375,62.922630310058594
2015-07-07,47.92863464355469,80.44674682617188,110.76000213623047,62.93046188354492
2015-07-08,46.95711898803711,80.63865661621094,111.08999633789062,63.024662017822266
2015-07-09,47.34571838378906,80.3433609008789,111.36000061035156,62.969696044921875
2015-07-10,48.349639892578125,80.0038070678711,111.48999786376953,62.85983657836914
2015-07-13,48.722049713134766,79.88573455810547,110.98999786376953,62.79704666137695
2015-07-14,49.021610260009766,80.01860809326172,110.73999786376953,62.85983657836914
2015-07-15,48.892066955566406,80.23262786865234,110.16000366210938,62.906951904296875
2015-07-16,49.24830627441406,80.29907989501953,109.76000213623047,62.8912467956543
2015-07-17,49.21591567993164,80.30644989013672,108.6500015258789,62.85983657836914
2015-07-20,49.22401428222656,80.16625213623047,105.69999694824219,62.80482864379883
2015-07-21,49.102569580078125,80.29907989501953,105.37000274658203,62.820556640625
2015-07-22,48.83539962768555,80.33606719970703,104.80000305175781,62.79704666137695
2015-07-23,48.5925178527832,80.56482696533203,104.33000183105469,62.84416198730469
2015-07-24,48.07435989379883,80.55008697509766,105.3499984741211,62.87555694580078
2015-07-27,47.629085540771484,80.65343475341797,104.86000061035156,62.938316345214844
2015-07-28,48.195804595947266,80.57221221923828,105.0199966430664,62.922630310058594
2015-07-29,48.49536895751953,80.50578308105469,105.16999816894531,62.87555694580078
2015-07-30,48.462974548339844,80.51313781738281,104.2699966430664,62.8834114074707
2015-07-31,48.52774429321289,80.83059692382812,104.93000030517578,62.961830139160156
2015-08-03,48.37391662597656,80.91413879394531,104.0999984741211,63.02394104003906
2015-08-04,48.32535171508789,80.67744445800781,104.30999755859375,62.88248062133789
2015-08-05,48.52774429321289,80.529541015625,103.93000030517578,62.827484130859375
2015-08-06,48.20391082763672,80.62571716308594,104.38999938964844,62.8668098449707
2015-08-07,48.122947692871094,80.76624298095703,104.6500015258789,62.88248062133789
2015-08-10,48.75444030761719,80.6626968383789,105.72000122070312,62.87459945678711
2015-08-11,48.10675048828125,80.9289779663086,106.26000213623047,62.97677993774414
2015-08-12,47.936737060546875,80.87716674804688,107.75,62.97677993774414
2015-08-13,47.888160705566406,80.70706176757812,106.86000061035156,62.91394805908203
2015-08-14,48.001502990722656,80.6700668334961,106.8499984741211,62.851070404052734
2015-08-17,48.0176887512207,80.81060791015625,107.12999725341797,62.9217643737793
2015-08-18,47.79100036621094,80.6626968383789,107.11000061035156,62.89036560058594
2015-08-19,47.34571838378906,80.91413879394531,108.55000305175781,63.01609420776367
2015-08-20,46.30133819580078,81.03988647460938,110.44000244140625,63.00823211669922
2015-08-21,44.98168182373047,81.1803970336914,111.12999725341797,63.08679962158203
2015-08-24,43.281497955322266,81.1508560180664,110.52999877929688,63.09465408325195
2015-08-25,43.20054244995117,80.95853424072266,109.16000366210938,63.08679962158203
2015-08-26,44.665924072265625,80.58136749267578,107.66999816894531,63.01609420776367
2015-08-27,45.62126922607422,80.69229125976562,107.7300033569336,63.01609420776367
2015-08-28,45.58078384399414,80.61830139160156,108.69999694824219,62.9375114440918
2015-08-31,45.22455596923828,80.5591049194336,108.81999969482422,62.91394805908203
2015-09-01,43.74298095703125,80.79776763916016,109.19999694824219,63.014617919921875
2015-09-02,44.5120964050293,80.69400024414062,108.62000274658203,63.03030776977539
2015-09-03,44.601173400878906,80.8126220703125,107.83999633789062,63.03030776977539
2015-09-04,43.75917053222656,80.98307037353516,107.48999786376953,63.06966018676758
2015-09-08,44.91690444946289,80.79039764404297,107.5199966430664,63.014617919921875
2015-09-09,44.47971725463867,80.81999969482422,106.12999725341797,63.03030776977539
2015-09-10,44.77927017211914,80.7311019897461,106.37999725341797,63.014617919921875
2015-09-11,44.86833572387695,80.82744598388672,106.16000366210938,63.06966018676758
2015-09-14,44.64973831176758,80.84965515136719,106.22000122070312,63.046085357666016
2015-09-15,45.09502029418945,80.48651123046875,105.9000015258789,62.896602630615234
2015-09-16,45.72651290893555,80.41983795166016,107.30999755859375,62.93596267700195
2015-09-17,45.661739349365234,80.92376708984375,108.41000366210938,63.101112365722656
2015-09-18,44.73069381713867,80.99047088623047,109.20999908447266,63.18766784667969
2015-09-21,44.860225677490234,80.77549743652344,108.52999877929688,63.08542251586914
2015-09-22,44.06682586669922,80.96824645996094,107.79000091552734,63.14833450317383
2015-09-23,43.86441421508789,80.90153503417969,108.22000122070312,63.14833450317383
2015-09-24,43.71059036254883,81.00525665283203,110.48999786376953,63.140464782714844
2015-09-25,43.823944091796875,80.8645248413086,109.80999755859375,63.10902786254883
2015-09-28,42.78763961791992,81.05719757080078,108.41999816894531,63.15620803833008
2015-09-29,42.771453857421875,81.18317413330078,107.9800033569336,63.21123123168945
2015-09-30,43.67011642456055,81.21281433105469,106.86000061035156,63.234840393066406
2015-10-01,43.76727294921875,81.27594757080078,106.7300033569336,63.23252868652344
2015-10-02,44.520198822021484,81.52095794677734,108.98999786376953,63.38210678100586
2015-10-05,45.37028884887695,81.21649932861328,108.7699966430664,63.31123352050781
2015-10-06,45.32981491088867,81.4170150756836,109.86000061035156,63.327022552490234
2015-10-07,45.83176803588867,81.357666015625,109.69999694824219,63.28761291503906
2015-10-08,46.2365608215332,81.24628448486328,109.13999938964844,63.295494079589844
2015-10-09,46.31752014160156,81.17937469482422,110.87000274658203,63.27973556518555
2015-10-12,46.268943786621094,81.38731384277344,111.30999755859375,63.327022552490234
2015-10-13,45.79938507080078,81.39474487304688,111.86000061035156,63.350616455078125
2015-10-14,45.84796142578125,81.69917297363281,113.80999755859375,63.46084213256836
2015-10-15,46.60089111328125,81.58777618408203,113.29000091552734,63.397891998291016
2015-10-16,46.68185043334961,81.50608825683594,112.48999786376953,63.36639404296875
2015-10-19,46.54421615600586,81.58777618408203,112.0199966430664,63.397891998291016
2015-10-20,46.463253021240234,81.4244613647461,112.7300033569336,63.27973556518555
2015-10-21,46.2122688293457,81.61754608154297,111.7300033569336,63.327022552490234
2015-10-22,46.88424301147461,81.63231658935547,111.69000244140625,63.3742561340332
2015-10-23,47.37811279296875,81.49126434326172,111.5,63.31123352050781
2015-10-26,47.19189453125,81.52838134765625,111.43000030517578,63.303367614746094
2015-10-27,46.932823181152344,81.64720153808594,111.68000030517578,63.33488082885742
2015-10-28,47.35382080078125,81.40216064453125,110.77999877929688,63.24036407470703
2015-10-29,47.19999694824219,81.05318450927734,109.72000122070312,63.15375900268555
2015-10-30,47.01377868652344,81.26848602294922,109.30000305175781,63.18524932861328
2015-11-02,47.548126220703125,81.10855102539062,108.58999633789062,63.10485076904297
2015-11-03,47.693851470947266,80.95977020263672,106.9800033569336,63.09698486328125
2015-11-04,47.51573944091797,80.95977020263672,105.97000122070312,62.98662567138672
2015-11-05,47.4185791015625,80.92256927490234,105.63999938964844,63.010257720947266
2015-11-06,47.2647590637207,80.53569030761719,104.0999984741211,62.89202880859375
2015-11-09,46.75471496582031,80.48359680175781,104.4000015258789,62.8841438293457
2015-11-10,46.79518127441406,80.63240051269531,104.18000030517578,62.96292495727539
2015-11-11,46.7142219543457,80.52825164794922,103.83000183105469,62.947200775146484
2015-11-12,46.14750289916992,80.60266876220703,103.8499984741211,62.92350769042969
2015-11-13,45.66984176635742,80.7588882446289,103.55999755859375,63.002445220947266
2015-11-16,46.28514099121094,80.82584381103516,103.70999908447266,63.03390121459961
2015-11-17,46.30133819580078,80.88533782958984,102.33999633789062,63.03390121459961
2015-11-18,46.84376907348633,80.82584381103516,102.43000030517578,63.002445220947266
2015-11-19,46.9652099609375,80.8630142211914,103.55999755859375,63.002445220947266
2015-11-20,47.070457458496094,80.81099700927734,103.08999633789062,63.002445220947266
2015-11-23,46.88424301147461,80.83329010009766,102.26000213623047,62.994476318359375
2015-11-24,46.92473220825195,80.90766143798828,102.94000244140625,63.04180908203125
2015-11-25,46.9652099609375,80.94486236572266,102.45999908447266,63.02604293823242
2015-11-27,46.90044403076172,80.92256927490234,101.25,63.02604293823242
2015-11-30,46.76279830932617,80.95233154296875,101.91999816894531,63.002445220947266
2015-12-01,47.22428512573242,81.23600769042969,102.27999877929688,63.09470748901367
2015-12-02,46.746620178222656,81.13892364501953,100.69000244140625,63.03948211669922
2015-12-03,46.228458404541016,80.54170227050781,101.76000213623047,62.97635269165039
2015-12-04,46.89234924316406,80.80302429199219,104.0199966430664,62.97635269165039
2015-12-07,46.48754119873047,80.92247009277344,102.66999816894531,63.023685455322266
2015-12-08,46.02606201171875,80.95227813720703,102.83999633789062,62.99211120605469
2015-12-09,45.7831916809082,80.95227813720703,102.63999938964844,63.0000114440918
2015-12-10,45.750797271728516,80.93741607666016,102.55000305175781,62.968414306640625
2015-12-11,44.86833572387695,81.13892364501953,103.11000061035156,63.10265350341797
2015-12-14,45.03025436401367,80.75821685791016,101.79000091552734,62.99211120605469
2015-12-15,45.47554016113281,80.76570129394531,101.5199966430664,62.8974494934082
2015-12-16,46.268943786621094,80.62385559082031,102.75,62.81057357788086
2015-12-17,45.62936019897461,80.73580169677734,100.5,62.82638168334961
2015-12-18,44.98168182373047,80.90751647949219,102.04000091552734,62.90528869628906
2015-12-21,45.33164596557617,80.83287811279297,103.1500015258789,62.928951263427734
2015-12-22,45.68406295776367,80.77314758300781,102.61000061035156,62.92112731933594
2015-12-23,46.33974075317383,80.75821685791016,102.30999755859375,62.88475036621094
2015-12-24,46.282371520996094,80.79713439941406,103.05000305175781,62.932167053222656
2015-12-28,46.14304733276367,80.79713439941406,102.2699966430664,62.92422103881836
2015-12-29,46.573604583740234,80.59512329101562,102.19999694824219,62.853092193603516
2015-12-30,46.23735046386719,80.58020782470703,101.41999816894531,62.86895751953125
2015-12-31,45.7780876159668,80.79713439941406,101.45999908447266,62.908424377441406
2016-01-04,44.9661865234375,80.76721954345703,102.88999938964844,62.932167053222656
2016-01-05,45.0072021484375,80.8045883178711,103.18000030517578,62.92422103881836
2016-01-06,44.326515197753906,81.11128997802734,104.66999816894531,62.995426177978516
2016-01-07,43.293182373046875,81.10383605957031,106.1500015258789,63.09031295776367
2016-01-08,42.79291915893555,81.28335571289062,105.68000030517578,63.16144943237305
2016-01-11,42.84212875366211,81.05144500732422,104.73999786376953,63.15351104736328
2016-01-12,43.12096405029297,81.23102569580078,104.20999908447266,63.16144943237305
2016-01-13,42.24346160888672,81.41798400878906,104.72000122070312,63.232574462890625
2016-01-14,42.858524322509766,81.3880615234375,103.0199966430664,63.20885467529297
2016-01-15,41.6447868347168,81.4853286743164,104.08000183105469,63.28002166748047
2016-01-19,41.89081573486328,81.40306091308594,103.9800033569336,63.232574462890625
2016-01-20,41.218326568603516,81.4703598022461,105.37000274658203,63.3037223815918
2016-01-21,41.44795227050781,81.35813903808594,105.48999786376953,63.31958770751953
2016-01-22,42.49767303466797,81.41798400878906,105.0,63.21675491333008
2016-01-25,41.86620330810547,81.37313079833984,106.08000183105469,63.20885467529297
2016-01-26,42.56329345703125,81.47785949707031,107.29000091552734,63.28002166748047
2016-01-27,42.21065139770508,81.4928207397461,107.69000244140625,63.28789520263672
2016-01-28,42.44028091430664,81.56011962890625,106.54000091552734,63.33539581298828
2016-01-29,43.3505859375,81.7995376586914,106.94999694824219,63.406494140625
2016-02-01,43.26858139038086,81.70057678222656,108.05000305175781,63.35428237915039
2016-02-02,42.350067138671875,81.94794464111328,108.08999633789062,63.49677276611328
2016-02-03,42.67810821533203,81.9404525756836,109.25,63.53634262084961
2016-02-04,42.80112838745117,82.02287292480469,110.56999969482422,63.57588195800781
2016-02-05,42.087623596191406,81.94794464111328,112.31999969482422,63.54426193237305
2016-02-08,41.39875030517578,82.26277160644531,113.83000183105469,63.6392707824707
2016-02-09,41.16911697387695,82.25533294677734,113.58000183105469,63.6392707824707
2016-02-10,41.16091537475586,82.45762634277344,114.45999908447266,63.67877197265625
2016-02-11,40.6114501953125,82.5101547241211,119.05999755859375,63.69466781616211
2016-02-12,41.3249397277832,82.28522491455078,118.36000061035156,63.583839416503906
2016-02-16,42.153236389160156,82.08287048339844,114.7699966430664,63.560123443603516
2016-02-17,42.91592788696289,82.03787994384766,115.4800033569336,63.528411865234375
2016-02-18,42.735511779785156,82.28522491455078,118.29000091552734,63.6075439453125
2016-02-19,42.66170883178711,82.30025482177734,117.58000183105469,63.552154541015625
2016-02-22,43.26038360595703,82.3227310180664,115.48999786376953,63.560123443603516
2016-02-23,42.62070083618164,82.33773040771484,117.22000122070312,63.59962463378906
2016-02-24,42.68630599975586,82.36772155761719,117.61000061035156,63.59962463378906
2016-02-25,43.145572662353516,82.57757568359375,117.91999816894531,63.670875549316406
2016-02-26,43.0389518737793,82.42766571044922,117.11000061035156,63.56800842285156
2016-02-29,42.809322357177734,82.5251235961914,118.63999938964844,63.6075439453125
2016-03-01,43.85905838012695,82.27801513671875,117.7699966430664,63.495853424072266
2016-03-02,44.13789367675781,82.18783569335938,118.68000030517578,63.480037689208984
2016-03-03,44.4659309387207,82.28553771972656,120.7300033569336,63.519630432128906
2016-03-04,44.74476623535156,82.15782165527344,120.54000091552734,63.47211837768555
2016-03-07,44.77756881713867,82.13531494140625,121.13999938964844,63.424537658691406
2016-03-08,44.29371643066406,82.33811950683594,120.58000183105469,63.4879264831543
2016-03-09,44.53153610229492,82.30058288574219,119.58000183105469,63.45622253417969
2016-03-10,44.50693130493164,82.33811950683594,121.5,63.39277648925781
2016-03-11,45.400848388671875,82.18783569335938,119.41000366210938,63.3769416809082
2016-03-14,45.30244064331055,82.23295593261719,117.87000274658203,63.4007568359375
2016-03-15,45.0072021484375,82.15782165527344,117.95999908447266,63.43241500854492
2016-03-16,45.43365478515625,82.51083374023438,120.58999633789062,63.598812103271484
2016-03-17,45.83549880981445,82.68364715576172,120.12999725341797,63.67805480957031
2016-03-18,45.92570495605469,82.751220703125,119.80000305175781,63.69395065307617
2016-03-21,45.92570495605469,82.5709457397461,118.95999908447266,63.622596740722656
2016-03-22,45.868309020996094,82.51835632324219,119.30999755859375,63.55925369262695
2016-03-23,45.39263916015625,82.69866180419922,116.61000061035156,63.5671501159668
2016-03-24,45.29423522949219,82.70613098144531,116.33000183105469,63.5671501159668
2016-03-28,45.43365478515625,82.7662353515625,116.5999984741211,63.606781005859375
2016-03-29,45.90931701660156,83.01412200927734,118.76000213623047,63.789039611816406
2016-03-30,46.196346282958984,82.98406982421875,117.0999984741211,63.8127555847168
2016-03-31,45.974918365478516,83.24695587158203,117.63999938964844,63.89202880859375
2016-04-01,45.942115783691406,83.17322540283203,116.93000030517578,63.865074157714844
2016-04-04,45.7780876159668,83.2560043334961,116.1500015258789,63.87300109863281
2016-04-05,45.12200927734375,83.368896484375,117.66000366210938,63.99197006225586
2016-04-06,45.66328048706055,83.35380554199219,116.94000244140625,63.94438552856445
2016-04-07,45.08100891113281,83.53449249267578,118.61000061035156,64.03168487548828
2016-04-08,45.556663513183594,83.45169830322266,118.43000030517578,64.02373504638672
2016-04-11,45.54025650024414,83.51189422607422,120.02999877929688,63.99197006225586
2016-04-12,46.11433410644531,83.37638854980469,120.05000305175781,63.92058563232422
2016-04-13,46.672000885009766,83.4140396118164,118.7699966430664,63.888877868652344
2016-04-14,46.737613677978516,83.27108001708984,117.11000061035156,63.87300109863281
2016-04-15,46.66379928588867,83.50436401367188,117.91999816894531,63.95233154296875
2016-04-18,47.00004577636719,83.49686431884766,117.73999786376953,63.93644714355469
2016-04-19,47.44289779663086,83.4892807006836,119.58000183105469,63.91263961791992
2016-04-20,47.401893615722656,83.28608703613281,118.97000122070312,63.817474365234375
2016-04-21,47.17227554321289,83.17322540283203,119.41999816894531,63.82535934448242
2016-04-22,47.1640625,83.18073272705078,117.88999938964844,63.83332443237305
2016-04-25,46.991844177246094,83.0904312133789,118.2300033569336,63.82535934448242
2016-04-26,47.1558723449707,83.05274200439453,118.69999694824219,63.738094329833984
2016-04-27,47.22966384887695,83.3011474609375,119.04000091552734,63.84919357299805
2016-04-28,46.795021057128906,83.46673583984375,121.29000091552734,63.888877868652344
2016-04-29,46.59000015258789,83.45915222167969,123.6500015258789,63.95233154296875
2016-05-02,46.87702560424805,83.40267181396484,123.23999786376953,63.91578674316406
2016-05-03,46.20454406738281,83.55352020263672,122.95999908447266,64.00315856933594
2016-05-04,45.76988983154297,83.59115600585938,122.20999908447266,64.05085754394531
2016-05-05,45.7780876159668,83.80224609375,122.06999969482422,64.06668090820312
2016-05-06,45.90931701660156,83.67412567138672,123.18000030517578,64.04289245605469
2016-05-09,45.802696228027344,83.72687530517578,120.6500015258789,64.1064453125
2016-05-10,46.458770751953125,83.76461029052734,120.9800033569336,64.09053039550781
2016-05-11,46.12253189086914,83.76461029052734,122.12000274658203,64.1064453125
2016-05-12,46.11433410644531,83.68920135498047,121.16000366210938,64.02699279785156
2016-05-13,45.59767150878906,83.84750366210938,121.70999908447266,64.05085754394531
2016-05-16,46.147132873535156,83.70426940917969,121.80000305175781,64.00315856933594
2016-05-17,45.794490814208984,83.59115600585938,122.22000122070312,63.92375564575195
2016-05-18,45.737091064453125,83.24432373046875,120.0999984741211,63.80461502075195
2016-05-19,45.523860931396484,83.29707336425781,119.87000274658203,63.828433990478516
2016-05-20,45.83549880981445,83.3498764038086,119.70999908447266,63.80461502075195
2016-05-23,45.7288818359375,83.33480834960938,119.37000274658203,63.820472717285156
2016-05-24,46.33576965332031,83.28955078125,117.30000305175781,63.78077697753906
2016-05-25,46.72121047973633,83.30461883544922,116.9800033569336,63.812503814697266
2016-05-26,46.811424255371094,83.4328384399414,116.58000183105469,63.84431076049805
2016-05-27,46.860633850097656,83.41773986816406,115.62000274658203,63.80461502075195
2016-05-31,46.74580764770508,83.47049713134766,116.05999755859375,63.820472717285156
2016-06-01,46.811424255371094,83.4236831665039,115.94000244140625,63.84275436401367
2016-06-02,46.893436431884766,83.63520050048828,115.66999816894531,63.85872268676758
2016-06-03,47.02463912963867,84.08849334716797,118.87999725341797,64.0654067993164
2016-06-06,47.31167984008789,83.9751968383789,118.91999816894531,64.0654067993164
2016-06-07,47.50031280517578,84.05074310302734,118.81999969482422,64.1131362915039
2016-06-08,47.68073272705078,84.08097076416016,120.58000183105469,64.12106323242188
2016-06-09,47.33627700805664,84.14142608642578,121.25,64.15290069580078
2016-06-10,46.50798034667969,84.25474548339844,121.73999786376953,64.22450256347656
2016-06-13,46.01592254638672,84.32270812988281,122.63999938964844,64.26422882080078
2016-06-14,45.704288482666016,84.28494262695312,122.7699966430664,64.21652221679688
2016-06-15,45.84370803833008,84.46630096435547,123.68000030517578,64.31993103027344
2016-06-16,45.87650680541992,84.51918029785156,122.37999725341797,64.34378051757812
2016-06-17,45.9995231628418,84.45872497558594,123.94999694824219,64.26422882080078
2016-06-20,46.647403717041016,84.22453308105469,123.20999908447266,64.20857238769531
2016-06-21,46.868831634521484,84.16409301757812,120.83999633789062,64.19269561767578
2016-06-22,46.82230758666992,84.21695709228516,120.9000015258789,64.18470764160156
2016-06-23,47.68644714355469,84.07340240478516,120.11000061035156,64.1131362915039
2016-06-24,45.11890411376953,84.5267105102539,126.0,64.327880859375
2016-06-27,44.27968215942383,84.86670684814453,126.68000030517578,64.4312744140625
2016-06-28,45.24354934692383,84.9725112915039,125.31999969482422,64.46305084228516
2016-06-29,46.09939193725586,84.91202545166016,125.83999633789062,64.39944458007812
2016-06-30,46.722591400146484,85.08583068847656,126.47000122070312,64.46305084228516
2016-07-01,46.82230758666992,85.26901245117188,128.41000366210938,64.52676391601562
2016-07-05,46.24065017700195,85.49605560302734,129.47000122070312,64.56656646728516
2016-07-06,46.31543731689453,85.65504455566406,130.22999572753906,64.54264831542969
2016-07-07,46.20741271972656,85.5944595336914,129.74000549316406,64.55062103271484
2016-07-08,46.9136962890625,85.72315216064453,130.52000427246094,64.56656646728516
2016-07-11,47.32085037231445,85.49605560302734,129.2899932861328,64.53472900390625
2016-07-12,47.77785110473633,85.23867797851562,127.1500015258789,64.3834228515625
2016-07-13,47.761234283447266,85.35980224609375,128.32000732421875,64.43123626708984
2016-07-14,48.052066802978516,85.28410339355469,127.33000183105469,64.41526794433594
2016-07-15,47.952335357666016,84.97376251220703,126.83999633789062,64.36752319335938
2016-07-18,48.10191345214844,84.98890686035156,127.04000091552734,64.35951232910156
2016-07-19,47.877567291259766,85.16300201416016,127.20999908447266,64.4232177734375
2016-07-20,48.15176773071289,85.08733367919922,125.38999938964844,64.3834228515625
2016-07-21,48.010501861572266,85.16300201416016,127.30000305175781,64.44713592529297
2016-07-22,48.160072326660156,85.1781234741211,126.3499984741211,64.41526794433594
2016-07-25,48.03544616699219,85.07975769042969,125.47000122070312,64.35951232910156
2016-07-26,48.11852264404297,85.07975769042969,126.0,64.37547302246094
2016-07-27,48.18500518798828,85.32955169677734,128.02999877929688,64.47097778320312
2016-07-28,48.20993423461914,85.32196044921875,127.66000366210938,64.4789810180664
2016-07-29,48.48413848876953,85.54903411865234,128.97999572753906,64.57452392578125
2016-08-01,48.32626724243164,85.34957885742188,129.22000122070312,64.52748107910156
2016-08-02,48.02713394165039,85.09935760498047,130.27000427246094,64.48762512207031
2016-08-03,48.07698440551758,85.19039154052734,129.64999389648438,64.43977355957031
2016-08-04,48.2514762878418,85.34957885742188,129.8699951171875,64.53543090820312
2016-08-05,48.55891036987305,85.06147003173828,127.55000305175781,64.43180847167969
2016-08-08,48.633697509765625,85.11448669433594,127.44000244140625,64.42384338378906
2016-08-09,48.90789794921875,85.3344497680664,127.95999908447266,64.47964477539062
2016-08-10,48.88297653198242,85.4330062866211,128.55999755859375,64.51950073242188
2016-08-11,49.207035064697266,85.20545196533203,127.66999816894531,64.42384338378906
2016-08-12,49.123939514160156,85.41024780273438,127.4000015258789,64.5035629272461
2016-08-15,49.33167266845703,85.25860595703125,127.83999633789062,64.43977355957031
2016-08-16,49.123939514160156,85.20545196533203,128.47000122070312,64.40788269042969
2016-08-17,49.17380142211914,85.36474609375,128.5,64.44775390625
2016-08-18,49.348289489746094,85.48612213134766,129.11000061035156,64.47964477539062
2016-08-19,49.16548156738281,85.29650115966797,127.97000122070312,64.42384338378906
2016-08-22,49.107322692871094,85.42543029785156,127.77999877929688,64.43977355957031
2016-08-23,49.207035064697266,85.44818115234375,127.76000213623047,64.42384338378906
2016-08-24,49.024234771728516,85.4178695678711,126.33999633789062,64.41586303710938
2016-08-25,48.91621398925781,85.32681274414062,126.2300033569336,64.41586303710938
2016-08-26,48.71678924560547,85.19039154052734,126.05000305175781,64.33616638183594
2016-08-29,48.932830810546875,85.42543029785156,126.30000305175781,64.39192199707031
2016-08-30,48.84142303466797,85.37992858886719,125.02999877929688,64.40788269042969
2016-08-31,48.65032196044922,85.36474609375,124.77999877929688,64.39990997314453
2016-09-01,48.824806213378906,85.43920135498047,125.29000091552734,64.4326400756836
2016-09-02,49.207035064697266,85.32524871826172,126.56999969482422,64.4326400756836
2016-09-06,49.547706604003906,85.50757598876953,128.7100067138672,64.53639221191406
2016-09-07,49.53940200805664,85.55316925048828,128.27000427246094,64.52044677734375
2016-09-08,49.40645980834961,85.25688934326172,127.58999633789062,64.41670989990234
2016-09-09,48.25978088378906,84.88465881347656,126.75,64.39273834228516
2016-09-12,48.79988479614258,84.9529800415039,126.58999633789062,64.41670989990234
2016-09-13,47.935733795166016,84.71751403808594,125.75,64.3448486328125
2016-09-14,47.89418029785156,84.8238525390625,126.18000030517578,64.44060516357422
2016-09-15,48.40105056762695,84.8770523071289,125.37000274658203,64.44859313964844
2016-09-16,48.052066802978516,84.93779754638672,125.05999755859375,64.4326400756836
2016-09-19,48.176692962646484,84.86941528320312,125.31999969482422,64.4246826171875
2016-09-20,48.3511962890625,84.8998031616211,125.44000244140625,64.44060516357422
2016-09-21,49.115638732910156,85.11256408691406,127.2699966430664,64.45660400390625
2016-09-22,49.472930908203125,85.28727722167969,127.56999969482422,64.45660400390625
2016-09-23,49.13225173950195,85.2645034790039,127.6500015258789,64.5124740600586
2016-09-26,48.69186019897461,85.370849609375,127.55000305175781,64.55238342285156
2016-09-27,48.966068267822266,85.47724914550781,126.62000274658203,64.52044677734375
2016-09-28,49.28181838989258,85.50001525878906,126.22000122070312,64.50450134277344
2016-09-29,48.76664733886719,85.50001525878906,126.06999969482422,64.52044677734375
2016-09-30,49.107322692871094,85.4088363647461,125.63999938964844,64.52044677734375
2016-10-03,49.00761413574219,85.31218719482422,125.31999969482422,64.43816375732422
2016-10-04,48.808197021484375,85.02293395996094,120.97000122070312,64.4061508178711
2016-10-05,49.09902572631836,84.90876007080078,120.77999877929688,64.38215637207031
2016-10-06,49.024234771728516,84.90876007080078,119.66000366210938,64.3262710571289
2016-10-07,48.824806213378906,84.92403411865234,119.73999786376953,64.37416076660156
2016-10-10,49.05746078491211,84.88594055175781,120.16000366210938,64.3342514038086
2016-10-11,48.37611770629883,84.75659942626953,119.55000305175781,64.31027221679688
2016-10-12,48.37611770629883,84.7870101928711,119.73999786376953,64.3262710571289
2016-10-13,48.16837692260742,84.90876007080078,120.02999877929688,64.36627197265625
2016-10-14,48.20162582397461,84.76419830322266,119.36000061035156,64.31828308105469
2016-10-17,48.06036376953125,84.90876007080078,119.68000030517578,64.41417694091797
2016-10-18,48.48413848876953,85.0457763671875,120.41999816894531,64.4301528930664
2016-10-19,48.65032196044922,85.09146118164062,121.11000061035156,64.4301528930664
2016-10-20,48.575538635253906,85.06102752685547,120.73999786376953,64.41417694091797
2016-10-21,48.55891036987305,85.11427307128906,120.83000183105469,64.41417694091797
2016-10-24,48.70848083496094,84.98493194580078,120.55999755859375,64.39814758300781
2016-10-25,48.633697509765625,84.98493194580078,121.47000122070312,64.36627197265625
2016-10-26,48.40935134887695,84.81742858886719,120.79000091552734,64.37416076660156
2016-10-27,48.309635162353516,84.60437774658203,121.01000213623047,64.31027221679688
2016-10-28,48.15176773071289,84.60437774658203,121.58000183105469,64.34223175048828
2016-10-31,48.16837692260742,84.71089172363281,121.94000244140625,64.35022735595703
2016-11-01,47.869258880615234,84.66515350341797,122.7300033569336,64.36626434326172
2016-11-02,47.52027130126953,84.76432037353516,123.63999938964844,64.39823150634766
2016-11-03,47.3873176574707,84.64989471435547,124.30000305175781,64.47028350830078
2016-11-04,47.14635467529297,84.82527923583984,124.38999938964844,64.5102767944336
2016-11-07,48.11022186279297,84.72616577148438,122.1500015258789,64.4462661743164
2016-11-08,48.37611770629883,84.58889770507812,121.63999938964844,64.36626434326172
2016-11-09,48.52568054199219,83.803466796875,121.55999755859375,64.1582260131836
2016-11-10,48.39273452758789,83.46031951904297,119.75,64.086181640625
2016-11-11,48.1268424987793,83.30780792236328,117.0999984741211,64.09417724609375
2016-11-14,47.993900299072266,82.97232818603516,116.11000061035156,63.95015335083008
2016-11-15,48.40935134887695,83.0333023071289,117.12000274658203,63.942161560058594
2016-11-16,48.20993423461914,83.21631622314453,116.7699966430664,63.926116943359375
2016-11-17,48.442596435546875,82.9036865234375,116.16999816894531,63.8381462097168
2016-11-18,48.20993423461914,82.6368408203125,115.1500015258789,63.76609802246094
2016-11-21,48.5838508605957,82.70538330078125,115.58000183105469,63.782108306884766
2016-11-22,48.783267974853516,82.78169250488281,115.54000091552734,63.79808044433594
2016-11-23,48.66693115234375,82.49188995361328,113.25,63.710079193115234
2016-11-25,48.849735260009766,82.48426055908203,112.61000061035156,63.71807098388672
2016-11-28,48.66693115234375,82.7740478515625,113.80000305175781,63.75811004638672
2016-11-29,48.79157638549805,82.8655776977539,113.2699966430664,63.77412414550781
2016-11-30,48.66693115234375,82.53764343261719,111.75,63.70207977294922
2016-12-01,48.43428039550781,82.26565551757812,111.54000091552734,63.64439392089844
2016-12-02,48.51737594604492,82.52545928955078,112.13999938964844,63.71651840209961
2016-12-05,48.849735260009766,82.59416198730469,111.54000091552734,63.70848083496094
2016-12-06,49.115638732910156,82.57889556884766,111.43000030517578,63.7565803527832
2016-12-07,49.78867721557617,82.79287719726562,111.83000183105469,63.82066345214844
2016-12-08,49.88008117675781,82.64002227783203,111.56999969482422,63.77262496948242
2016-12-09,50.112735748291016,82.38788604736328,110.4000015258789,63.74858093261719
2016-12-12,49.95486068725586,82.31150817871094,110.81999969482422,63.74858093261719
2016-12-13,50.35369873046875,82.41847229003906,110.44999694824219,63.700504302978516
2016-12-14,49.74713134765625,81.96773529052734,108.83000183105469,63.508182525634766
2016-12-15,49.8219108581543,81.868408203125,107.33999633789062,63.46812438964844
2016-12-16,49.72220993041992,81.9218978881836,108.05000305175781,63.48417663574219
2016-12-19,49.780372619628906,82.1358642578125,108.58999633789062,63.5562858581543
2016-12-20,49.95486068725586,82.05943298339844,107.79000091552734,63.56431579589844
2016-12-21,49.83158493041992,82.23511505126953,107.8499984741211,63.58828353881836
2016-12-22,49.74771499633789,82.2343521118164,107.58999633789062,63.56181716918945
2016-12-23,49.78126525878906,82.25733947753906,107.93000030517578,63.585914611816406
2016-12-27,49.84834289550781,82.19603729248047,108.55999755859375,63.569854736328125
2016-12-28,49.60515213012695,82.32630920410156,108.86000061035156,63.618019104003906
2016-12-29,49.69739532470703,82.57891845703125,110.29000091552734,63.738338470458984
2016-12-30,49.621925354003906,82.74739074707031,109.61000061035156,63.7463493347168
2017-01-03,50.00769805908203,82.83163452148438,110.47000122070312,63.75440979003906
2017-01-04,50.435401916503906,82.85460662841797,110.86000061035156,63.75440979003906
2017-01-05,50.62827682495117,83.1991958618164,112.58000183105469,63.850704193115234
2017-01-06,50.63667678833008,82.92353820800781,111.75,63.77849578857422
2017-01-09,50.519264221191406,83.06135559082031,112.66999816894531,63.850704193115234
2017-01-10,50.519264221191406,83.03842163085938,113.1500015258789,63.82665252685547
2017-01-11,50.7960090637207,83.1379623413086,113.5,63.85873794555664
2017-01-12,50.770851135253906,83.1685562133789,113.91000366210938,63.89081954956055
2017-01-13,50.90502166748047,83.02307891845703,114.20999908447266,63.866756439208984
2017-01-17,50.74568557739258,83.3064193725586,115.8499984741211,63.97102737426758
2017-01-18,50.661827087402344,82.94649505615234,114.87000274658203,63.83464431762695
2017-01-19,50.519264221191406,82.73207092285156,114.7699966430664,63.77849578857422
2017-01-20,50.728919982910156,82.76273345947266,115.05000305175781,63.850704193115234
2017-01-23,50.7373046875,82.9924545288086,115.79000091552734,63.95500564575195
2017-01-24,51.01406478881836,82.86227416992188,115.2699966430664,63.90684127807617
2017-01-25,51.51723861694336,82.64017486572266,114.31999969482422,63.82665252685547
2017-01-26,51.41659927368164,82.6938247680664,113.26000213623047,63.85873794555664
2017-01-27,51.31596374511719,82.76273345947266,113.48999786376953,63.882808685302734
2017-01-30,50.988895416259766,82.72445678710938,113.97000122070312,63.89081954956055
2017-01-31,51.06437683105469,82.92353820800781,115.55000305175781,63.930931091308594
2017-02-01,51.08953094482422,82.8068618774414,115.19999694824219,63.90523910522461
2017-02-02,51.15662384033203,82.85293579101562,115.83999633789062,63.93737030029297
2017-02-03,51.45014953613281,82.87592315673828,116.12999725341797,63.91324996948242
2017-02-06,51.25726318359375,83.11383819580078,117.69999694824219,64.02570343017578
2017-02-07,51.215328216552734,83.19821166992188,117.45999908447266,64.04177856445312
2017-02-08,51.34950637817383,83.4360580444336,118.19000244140625,64.1140365600586
2017-02-09,51.55916213989258,83.23661041259766,117.29000091552734,64.04177856445312
2017-02-10,51.768821716308594,83.22122955322266,117.5999984741211,64.0016098022461
2017-02-13,52.01202392578125,83.09850311279297,116.80000305175781,63.97750473022461
2017-02-14,52.12104797363281,82.91433715820312,116.93000030517578,63.921295166015625
2017-02-15,52.37263870239258,82.78392028808594,117.44999694824219,63.87309265136719
2017-02-16,52.38103103637695,82.96036529541016,118.08000183105469,63.953407287597656
2017-02-17,52.347476959228516,83.14448547363281,117.68000030517578,64.01770782470703
2017-02-21,52.57390594482422,83.13684844970703,117.75,64.01770782470703
2017-02-22,52.59068298339844,83.19053649902344,117.91000366210938,64.0578384399414
2017-02-23,52.615848541259766,83.32868194580078,118.94000244140625,64.0979995727539
2017-02-24,52.481666564941406,83.63557434082031,119.69999694824219,64.20248413085938
2017-02-27,52.52359390258789,83.48213958740234,119.12000274658203,64.10607147216797
2017-02-28,52.347476959228516,83.45911407470703,119.2300033569336,64.0497817993164
2017-03-01,52.99322509765625,83.06697845458984,119.05999755859375,63.93319320678711
2017-03-02,52.65776824951172,82.91316986083984,117.58000183105469,63.88493347167969
2017-03-03,52.783573150634766,82.97468566894531,117.51000213623047,63.92516326904297
2017-03-06,52.63261413574219,82.93632507324219,116.72000122070312,63.9171028137207
2017-03-07,52.50682067871094,82.82864379882812,115.77999877929688,63.87689971923828
2017-03-08,52.330711364746094,82.62873840332031,115.05999755859375,63.820594787597656
2017-03-09,52.36425018310547,82.37500762939453,114.47000122070312,63.7723388671875
2017-03-10,52.649391174316406,82.49806213378906,114.72000122070312,63.812564849853516
2017-03-13,52.85066223144531,82.35963439941406,114.73999786376953,63.780372619628906
2017-03-14,52.54874801635742,82.39036560058594,114.12000274658203,63.756221771240234
2017-03-15,53.17772674560547,82.86708068847656,116.25,63.93319320678711
2017-03-16,53.2867546081543,82.77484893798828,116.7300033569336,63.89295959472656
2017-03-17,53.26158905029297,82.95166015625,116.98999786376953,63.941253662109375
2017-03-20,53.269981384277344,83.07466125488281,117.51000213623047,63.98146438598633
2017-03-21,52.75841522216797,83.24382781982422,118.54000091552734,64.0618667602539
2017-03-22,52.859046936035156,83.35916900634766,118.83000183105469,64.08602142333984
2017-03-23,52.88420486450195,83.38224029541016,118.66999816894531,64.06990814208984
2017-03-24,52.90098190307617,83.3130111694336,118.86000061035156,64.04579162597656
2017-03-27,52.94291687011719,83.51292419433594,119.52999877929688,64.09407043457031
2017-03-28,53.17772674560547,83.32071685791016,119.04000091552734,64.02970886230469
2017-03-29,53.2028923034668,83.50526428222656,119.33000183105469,64.09407043457031
2017-03-30,53.17772674560547,83.35150146484375,118.47000122070312,64.08602142333984
2017-03-31,53.05193328857422,83.41299438476562,118.72000122070312,64.11817932128906
2017-04-03,53.04354476928711,83.72271728515625,119.3499984741211,64.2245101928711
2017-04-04,53.06032943725586,83.64566802978516,119.62000274658203,64.1922836303711
2017-04-05,52.917747497558594,83.73807525634766,119.62000274658203,64.21643829345703
2017-04-06,52.96806716918945,83.73035430908203,119.18000030517578,64.21643829345703
2017-04-07,52.917747497558594,83.54547882080078,119.45999908447266,64.13591003417969
2017-04-10,52.90098190307617,83.6533432006836,119.45999908447266,64.17618560791016
2017-04-11,52.96806716918945,83.89218139648438,121.19000244140625,64.26475524902344
2017-04-12,52.84227752685547,84.0770492553711,122.0199966430664,64.3292465209961
2017-04-13,52.490047454833984,84.18495178222656,122.5999984741211,64.33726501464844
2017-04-17,52.90098190307617,84.13870239257812,122.23999786376953,64.3533706665039
2017-04-18,52.6410026550293,84.47771453857422,122.81999969482422,64.45001220703125
2017-04-19,52.50682067871094,84.34674835205078,121.7300033569336,64.44197845458984
2017-04-20,52.9261360168457,84.21575927734375,121.95999908447266,64.3775405883789
2017-04-21,52.85066223144531,84.23885345458984,122.30999755859375,64.40982818603516
2017-04-24,53.65574645996094,84.11561584472656,121.4800033569336,64.3775405883789
2017-04-25,54.01636505126953,83.83824157714844,120.25,64.28085327148438
2017-04-26,53.907344818115234,83.94612121582031,120.83999633789062,64.33726501464844
2017-04-27,53.92411422729492,84.02310180664062,120.38999938964844,64.3614273071289
2017-04-28,53.907344818115234,84.16952514648438,120.7699966430664,64.38555908203125
2017-05-01,54.049903869628906,83.95255279541016,119.66999816894531,64.33399963378906
2017-05-02,54.2092399597168,84.06840515136719,119.6500015258789,64.39042663574219
2017-05-03,54.049903869628906,83.98348999023438,117.9800033569336,64.30171966552734
2017-05-04,54.16731262207031,83.9139404296875,116.79000091552734,64.28557586669922
2017-05-05,54.527915954589844,83.92938995361328,117.01000213623047,64.30171966552734
2017-05-08,54.41889953613281,83.76730346679688,116.75,64.27754211425781
2017-05-09,54.40213394165039,83.77500915527344,116.05000305175781,64.24525451660156
2017-05-10,54.527915954589844,83.79815673828125,116.04000091552734,64.2532958984375
2017-05-11,54.45244598388672,83.79043579101562,116.5,64.27754211425781
2017-05-12,54.51955032348633,84.0992660522461,116.83000183105469,64.374267578125
2017-05-15,54.82145690917969,84.06840515136719,117.13999938964844,64.374267578125
2017-05-16,54.922088623046875,84.176513671875,117.6500015258789,64.38232421875
2017-05-17,54.09184265136719,84.60888671875,119.79000091552734,64.52754211425781
2017-05-18,54.15892791748047,84.5625228881836,118.80999755859375,64.47913360595703
2017-05-19,54.7208137512207,84.5625228881836,119.4000015258789,64.47913360595703
2017-05-22,54.93886947631836,84.50848388671875,119.9000015258789,64.48723602294922
2017-05-23,54.964012145996094,84.34638977050781,119.13999938964844,64.4468765258789
2017-05-24,55.07304382324219,84.49304962158203,119.61000061035156,64.49527740478516
2017-05-25,55.24076461791992,84.53166198730469,119.4800033569336,64.48723602294922
2017-05-26,55.20721435546875,84.50074768066406,120.54000091552734,64.49527740478516
2017-05-30,55.18206024169922,84.66293334960938,120.13999938964844,64.52754211425781
2017-05-31,55.09819412231445,84.74784088134766,120.62000274658203,64.54367065429688
2017-06-01,55.55106735229492,84.70917510986328,120.72000122070312,64.53477478027344
2017-06-02,55.861351013183594,84.98774719238281,121.61000061035156,64.56708526611328
2017-06-05,55.80264663696289,84.85619354248047,121.7300033569336,64.54286193847656
2017-06-06,55.66008377075195,85.02642059326172,123.0999984741211,64.59940338134766
2017-06-07,55.69362258911133,84.92584991455078,122.44999694824219,64.5509262084961
2017-06-08,55.73556137084961,84.84072875976562,121.6500015258789,64.51861572265625
2017-06-09,55.54267501831055,84.77105712890625,120.54000091552734,64.49441528320312
2017-06-12,55.442047119140625,84.77105712890625,120.36000061035156,64.50248718261719
2017-06-13,55.75233459472656,84.7942886352539,120.4800033569336,64.49441528320312
2017-06-14,55.676856994628906,85.06510925292969,119.81999969482422,64.55899047851562
2017-06-15,55.37495040893555,85.01093292236328,119.31999969482422,64.53477478027344
2017-06-16,55.57621765136719,85.06510925292969,119.33999633789062,64.5751724243164
2017-06-19,55.903289794921875,84.94905090332031,118.43000030517578,64.50248718261719
2017-06-20,55.46405029296875,85.08053588867188,118.18000030517578,64.54286193847656
2017-06-21,55.48949432373047,85.09605407714844,118.5199966430664,64.53477478027344
2017-06-22,55.48101043701172,85.13471984863281,118.91999816894531,64.55899047851562
2017-06-23,55.574275970458984,85.15017700195312,119.43000030517578,64.58323669433594
2017-06-26,55.7099494934082,85.22759246826172,118.36000061035156,64.58323669433594
2017-06-27,55.47252655029297,84.97225189208984,118.80999755859375,64.50248718261719
2017-06-28,55.90498733520508,85.00318145751953,118.9000015258789,64.55899047851562
2017-06-29,55.396209716796875,84.84072875976562,118.31999969482422,64.50248718261719
2017-06-30,55.531883239746094,84.73236846923828,118.0199966430664,64.48631286621094
2017-07-03,55.5997314453125,84.5811996459961,116.08999633789062,64.43540954589844
2017-07-05,55.60820770263672,84.62771606445312,116.5199966430664,64.44347381591797
2017-07-06,55.19270324707031,84.46488952636719,116.47000122070312,64.43540954589844
2017-07-07,55.404685974121094,84.4338607788086,115.27999877929688,64.44347381591797
2017-07-10,55.54037094116211,84.47259521484375,115.47000122070312,64.47581481933594
2017-07-11,55.62516403198242,84.55018615722656,115.62000274658203,64.51622772216797
2017-07-12,56.11697769165039,84.8060302734375,116.02999877929688,64.57284545898438
2017-07-13,56.2441520690918,84.71298217773438,115.81999969482422,64.54856872558594
2017-07-14,56.57486343383789,84.79827880859375,116.7699966430664,64.58904266357422
2017-07-17,56.507022857666016,84.83707427978516,117.29000091552734,64.59712219238281
2017-07-18,56.6087760925293,85.0308609008789,118.11000061035156,64.61328125
2017-07-19,56.922515869140625,85.05416107177734,118.08000183105469,64.60519409179688
2017-07-20,56.98186111450195,85.07744598388672,118.23999786376953,64.62137603759766
2017-07-21,56.90555191040039,85.22473907470703,119.26000213623047,64.68608093261719
2017-07-24,56.8631477355957,85.147216796875,119.30999755859375,64.64562225341797
2017-07-25,56.98186111450195,84.8448257446289,118.91999816894531,64.556640625
2017-07-26,57.151458740234375,85.00763702392578,119.87999725341797,64.66182708740234
2017-07-27,57.041229248046875,84.88357543945312,119.79000091552734,64.66989135742188
2017-07-28,56.98186111450195,85.05416107177734,120.69000244140625,64.7022705078125
2017-07-31,57.04969787597656,85.0154037475586,120.75,64.7103271484375
2017-08-01,57.23625946044922,85.24846649169922,120.6500015258789,64.73622131347656
2017-08-02,57.27017593383789,85.18632507324219,120.4000015258789,64.72005462646484
2017-08-03,57.151458740234375,85.35724639892578,120.58999633789062,64.76862335205078
2017-08-04,57.26169204711914,85.21741485595703,119.6500015258789,64.72005462646484
2017-08-07,57.31256866455078,85.20960235595703,119.51000213623047,64.72005462646484
2017-08-08,57.151458740234375,85.1319351196289,119.86000061035156,64.7119369506836
2017-08-09,57.08362579345703,85.20960235595703,121.30999755859375,64.73622131347656
2017-08-10,56.25263214111328,85.2950668334961,122.20999908447266,64.7767562866211
2017-08-11,56.26112365722656,85.3650131225586,122.79000091552734,64.8253173828125
2017-08-14,56.76140594482422,85.3261947631836,121.91999816894531,64.801025390625
2017-08-15,56.685081481933594,85.20185089111328,120.9800033569336,64.73622131347656
2017-08-16,56.947959899902344,85.35724639892578,121.87000274658203,64.7767562866211
2017-08-17,56.201759338378906,85.48159790039062,122.48999786376953,64.8253173828125
2017-08-18,56.25263214111328,85.42716217041016,122.30000305175781,64.81718444824219
2017-08-21,56.30351638793945,85.48934173583984,122.76000213623047,64.83341979980469
2017-08-22,56.76140594482422,85.41161346435547,122.20999908447266,64.81718444824219
2017-08-23,56.66813278198242,85.60589599609375,122.66999816894531,64.8739242553711
2017-08-24,56.63420867919922,85.49710083007812,122.29000091552734,64.81718444824219
2017-08-25,56.85467529296875,85.55927276611328,122.73999786376953,64.85768127441406
2017-08-28,56.803810119628906,85.59031677246094,124.69000244140625,64.88201141357422
2017-08-29,56.76140594482422,85.71465301513672,124.41999816894531,64.93866729736328
2017-08-30,56.930992126464844,85.69913482666016,124.36000061035156,64.90630340576172
2017-08-31,57.27866744995117,85.8156509399414,125.81999969482422,64.93061065673828
2017-09-01,57.41432571411133,85.62102508544922,126.05999755859375,64.90060424804688
2017-09-05,56.9734001159668,85.97135162353516,127.45999908447266,64.97360229492188
2017-09-06,57.23625946044922,85.87797546386719,126.80999755859375,64.97360229492188
2017-09-07,57.45671844482422,86.08817291259766,128.1300048828125,65.04655456542969
2017-09-08,57.39735412597656,85.98696899414062,127.97000122070312,65.03030395507812
2017-09-11,57.9230842590332,85.75335693359375,126.19000244140625,64.95735168457031
2017-09-12,58.160518646240234,85.6287841796875,126.55999755859375,64.92491912841797
2017-09-13,58.00790023803711,85.54315948486328,125.61000061035156,64.87625885009766
2017-09-14,58.033329010009766,85.58983612060547,126.16000366210938,64.87625885009766
2017-09-15,58.14356231689453,85.57433319091797,125.52999877929688,64.8357162475586
2017-09-18,58.253780364990234,85.53538513183594,124.36000061035156,64.81948852539062
2017-09-19,58.372493743896484,85.48865509033203,124.62000274658203,64.79515075683594
2017-09-20,58.397945404052734,85.41858673095703,123.62000274658203,64.74652099609375
2017-09-21,58.23683547973633,85.40302276611328,122.68000030517578,64.72215270996094
2017-09-22,58.24530792236328,85.46527862548828,123.23999786376953,64.73835754394531
2017-09-25,57.99940490722656,85.6677017211914,124.52999877929688,64.81948852539062
2017-09-26,57.88069152832031,85.6365737915039,123.13999938964844,64.80327606201172
2017-09-27,57.965484619140625,85.38740539550781,121.9800033569336,64.76272583007812
2017-09-28,58.033329010009766,85.3952407836914,122.20999908447266,64.79515075683594
2017-09-29,58.35553741455078,85.32515716552734,121.58000183105469,64.73028564453125
2017-10-02,58.423362731933594,85.3774185180664,120.7699966430664,64.72216033935547
2017-10-03,58.65233612060547,85.44767761230469,120.83000183105469,64.7383804321289
2017-10-04,58.6947135925293,85.42424774169922,121.16999816894531,64.77901458740234
2017-10-05,58.92365646362305,85.38524627685547,120.5199966430664,64.754638671875
2017-10-06,58.84734344482422,85.26040649414062,121.08999633789062,64.71405029296875
2017-10-09,58.73711013793945,85.3774185180664,122.08000183105469,64.74655151367188
2017-10-10,59.06782913208008,85.38524627685547,122.4000015258789,64.77901458740234
2017-10-11,59.22043991088867,85.40084075927734,122.79000091552734,64.754638671875
2017-10-12,59.21196746826172,85.50225067138672,122.88999938964844,64.7383804321289
2017-10-13,59.356117248535156,85.71287536621094,123.81999969482422,64.78711700439453
2017-10-16,59.41547393798828,85.62711334228516,122.97000122070312,64.754638671875
2017-10-17,59.356117248535156,85.59587097167969,122.12999725341797,64.7383804321289
2017-10-18,59.44938659667969,85.46327209472656,121.66999816894531,64.70591735839844
2017-10-19,59.39851760864258,85.52568054199219,122.38999938964844,64.73028564453125
2017-10-20,59.62746047973633,85.2760009765625,121.61000061035156,64.68154907226562
2017-10-23,59.33915710449219,85.36961364746094,121.80000305175781,64.70591735839844
2017-10-24,59.37306213378906,85.19013977050781,121.33000183105469,64.6897201538086
2017-10-25,59.16109085083008,85.13556671142578,121.3499984741211,64.65721130371094
2017-10-26,59.144134521484375,85.04193878173828,120.33000183105469,64.64098358154297
2017-10-27,59.517234802246094,85.22915649414062,120.9000015258789,64.68154907226562
2017-10-30,59.423954010009766,85.46327209472656,121.12999725341797,64.7383804321289
2017-10-31,59.61049270629883,85.40861511230469,120.66999816894531,64.71405029296875
2017-11-01,59.712249755859375,85.4461441040039,121.11000061035156,64.69286346435547
2017-11-02,59.79704666137695,85.49308013916016,121.19000244140625,64.69286346435547
2017-11-03,59.85639190673828,85.57125854492188,120.62000274658203,64.67665100097656
2017-11-06,60.02599334716797,85.64942932128906,121.6500015258789,64.68477630615234
2017-11-07,59.949684143066406,85.67290496826172,121.20999908447266,64.67665100097656
2017-11-08,60.06837844848633,85.61814880371094,121.62999725341797,64.63599395751953
2017-11-09,59.78008270263672,85.55561828613281,122.12999725341797,64.65223693847656
2017-11-10,59.6783447265625,85.21157836914062,121.12999725341797,64.61156463623047
2017-11-13,59.593536376953125,85.21157836914062,121.30999755859375,64.5790786743164
2017-11-14,59.47481918334961,85.29759979248047,121.55999755859375,64.60345458984375
2017-11-15,59.17805099487305,85.4617919921875,121.41000366210938,64.62786865234375
2017-11-16,59.771610260009766,85.36797332763672,121.4000015258789,64.5953369140625
2017-11-17,59.6783447265625,85.4617919921875,122.86000061035156,64.5953369140625
2017-11-20,59.79704666137695,85.41487121582031,121.30999755859375,64.56278228759766
2017-11-21,60.25493240356445,85.5008773803711,121.51000213623047,64.5465087890625
2017-11-22,60.33125686645508,85.64942932128906,122.62999725341797,64.61971282958984
2017-11-24,60.50084686279297,85.6337661743164,122.31999969482422,64.61156463623047
2017-11-27,60.28036880493164,85.6337661743164,122.83000183105469,64.62786865234375
2017-11-28,60.75522994995117,85.6337661743164,122.80999755859375,64.61971282958984
2017-11-29,60.526275634765625,85.42268371582031,122.04000091552734,64.5953369140625
2017-11-30,60.81459045410156,85.28194427490234,121.0999984741211,64.53839111328125
2017-12-01,60.661949157714844,85.52568054199219,121.58999633789062,64.53921508789062
2017-12-04,60.50932693481445,85.51778411865234,121.18000030517578,64.52291870117188
2017-12-05,60.33125686645508,85.60396575927734,120.31999969482422,64.51480102539062
2017-12-06,60.21253967285156,85.69017791748047,120.06999969482422,64.53105926513672
2017-12-07,60.37364196777344,85.58048248291016,118.48999786376953,64.54734802246094
2017-12-08,60.72129440307617,85.54912567138672,118.4800033569336,64.55548858642578
2017-12-11,60.95024108886719,85.51778411865234,118.01000213623047,64.51480102539062
2017-12-12,60.95024108886719,85.47862243652344,118.1500015258789,64.506591796875
2017-12-13,61.09441375732422,85.72147369384766,119.16999816894531,64.59622192382812
2017-12-14,60.78066635131836,85.7450180053711,118.93000030517578,64.55548858642578
2017-12-15,61.02655792236328,85.76853942871094,119.18000030517578,64.53105926513672
2017-12-18,61.58620834350586,85.65880584716797,119.7300033569336,64.51480102539062
2017-12-19,61.38850784301758,85.40813446044922,119.81999969482422,64.47408294677734
2017-12-20,61.34571838378906,85.21224975585938,120.13999938964844,64.44146728515625
2017-12-21,61.55111312866211,85.28749084472656,120.30999755859375,64.42518615722656
2017-12-22,61.61958312988281,85.32665252685547,120.94000244140625,64.44146728515625
2017-12-26,61.55111312866211,85.397216796875,121.7699966430664,64.4300765991211
2017-12-27,61.61958312988281,85.66368103027344,122.2300033569336,64.50347137451172
2017-12-28,61.756526947021484,85.60101318359375,122.8499984741211,64.48714447021484
2017-12-29,61.69660568237305,85.68716430664062,123.6500015258789,64.51161193847656
2018-01-02,62.2785758972168,85.56180572509766,125.1500015258789,64.47083282470703
2018-01-03,62.59524154663086,85.56964111328125,124.81999969482422,64.4789810180664
2018-01-04,63.03172302246094,85.51477813720703,125.45999908447266,64.4300765991211
2018-01-05,63.4424934387207,85.45991516113281,125.33000183105469,64.43818664550781
2018-01-08,63.50239944458008,85.43638610839844,125.30999755859375,64.4300765991211
2018-01-09,63.579444885253906,85.20126342773438,124.7300033569336,64.3974609375
2018-01-10,63.43394470214844,85.20126342773438,125.02999877929688,64.41374206542969
2018-01-11,63.87041473388672,85.24046325683594,125.44000244140625,64.43818664550781
2018-01-12,64.35823822021484,85.2247543334961,126.95999908447266,64.41374206542969
2018-01-16,64.2469711303711,85.24828338623047,127.16999816894531,64.3974609375
2018-01-17,64.75190734863281,85.15423583984375,126.13999938964844,64.33216857910156
2018-01-18,64.66634368896484,84.96614837646484,125.86000061035156,64.29954528808594
2018-01-19,64.97443389892578,84.78585052490234,126.41999816894531,64.26692962646484
2018-01-22,65.44512939453125,84.75450897216797,126.6500015258789,64.25878143310547
2018-01-23,65.65052032470703,84.95832061767578,127.27999877929688,64.33216857910156
2018-01-24,65.71044921875,84.87210845947266,128.8300018310547,64.31587219238281
2018-01-25,65.65052032470703,85.091552734375,127.97000122070312,64.30770874023438
2018-01-26,66.36088562011719,84.93478393554688,128.07000732421875,64.25878143310547
2018-01-29,65.7874755859375,84.78585052490234,127.3499984741211,64.23430633544922
2018-01-30,65.14559173583984,84.65265655517578,126.80000305175781,64.20985412597656
2018-01-31,65.21406555175781,84.72315979003906,127.6500015258789,64.2016830444336
2018-02-01,65.1712646484375,84.45767211914062,128.07000732421875,64.14291381835938
2018-02-02,63.7506103515625,84.20631408691406,126.38999938964844,64.13472747802734
2018-02-05,61.21735763549805,84.54411315917969,126.70999908447266,64.29808044433594
2018-02-06,62.51820755004883,84.30058288574219,125.37999725341797,64.21639251708984
2018-02-07,61.790748596191406,84.1120834350586,124.79000091552734,64.15106201171875
2018-02-08,59.76243209838867,83.97064971923828,124.9800033569336,64.17559051513672
2018-02-09,60.4556770324707,83.86071014404297,124.7699966430664,64.17559051513672
2018-02-12,61.29437255859375,83.88429260253906,125.37000274658203,64.13472747802734
2018-02-13,61.4056396484375,83.90779876708984,126.08000183105469,64.14291381835938
2018-02-14,62.44974899291992,83.6250228881836,128.22999572753906,64.02854919433594
2018-02-15,63.15151596069336,83.72716522216797,128.3800048828125,64.02854919433594
2018-02-16,63.21998596191406,83.89209747314453,127.95999908447266,64.06123352050781
2018-02-20,62.68937301635742,83.80574798583984,126.23999786376953,64.01222229003906
2018-02-21,62.415504455566406,83.53865051269531,125.66000366210938,63.99584197998047
2018-02-22,62.54387664794922,83.54649353027344,126.30000305175781,64.03670501708984
2018-02-23,63.322669982910156,83.75857543945312,126.13999938964844,64.07754516601562
2018-02-26,63.998779296875,83.82142639160156,126.44999694824219,64.08576202392578
2018-02-27,63.02314758300781,83.64070892333984,125.12999725341797,63.99584197998047
2018-02-28,62.295684814453125,83.8685531616211,125.0,64.01222229003906
2018-03-01,61.516883850097656,83.94332885742188,124.72000122070312,64.08580017089844
2018-03-02,61.7993049621582,83.80949401855469,125.38999938964844,64.02857971191406
2018-03-05,62.2871208190918,83.76227569580078,125.18000030517578,64.04493713378906
2018-03-06,62.61235809326172,83.77803802490234,126.52999877929688,64.03677368164062
2018-03-07,62.569557189941406,83.76227569580078,125.72000122070312,64.04493713378906
2018-03-08,62.80062484741211,83.89608764648438,125.41999816894531,64.09400939941406
2018-03-09,63.6136589050293,83.7386703491211,125.54000091552734,64.02857971191406
2018-03-12,63.63934326171875,83.78588104248047,125.54000091552734,64.04493713378906
2018-03-13,63.211429595947266,83.89608764648438,125.77999877929688,64.0694580078125
2018-03-14,63.083065032958984,84.03781127929688,125.69999694824219,64.09400939941406
2018-03-15,63.057373046875,84.04570770263672,124.9000015258789,64.08580017089844
2018-03-16,63.03172302246094,83.99845123291016,124.5999984741211,64.04493713378906
2018-03-19,62.36415481567383,83.91185760498047,124.87000274658203,64.03677368164062
2018-03-20,62.44974899291992,83.77803802490234,124.30999755859375,63.971309661865234
2018-03-21,62.5096435546875,83.77015686035156,126.4800033569336,64.00401306152344
2018-03-22,61.029056549072266,83.9275894165039,125.9800033569336,64.07762908935547
2018-03-23,59.98495101928711,83.9275894165039,127.61000061035156,64.08580017089844
2018-03-26,61.38850784301758,83.89608764648438,128.27999877929688,64.04493713378906
2018-03-27,60.50702667236328,84.14015197753906,127.48999786376953,64.1512680053711
2018-03-28,60.549808502197266,84.1873779296875,125.7300033569336,64.12670135498047
2018-03-29,61.36284255981445,84.43145751953125,125.79000091552734,64.1594467163086
2018-04-02,60.130455017089844,84.34696197509766,127.26000213623047,64.19715118408203
2018-04-03,60.772315979003906,84.25232696533203,126.30000305175781,64.13155364990234
2018-04-04,61.200252532958984,84.2839126586914,126.44999694824219,64.13155364990234
2018-04-05,61.636695861816406,84.16552734375,125.80000305175781,64.09060668945312
2018-04-06,60.609710693359375,84.35487365722656,126.38999938964844,64.19715118408203
2018-04-09,60.92637634277344,84.42588806152344,126.81999969482422,64.20532989501953
2018-04-10,61.87632369995117,84.36280822753906,127.12000274658203,64.16435241699219
2018-04-11,61.60246658325195,84.43379974365234,128.11000061035156,64.19715118408203
2018-04-12,61.944793701171875,84.24443817138672,126.62000274658203,64.13155364990234
2018-04-13,61.807865142822266,84.26809692382812,127.44999694824219,64.1234359741211
2018-04-16,62.107418060302734,84.2839126586914,127.62999725341797,64.13155364990234
2018-04-17,62.56099319458008,84.30752563476562,127.75,64.11516571044922
2018-04-18,62.76639175415039,84.07083892822266,127.8499984741211,64.04141998291016
2018-04-19,62.50108337402344,83.86571502685547,127.5999984741211,64.00865936279297
2018-04-20,62.013275146484375,83.63685607910156,126.62999725341797,63.95952224731445
2018-04-23,61.92769241333008,83.59744262695312,125.62000274658203,63.93497848510742
2018-04-24,61.337162017822266,83.48697662353516,126.2300033569336,63.975955963134766
2018-04-25,61.34571838378906,83.37653350830078,125.41000366210938,63.975955963134766
2018-04-26,61.842105865478516,83.51852416992188,124.97000122070312,64.00865936279297
2018-04-27,61.97047805786133,83.62113189697266,125.5,64.01688385009766
2018-04-30,61.61103057861328,83.63685607910156,124.58999633789062,64.01688385009766
2018-05-01,61.54257583618164,83.56570434570312,123.70999908447266,63.97826385498047
2018-05-02,61.28579330444336,83.56570434570312,123.6500015258789,64.01935577392578
2018-05-03,61.29437255859375,83.66059112548828,124.27999877929688,64.03575897216797
2018-05-04,61.807865142822266,83.7159423828125,124.54000091552734,64.02749633789062
2018-05-07,61.91056823730469,83.67642974853516,124.56999969482422,64.03575897216797
2018-05-08,61.93623352050781,83.58155822753906,124.58999633789062,64.0029067993164
2018-05-09,62.295684814453125,83.48663330078125,124.33000183105469,63.9701042175293
2018-05-10,62.92900848388672,83.67642974853516,125.18000030517578,64.0029067993164
2018-05-11,63.065948486328125,83.7159423828125,125.0,64.01111602783203
2018-05-14,63.16008758544922,83.6368637084961,124.48999786376953,63.994712829589844
2018-05-15,62.61235809326172,83.26517486572266,122.4800033569336,63.920867919921875
2018-05-16,62.894771575927734,83.17024993896484,122.29000091552734,63.87982177734375
2018-05-17,62.817745208740234,83.05957794189453,122.36000061035156,63.91268539428711
2018-05-18,62.6037712097168,83.27307891845703,122.41000366210938,63.96188735961914
2018-05-21,63.00602340698242,83.28101348876953,122.4800033569336,63.9701042175293
2018-05-22,62.937564849853516,83.28101348876953,122.41000366210938,63.96188735961914
2018-05-23,62.809181213378906,83.51033782958984,122.54000091552734,64.06036376953125
2018-05-24,62.578121185302734,83.73967742919922,123.58999633789062,64.10137939453125
2018-05-25,62.39839553833008,83.92157745361328,123.20999908447266,64.1834716796875
2018-05-29,61.44841766357422,84.47518157958984,123.19000244140625,64.40499877929688
2018-05-30,62.252899169921875,84.2615966796875,123.37000274658203,64.29834747314453
2018-05-31,61.902015686035156,84.19047546386719,123.0999984741211,64.24911499023438
2018-06-01,62.54387664794922,84.08661651611328,122.48999786376953,64.15785217285156
2018-06-04,62.91188430786133,83.88844299316406,122.37000274658203,64.11679077148438
2018-06-05,62.84342575073242,83.95189666748047,122.8499984741211,64.19892883300781
2018-06-06,63.4424934387207,83.7616195678711,122.91999816894531,64.14143371582031
2018-06-07,63.16008758544922,83.94391632080078,122.86000061035156,64.22361755371094
2018-06-08,63.2884521484375,83.82504272460938,123.01000213623047,64.20714569091797
2018-06-11,63.493858337402344,83.73782348632812,123.2300033569336,64.16607666015625
2018-06-12,63.408267974853516,83.7616195678711,122.81999969482422,64.15785217285156
2018-06-13,63.2798957824707,83.68232727050781,123.19000244140625,64.09210205078125
2018-06-14,63.262786865234375,83.8963623046875,123.37999725341797,64.1496810913086
2018-06-15,63.01457977294922,83.9280776977539,121.33999633789062,64.1742935180664
2018-06-18,62.74071502685547,83.94391632080078,121.11000061035156,64.1742935180664
2018-06-19,62.309791564941406,84.03113555908203,120.80000305175781,64.22361755371094
2018-06-20,62.456912994384766,83.8725814819336,120.26000213623047,64.1742935180664
2018-06-21,61.98965072631836,83.8963623046875,120.05000305175781,64.20714569091797
2018-06-22,62.31845474243164,83.97565460205078,120.33999633789062,64.21536254882812
2018-06-25,61.43585205078125,83.9280776977539,119.88999938964844,64.24006652832031
2018-06-26,61.52239227294922,84.06281280517578,119.26000213623047,64.26472473144531
2018-06-27,60.92533493041992,84.21345520019531,118.58000183105469,64.33869171142578
2018-06-28,61.24550247192383,84.20552062988281,118.22000122070312,64.3222427368164
2018-06-29,61.539703369140625,84.27684783935547,118.6500015258789,64.2811508178711
2018-07-02,61.35799026489258,84.19660949707031,117.45999908447266,64.25975036621094
2018-07-03,61.30604934692383,84.3713607788086,118.6500015258789,64.3173828125
2018-07-05,61.74735641479492,84.45084381103516,119.05000305175781,64.28447723388672
2018-07-06,62.19731521606445,84.53821563720703,118.86000061035156,64.32560729980469
2018-07-09,62.80302810668945,84.4587631225586,119.1500015258789,64.3173828125
2018-07-10,62.93281936645508,84.3952407836914,118.93000030517578,64.27620697021484
2018-07-11,62.18867492675781,84.427001953125,117.63999938964844,64.29265594482422
2018-07-12,62.77705001831055,84.5302734375,118.12999725341797,64.32560729980469
2018-07-13,62.87224578857422,84.60968780517578,117.61000061035156,64.3503189086914
2018-07-16,62.78572463989258,84.51439666748047,117.55000305175781,64.32560729980469
2018-07-17,63.02799606323242,84.48261260986328,116.27999877929688,64.3173828125
2018-07-18,63.06260681152344,84.4587631225586,116.30999755859375,64.3173828125
2018-07-19,62.768409729003906,84.58590698242188,115.80999755859375,64.36674499511719
2018-07-20,62.98472595214844,84.41905212402344,116.55999755859375,64.3585433959961
2018-07-23,62.98472595214844,84.12510681152344,116.0,64.27620697021484
2018-07-24,63.304901123046875,84.24427032470703,116.04000091552734,64.29265594482422
2018-07-25,63.927894592285156,84.25221252441406,116.68000030517578,64.27620697021484
2018-07-26,63.6596565246582,84.20453643798828,115.7699966430664,64.27620697021484
2018-07-27,63.469295501708984,84.26811981201172,115.83000183105469,64.29265594482422
2018-07-30,63.261627197265625,84.18073272705078,115.6500015258789,64.3173828125
2018-07-31,63.426021575927734,84.25221252441406,115.98999786376953,64.3173828125
2018-08-01,63.28759765625,84.16544342041016,115.13999938964844,64.32891845703125
2018-08-02,63.25297164916992,84.1972885131836,114.5199966430664,64.37015533447266
2018-08-03,63.48660659790039,84.38042449951172,114.91999816894531,64.39485931396484
2018-08-06,63.47793960571289,84.43614196777344,114.33000183105469,64.411376953125
2018-08-07,63.772151947021484,84.28486633300781,114.58999633789062,64.35366821289062
2018-08-08,63.78081130981445,84.28486633300781,114.91000366210938,64.36190795898438
2018-08-09,63.61641311645508,84.40428924560547,114.73999786376953,64.36190795898438
2018-08-10,62.86360549926758,84.58746337890625,114.69000244140625,64.44438934326172
2018-08-13,62.49151611328125,84.6352310180664,112.95999908447266,64.45262145996094
2018-08-14,62.77705001831055,84.55561065673828,113.06999969482422,64.46085357666016
2018-08-15,62.03291702270508,84.67504119873047,111.19000244140625,64.50210571289062
2018-08-16,62.50016784667969,84.72280883789062,111.0999984741211,64.49382781982422
2018-08-17,62.78572463989258,84.7706298828125,112.12999725341797,64.5185775756836
2018-08-20,63.01935958862305,84.93778228759766,112.69000244140625,64.58454895019531
2018-08-21,63.31355285644531,84.86613464355469,113.0199966430664,64.57632446289062
2018-08-22,63.40872573852539,84.93778228759766,113.2699966430664,64.59278106689453
2018-08-23,63.10587692260742,84.89006805419922,112.19999694824219,64.56808471679688
2018-08-24,63.5904426574707,84.98558044433594,114.16000366210938,64.56808471679688
2018-08-27,64.20478057861328,84.8741226196289,114.58999633789062,64.5433578491211
2018-08-28,64.2394027709961,84.71488189697266,113.68000030517578,64.5185775756836
2018-08-29,64.62012481689453,84.69893646240234,114.19999694824219,64.51031494140625
2018-08-30,64.06635284423828,84.73876190185547,113.63999938964844,64.53506469726562
2018-08-31,63.86732864379883,84.73079681396484,113.51000213623047,64.55982971191406
2018-09-04,63.5125617980957,84.63661193847656,112.93000030517578,64.55818939208984
2018-09-05,63.166439056396484,84.59674072265625,113.31999969482422,64.59121704101562
2018-09-06,62.941463470458984,84.7403564453125,113.54000091552734,64.61601257324219
2018-09-07,62.681884765625,84.43708801269531,113.2300033569336,64.4920654296875
2018-09-10,62.78572463989258,84.51691436767578,113.1500015258789,64.50857543945312
2018-09-11,62.97606658935547,84.37324523925781,113.22000122070312,64.45902252197266
2018-09-12,63.09721755981445,84.42914581298828,114.16999816894531,64.4673080444336
2018-09-13,63.529850006103516,84.48500061035156,113.76000213623047,64.48382568359375
2018-09-14,63.581783294677734,84.32540130615234,113.0199966430664,64.45076751708984
2018-09-17,63.37411117553711,84.32540130615234,113.61000061035156,64.47555541992188
2018-09-18,63.82405471801758,84.14187622070312,113.44000244140625,64.40947723388672
2018-09-19,63.98847579956055,83.98224639892578,113.87999725341797,64.40119171142578
2018-09-20,64.59416961669922,84.09397888183594,114.2699966430664,64.40119171142578
2018-09-21,64.6287841796875,84.1578140258789,113.48999786376953,64.42601013183594
2018-09-24,64.325927734375,84.07801818847656,113.47000122070312,64.3929443359375
2018-09-25,64.45574188232422,84.03813934326172,113.6500015258789,64.3929443359375
2018-09-26,64.41246795654297,84.23763275146484,113.05000305175781,64.42601013183594
2018-09-27,64.41246795654297,84.29344177246094,112.05000305175781,64.4342269897461
2018-09-28,64.2567138671875,84.20568084716797,112.76000213623047,64.45902252197266
2018-10-01,64.43842315673828,84.18328094482422,112.56999969482422,64.43006896972656
2018-10-02,64.22211456298828,84.27928924560547,113.87000274658203,64.44662475585938
2018-10-03,64.17884826660156,83.87935638427734,113.41999816894531,64.35560607910156
2018-10-04,63.4952507019043,83.63935089111328,113.4800033569336,64.322509765625
2018-10-05,63.123172760009766,83.45536041259766,113.80000305175781,64.30594635009766
2018-10-08,63.01935958862305,83.42337799072266,112.54000091552734,64.322509765625
2018-10-09,62.898189544677734,83.54337310791016,112.5999984741211,64.33903503417969
2018-10-10,61.07244873046875,83.51934814453125,112.87999725341797,64.34733581542969
2018-10-11,60.042728424072266,83.76732635498047,115.77999877929688,64.3803939819336
2018-10-12,60.76957321166992,83.79132843017578,115.2300033569336,64.3803939819336
2018-10-15,60.440773010253906,83.73535919189453,116.0,64.39693450927734
2018-10-16,61.66082763671875,83.78335571289062,115.80000305175781,64.40523529052734
2018-10-17,61.49642562866211,83.61537170410156,115.79000091552734,64.35560607910156
2018-10-18,60.50997543334961,83.55937194824219,115.91999816894531,64.40523529052734
2018-10-19,60.631126403808594,83.48737335205078,116.01000213623047,64.3803939819336
2018-10-22,60.47538375854492,83.47138977050781,115.70999908447266,64.36384582519531
2018-10-23,60.008113861083984,83.57533264160156,116.38999938964844,64.41352081298828
2018-10-24,58.34675216674805,83.79132843017578,116.66000366210938,64.52935791015625
2018-10-25,59.17744445800781,83.71934509277344,116.4000015258789,64.47969055175781
2018-10-26,58.381370544433594,83.91132354736328,116.7699966430664,64.59555053710938
2018-10-29,58.000640869140625,83.8233642578125,116.30999755859375,64.55416870117188
2018-10-30,58.831321716308594,83.70333862304688,115.80000305175781,64.52108764648438
2018-10-31,59.480289459228516,83.663330078125,115.1500015258789,64.49625396728516
2018-11-01,60.310970306396484,83.87474822998047,116.62999725341797,64.54107666015625
2018-11-02,60.19849395751953,83.62557220458984,116.6500015258789,64.44979858398438
2018-11-05,60.38020324707031,83.68183135986328,116.37000274658203,64.4830093383789
2018-11-06,60.63978958129883,83.68988800048828,116.04000091552734,64.4332504272461
2018-11-07,61.74735641479492,83.7622299194336,116.02999877929688,64.41665649414062
2018-11-08,61.24550247192383,83.6094741821289,115.77999877929688,64.39181518554688
2018-11-09,60.72632598876953,83.71398162841797,114.4800033569336,64.45812225341797
2018-11-12,59.61009216308594,83.85066986083984,113.66000366210938,64.51615142822266
2018-11-13,59.696617126464844,83.88280487060547,113.69999694824219,64.51615142822266
2018-11-14,59.480289459228516,83.8908462524414,114.63999938964844,64.56588745117188
2018-11-15,60.05137634277344,83.99530029296875,114.7699966430664,64.59906768798828
2018-11-16,60.20713424682617,84.13199615478516,115.62000274658203,64.6653823852539
2018-11-19,59.298580169677734,84.12394714355469,115.66999816894531,64.70683288574219
2018-11-20,58.216957092285156,84.0918197631836,115.66999816894531,64.6653823852539
2018-11-21,58.753448486328125,84.1480712890625,115.86000061035156,64.64881134033203
2018-11-23,58.36406707763672,84.12394714355469,115.7699966430664,64.67366790771484
2018-11-26,59.2207145690918,84.10786437988281,115.63999938964844,64.64049530029297
2018-11-27,59.28992462158203,84.13199615478516,114.94999694824219,64.64881134033203
2018-11-28,60.492698669433594,84.29280090332031,115.37999725341797,64.71513366699219
2018-11-29,60.24174499511719,84.3329849243164,115.73999786376953,64.72341918945312
2018-11-30,60.423458099365234,84.30885314941406,115.54000091552734,64.73173522949219
2018-12-03,61.20223617553711,84.44666290283203,116.41000366210938,64.70680236816406
2018-12-04,59.48893737792969,84.67225646972656,117.12000274658203,64.7317123413086
2018-12-06,59.229366302490234,84.88174438476562,117.13999938964844,64.80647277832031
2018-12-07,58.0958251953125,84.99459838867188,118.08999633789062,64.87287139892578
2018-12-10,57.92277145385742,85.05099487304688,117.68000030517578,64.9227294921875
2018-12-11,58.000640869140625,85.07514190673828,117.54000091552734,64.89781951904297
2018-12-12,58.61499786376953,85.0107192993164,117.79000091552734,64.87287139892578
2018-12-13,58.563079833984375,85.03485107421875,117.52999877929688,64.93933868408203
2018-12-14,57.61990737915039,85.0590591430664,117.05999755859375,64.98088073730469
2018-12-17,56.74596405029297,85.20406341552734,117.87000274658203,65.07221221923828
2018-12-18,56.718021392822266,85.45440673828125,118.1500015258789,65.138671875
2018-12-19,55.93208694458008,85.53510284423828,117.43000030517578,65.138671875
2018-12-20,55.44306945800781,85.45440673828125,119.23999786376953,65.1220703125
2018-12-21,54.39515686035156,85.41400909423828,118.72000122070312,65.18019104003906
2018-12-24,53.42584228515625,85.47050476074219,120.0199966430664,65.21598815917969
2018-12-26,55.39939498901367,85.30908203125,119.66000366210938,65.09117126464844
2018-12-27,55.661373138427734,85.44628143310547,120.56999969482422,65.1827163696289
2018-12-28,55.79594802856445,85.76117706298828,121.05999755859375,65.29920196533203
2018-12-31,56.06684112548828,85.97915649414062,121.25,65.37405395507812
2019-01-02,56.049373626708984,86.04376220703125,121.33000183105469,65.43229675292969
2019-01-03,55.09685516357422,86.39904022216797,122.43000030517578,65.58210754394531
2019-01-04,56.85331726074219,86.14063262939453,121.44000244140625,65.41565704345703
2019-01-07,57.20286560058594,85.99528503417969,121.86000061035156,65.34076690673828
2019-01-08,57.622318267822266,85.93074035644531,121.52999877929688,65.28255462646484
2019-01-09,58.15536880493164,86.00342559814453,122.30999755859375,65.34076690673828
2019-01-10,58.42626953125,85.90650939941406,121.58999633789062,65.35745239257812
2019-01-11,58.21654510498047,86.02763366699219,121.80000305175781,65.41565704345703
2019-01-14,57.88447570800781,85.90650939941406,122.08999633789062,65.43229675292969
2019-01-15,58.408790588378906,85.92265319824219,121.87999725341797,65.47393035888672
2019-01-16,58.57482147216797,85.99528503417969,122.2699966430664,65.4239501953125
2019-01-17,59.00301742553711,85.93074035644531,122.11000061035156,65.39069366455078
2019-01-18,59.62345504760742,85.86614227294922,121.0199966430664,65.39069366455078
2019-01-22,58.83699417114258,85.93881225585938,121.44999694824219,65.4406509399414
2019-01-23,58.98554229736328,86.02763366699219,121.27999877929688,65.47393035888672
2019-01-24,59.090415954589844,86.17292785644531,121.08999633789062,65.54048919677734
2019-01-25,59.74580764770508,86.13257598876953,122.86000061035156,65.49054718017578
2019-01-28,59.33509063720703,86.08415222167969,123.29000091552734,65.48220825195312
2019-01-29,59.343833923339844,86.3102035522461,123.9800033569336,65.55712890625
2019-01-30,60.18273162841797,86.5040054321289,124.69000244140625,65.64867401123047
2019-01-31,60.57596206665039,86.76234436035156,124.75,65.78179168701172
2019-02-01,60.50605392456055,86.58269500732422,124.5,65.65167999267578
2019-02-04,60.8555908203125,86.50981903076172,123.95999908447266,65.61837005615234
2019-02-05,61.2138786315918,86.69598388671875,124.27999877929688,65.6600570678711
2019-02-06,60.97795104980469,86.64742279052734,123.44000244140625,65.6850357055664
2019-02-07,60.34004211425781,86.68789672851562,123.73999786376953,65.73506164550781
2019-02-08,60.322547912597656,86.88214111328125,124.20999908447266,65.7851333618164
2019-02-11,60.243896484375,86.79312133789062,123.5999984741211,65.74342346191406
2019-02-12,60.9866828918457,86.80928039550781,123.86000061035156,65.74342346191406
2019-02-13,61.02162170410156,86.65550994873047,123.37000274658203,65.70176696777344
2019-02-14,60.9866828918457,86.78501892089844,124.05999755859375,65.7684326171875
2019-02-15,61.615848541259766,86.84977722167969,124.80000305175781,65.7684326171875
2019-02-19,61.825592041015625,86.89834594726562,126.69999694824219,65.79346466064453
2019-02-20,61.99162292480469,86.90642547607422,126.4800033569336,65.80176544189453
2019-02-21,61.84307098388672,86.71218872070312,125.05000305175781,65.7684326171875
2019-02-22,62.21882247924805,86.93070983886719,125.5,65.85179138183594
2019-02-25,62.3761100769043,86.90642547607422,125.37000274658203,65.8267822265625
2019-02-26,62.41980743408203,87.00355529785156,125.58000183105469,65.90185546875
2019-02-27,62.28871536254883,86.81742095947266,124.69000244140625,65.86849212646484
2019-02-28,62.07026290893555,86.66361236572266,123.98999786376953,65.84343719482422
2019-03-01,62.40233612060547,86.52324676513672,121.87999725341797,65.78583526611328
2019-03-04,62.21882247924805,86.62872314453125,121.55999755859375,65.82762145996094
2019-03-05,62.227569580078125,86.6855239868164,121.72000122070312,65.84434509277344
2019-03-06,61.92170333862305,86.8153305053711,121.61000061035156,65.90277099609375
2019-03-07,61.27505874633789,87.05877685546875,121.51000213623047,65.99462127685547
2019-03-08,61.11776351928711,87.17241668701172,122.83999633789062,66.01971435546875
2019-03-11,61.930442810058594,87.18048095703125,122.23999786376953,66.01136016845703
2019-03-12,62.1663818359375,87.3427734375,122.9800033569336,66.06145477294922
2019-03-13,62.5246696472168,87.30220794677734,123.83999633789062,66.06145477294922
2019-03-14,62.463497161865234,87.17241668701172,122.41000366210938,66.06145477294922
2019-03-15,62.9703483581543,87.3914566040039,122.97000122070312,66.1032485961914
2019-03-18,63.31987380981445,87.37523651123047,123.04000091552734,66.09489440917969
2019-03-19,63.37230682373047,87.32654571533203,123.37999725341797,66.08650970458984
2019-03-20,63.21501541137695,87.68357849121094,124.18000030517578,66.22015380859375
2019-03-21,63.660701751708984,87.6998519897461,123.68000030517578,66.21179962158203
2019-03-22,62.341163635253906,88.13796997070312,123.97000122070312,66.37889099121094
2019-03-25,62.33241653442383,88.30032348632812,124.91999816894531,66.46240997314453
2019-03-26,62.7606086730957,88.31649017333984,124.30000305175781,66.48748779296875
2019-03-27,62.472232818603516,88.50311279296875,123.6500015258789,66.52928161621094
2019-03-28,62.65575408935547,88.5112533569336,121.9000015258789,66.51255798339844
2019-03-29,63.04899215698242,88.50311279296875,122.01000213623047,66.4791259765625
2019-04-01,63.817989349365234,88.0980453491211,121.52999877929688,66.36530303955078
2019-04-02,63.79176330566406,88.19566345214844,121.9800033569336,66.39871978759766
2019-04-03,64.08889770507812,88.03301239013672,121.80000305175781,66.35690307617188
2019-04-04,64.18499755859375,88.0980453491211,122.11000061035156,66.38201904296875
2019-04-05,64.42967987060547,88.16309356689453,121.9800033569336,66.39038848876953
2019-04-08,64.50833892822266,88.1224594116211,122.51000213623047,66.37364196777344
2019-04-09,64.16753387451172,88.17127990722656,123.1500015258789,66.40711975097656
2019-04-10,64.43842315673828,88.34209442138672,123.52999877929688,66.4573974609375
2019-04-11,64.2374496459961,88.23635864257812,121.94999694824219,66.41551971435547
2019-04-12,64.69183349609375,88.06549072265625,121.83000183105469,66.32344055175781
2019-04-15,64.66563415527344,88.04920959472656,121.5999984741211,66.33181762695312
2019-04-16,64.73554229736328,87.89471435546875,120.51000213623047,66.28997802734375
2019-04-17,64.76175689697266,87.88654327392578,120.27999877929688,66.30668640136719
2019-04-18,64.77922821044922,88.00045776367188,120.37000274658203,66.34851837158203
2019-04-22,64.77051544189453,87.89471435546875,120.37000274658203,66.32344055175781
2019-04-23,65.12003326416016,88.04920959472656,120.12000274658203,66.40711975097656
2019-04-24,64.76175689697266,88.25262451171875,120.47000122070312,66.47409057617188
2019-04-25,64.7442855834961,88.24445343017578,120.56999969482422,66.4573974609375
2019-04-26,64.98896789550781,88.42340087890625,121.37000274658203,66.53267669677734
2019-04-29,65.14624786376953,88.26885223388672,120.83000183105469,66.49922180175781
2019-04-30,65.20742797851562,88.32579040527344,121.19999694824219,66.5828628540039
2019-05-01,64.76175689697266,88.38289642333984,120.4000015258789,66.5133056640625
2019-05-02,64.61319732666016,88.18720245361328,119.94000244140625,66.46295928955078
2019-05-03,65.29480743408203,88.33394622802734,120.6500015258789,66.49649047851562
2019-05-06,64.75300598144531,88.44812774658203,120.80999755859375,66.56360626220703
2019-05-07,63.651954650878906,88.55412292480469,121.20999908447266,66.622314453125
2019-05-08,63.61699676513672,88.53778076171875,120.91000366210938,66.58036804199219
2019-05-09,63.293670654296875,88.58670806884766,121.19999694824219,66.622314453125
2019-05-10,63.68690872192383,88.60303497314453,121.43000030517578,66.63069152832031
2019-05-13,62.0877571105957,88.74978637695312,122.66999816894531,66.75646209716797
2019-05-14,62.664485931396484,88.82317352294922,122.45999908447266,66.73970794677734
2019-05-15,62.91791915893555,88.97808837890625,122.38999938964844,66.80677795410156
2019-05-16,63.389801025390625,88.87208557128906,121.51000213623047,66.76484680175781
2019-05-17,62.9091682434082,88.89655303955078,120.6500015258789,66.76484680175781
2019-05-20,62.5246696472168,88.7742691040039,120.63999938964844,66.73970794677734
2019-05-21,63.09267044067383,88.76606750488281,120.36000061035156,66.68939208984375
2019-05-22,62.839263916015625,88.91284942626953,120.23999786376953,66.73970794677734
2019-05-23,62.13145065307617,89.17375946044922,121.16999816894531,66.88221740722656
2019-05-24,62.472232818603516,89.20635986328125,121.30000305175781,66.86543273925781
2019-05-28,61.93917465209961,89.33684539794922,120.83000183105469,66.9493179321289
2019-05-29,61.580902099609375,89.36128997802734,120.87000274658203,66.98283386230469
2019-05-30,61.851806640625,89.59770965576172,121.69000244140625,67.03316497802734
2019-05-31,61.248836517333984,90.0135498046875,123.33000183105469,67.19249725341797
2019-06-03,61.36243438720703,90.22605895996094,125.11000061035156,67.37568664550781
2019-06-04,62.358642578125,90.14430236816406,125.1500015258789,67.32524108886719
2019-06-05,62.577091217041016,90.09527587890625,125.47000122070312,67.39246368408203
2019-06-06,62.9091682434082,90.07892608642578,125.87999725341797,67.31684875488281
2019-06-07,63.57329559326172,90.33229064941406,126.58999633789062,67.4092788696289
2019-06-10,63.84419631958008,90.09527587890625,125.33000183105469,67.32524108886719
2019-06-11,64.0277099609375,90.07892608642578,125.18000030517578,67.3084487915039
2019-06-12,63.660701751708984,90.1933364868164,125.83000183105469,67.37568664550781
2019-06-13,63.8791618347168,90.38948059082031,126.5999984741211,67.43450927734375
2019-06-14,63.599510192871094,90.36497497558594,126.55999755859375,67.45130157470703
2019-06-17,63.657920837402344,90.34046173095703,126.4800033569336,67.43450927734375
2019-06-18,64.48085021972656,90.58564758300781,127.12000274658203,67.46808624267578
2019-06-19,64.69324493408203,90.89622497558594,127.88999938964844,67.6361312866211
2019-06-20,65.42768859863281,91.05152893066406,131.11000061035156,67.6865463256836
2019-06-21,65.25070190429688,90.81449890136719,131.97999572753906,67.62776184082031
2019-06-24,65.17991638183594,90.9779052734375,133.94000244140625,67.66975402832031
2019-06-25,64.6578369140625,90.99427795410156,134.1999969482422,67.71178436279297
2019-06-26,64.70207214355469,90.78998565673828,132.97000122070312,67.61933135986328
2019-06-27,64.94984436035156,91.04326629638672,132.83999633789062,67.6865463256836
2019-06-28,65.22415924072266,91.00244903564453,133.1999969482422,67.66133880615234
2019-07-01,65.73737335205078,91.06961822509766,130.6199951171875,67.64700317382812
2019-07-02,65.89665985107422,91.23346710205078,133.41000366210938,67.72276306152344
2019-07-03,66.31254577636719,91.38088989257812,133.6300048828125,67.73958587646484
2019-07-05,66.0028305053711,90.99591827392578,132.13999938964844,67.56283569335938
2019-07-08,65.6577377319336,90.94673156738281,131.2899932861328,67.52075958251953
2019-07-09,65.62234497070312,90.92216491699219,131.75,67.49553680419922
2019-07-10,65.95861053466797,90.98773956298828,133.8300018310547,67.60491180419922
2019-07-11,66.03824615478516,90.6518325805664,132.6999969482422,67.53760528564453
2019-07-12,66.23289489746094,90.75016784667969,133.52999877929688,67.59649658203125
2019-07-15,66.28601837158203,90.8812255859375,133.52999877929688,67.57127380371094
2019-07-16,66.03824615478516,90.78292846679688,132.39999389648438,67.53760528564453
2019-07-17,65.7462387084961,91.0204849243164,134.5800018310547,67.64700317382812
2019-07-18,66.05594635009766,91.16793823242188,136.47999572753906,67.75645446777344
2019-07-19,65.67545318603516,91.06139373779297,134.47000122070312,67.66384887695312
2019-07-22,65.834716796875,91.17609405517578,134.4499969482422,67.7059326171875
2019-07-23,66.19750213623047,91.08599853515625,133.69000244140625,67.7059326171875
2019-07-24,66.40989685058594,91.2170639038086,134.3699951171875,67.71434020996094
2019-07-25,65.91435241699219,91.07778930664062,133.4199981689453,67.67230987548828
2019-07-26,66.24176788330078,91.09422302246094,133.63999938964844,67.64700317382812
2019-07-29,66.19750213623047,91.13513946533203,134.52999877929688,67.67230987548828
2019-07-30,65.87895965576172,91.126953125,134.97999572753906,67.68070220947266
2019-07-31,65.2684097290039,91.16793823242188,133.2100067138672,67.68070220947266
2019-08-01,64.73748016357422,91.88224029541016,136.41000366210938,67.92190551757812
2019-08-02,64.16229248046875,91.91504669189453,135.88999938964844,67.93881225585938
2019-08-05,62.26865768432617,92.31735229492188,137.7899932861328,68.11589813232422
2019-08-06,62.976566314697266,92.56367492675781,138.91000366210938,68.14122009277344
2019-08-07,63.197784423828125,92.51437377929688,141.02000427246094,68.149658203125
2019-08-08,64.12691497802734,92.60472869873047,141.72999572753906,68.149658203125
2019-08-09,63.693328857421875,92.48158264160156,141.25999450683594,68.09903717041016
2019-08-12,62.976566314697266,92.8182144165039,142.6300048828125,68.20028686523438
2019-08-13,63.8968391418457,92.68685913085938,141.77999877929688,68.09903717041016
2019-08-14,62.074005126953125,92.97419738769531,142.75,68.16654968261719
2019-08-15,62.18902587890625,93.40115356445312,143.6999969482422,68.32677459716797
2019-08-16,63.03849792480469,93.32723236083984,142.77999877929688,68.33518981933594
2019-08-19,63.56943893432617,93.08094024658203,141.11000061035156,68.26773071289062
2019-08-20,63.233192443847656,93.33544158935547,142.2100067138672,68.36051940917969
2019-08-21,63.75526428222656,93.28618621826172,141.75999450683594,68.30146789550781
2019-08-22,63.657920837402344,93.03986358642578,141.39999389648438,68.25933074951172
2019-08-23,62.33061981201172,93.41756439208984,144.1699981689453,68.38581848144531
2019-08-26,62.90577697753906,93.37651824951172,144.19000244140625,68.36051940917969
2019-08-27,62.7376594543457,93.67207336425781,145.57000732421875,68.4448471069336
2019-08-28,62.994258880615234,93.68025970458984,145.16000366210938,68.4532699584961
2019-08-29,63.702152252197266,93.62279510498047,144.1199951171875,68.41956329345703
2019-08-30,63.82604217529297,93.70491027832031,143.75,68.4532699584961
2019-09-03,63.4809455871582,93.68267822265625,145.75,68.50906372070312
2019-09-04,64.33042907714844,93.8472900390625,146.66000366210938,68.55979919433594
2019-09-05,65.02949523925781,93.44405364990234,143.13999938964844,68.39920043945312
2019-09-06,65.11796569824219,93.54280090332031,141.9199981689453,68.39920043945312
2019-09-09,65.19760131835938,93.14777374267578,141.38999938964844,68.3062515258789
2019-09-10,65.20645904541016,92.64584350585938,140.17999267578125,68.15412902832031
2019-09-11,65.71082305908203,92.66226196289062,141.02999877929688,68.12879180908203
2019-09-12,65.99400329589844,92.51409149169922,141.32000732421875,68.05271911621094
2019-09-13,66.06476593017578,91.9627685546875,140.14999389648438,67.9344482421875
2019-09-16,65.79047393798828,92.20964050292969,141.32000732421875,68.02740478515625
2019-09-17,65.89665985107422,92.34955596923828,141.60000610351562,68.07806396484375
2019-09-18,65.86125946044922,92.45651245117188,140.7100067138672,68.08651733398438
2019-09-19,65.93204498291016,92.58817291259766,141.27999877929688,68.09497833251953
2019-09-20,65.68428039550781,92.92560577392578,142.9499969482422,68.14568328857422
2019-09-23,65.59580993652344,92.96675109863281,143.75,68.20487213134766
2019-09-24,65.20645904541016,93.22183227539062,144.50999450683594,68.3147201538086
2019-09-25,65.38343048095703,92.8350830078125,141.8300018310547,68.15412902832031
2019-09-26,65.3126449584961,92.99142456054688,141.7899932861328,68.21328735351562
2019-09-27,64.94984436035156,93.10661315917969,141.05999755859375,68.23017883300781
2019-09-30,65.2595443725586,93.13133239746094,138.8699951171875,68.27243041992188
2019-10-01,64.50741577148438,93.30042266845703,139.6300048828125,68.38676452636719
2019-10-02,63.42786407470703,93.36641693115234,141.25999450683594,68.5222396850586
2019-10-03,63.95879364013672,93.7293472290039,141.89999389648438,68.69999694824219
2019-10-04,64.63129425048828,93.87774658203125,141.89999389648438,68.67463684082031
2019-10-07,64.37467193603516,93.62212371826172,140.69000244140625,68.60689544677734
2019-10-08,63.52518844604492,93.65508270263672,141.9199981689453,68.66619110107422
2019-10-09,64.07380676269531,93.6055908203125,142.0500030517578,68.59841918945312
2019-10-10,64.57818603515625,93.2839126586914,140.80999755859375,68.50530242919922
2019-10-11,65.4542236328125,92.97877502441406,140.02999877929688,68.39522552490234
2019-10-14,65.2772445678711,93.13546752929688,140.58999633789062,68.4036636352539
2019-10-15,65.93204498291016,92.83031463623047,139.61000061035156,68.34443664550781
2019-10-16,65.94973754882812,92.99522399902344,140.41000366210938,68.4036636352539
2019-10-17,66.1090316772461,92.97052001953125,140.61000061035156,68.41217041015625
2019-10-18,65.88780975341797,93.0364761352539,140.4600067138672,68.45448303222656
2019-10-21,66.36564636230469,92.78077697753906,139.7899932861328,68.38676452636719
2019-10-22,66.15326690673828,92.92100524902344,140.1999969482422,68.42063903808594
2019-10-23,66.3921890258789,92.99522399902344,140.52999877929688,68.42063903808594
2019-10-24,66.54261779785156,93.01998138427734,141.52999877929688,68.4290771484375
2019-10-25,66.72843933105469,92.88801574707031,141.86000061035156,68.37828063964844
2019-10-28,67.12661743164062,92.69009399414062,140.63999938964844,68.30207824707031
2019-10-29,67.0469970703125,92.69830322265625,140.25,68.310546875
2019-10-30,67.20626068115234,92.96228790283203,141.02000427246094,68.4036636352539
2019-10-31,67.0469970703125,93.32516479492188,142.42999267578125,68.55610656738281
2019-11-01,67.72833251953125,93.35078430175781,142.55999755859375,68.53316497802734
2019-11-04,68.0203628540039,93.11936950683594,142.14999389648438,68.4313735961914
2019-11-05,68.03805541992188,92.77214813232422,139.85000610351562,68.33808135986328
2019-11-06,68.00265502929688,92.91265869140625,140.4499969482422,68.40592956542969
2019-11-07,68.28581237792969,92.47456359863281,138.27000427246094,68.27022552490234
2019-11-08,68.28581237792969,92.42493438720703,137.38999938964844,68.28715515136719
2019-11-11,68.12655639648438,92.44149780273438,137.05999755859375,68.28715515136719
2019-11-12,68.08228302001953,92.54069519042969,137.42999267578125,68.29568481445312
2019-11-13,68.0203628540039,92.70599365234375,137.97999572753906,68.37202453613281
2019-11-14,68.02920532226562,92.97057342529297,138.55999755859375,68.4313735961914
2019-11-15,68.48048400878906,92.92093658447266,138.2100067138672,68.4144515991211
2019-11-18,68.54244232177734,93.09451293945312,138.6199951171875,68.49076080322266
2019-11-19,68.46281433105469,93.16064453125,138.69000244140625,68.49922180175781
2019-11-20,68.1707992553711,93.38385009765625,138.75999450683594,68.5162353515625
2019-11-21,68.14424896240234,93.2515869140625,138.0,68.46532440185547
2019-11-22,68.2061767578125,93.3011703491211,137.74000549316406,68.45683288574219
2019-11-25,68.72824096679688,93.39212799072266,137.0800018310547,68.47383117675781
2019-11-26,68.78133392333984,93.52435302734375,137.74000549316406,68.52469635009766
2019-11-27,69.03797149658203,93.40863800048828,137.00999450683594,68.46532440185547
2019-11-29,68.61322021484375,93.29292297363281,137.86000061035156,68.49922180175781
2019-12-02,68.1707992553711,93.19019317626953,137.7899932861328,68.48822784423828
2019-12-03,67.82569122314453,93.61271667480469,139.11000061035156,68.6241683959961
2019-12-04,68.294677734375,93.4552993774414,138.9199981689453,68.57320404052734
2019-12-05,68.3654556274414,93.34756469726562,139.0,68.5221939086914
2019-12-06,68.90524291992188,93.21504211425781,137.6199951171875,68.47119140625
2019-12-09,68.68402862548828,93.26477813720703,137.5800018310547,68.48822784423828
2019-12-10,68.63976287841797,93.23162078857422,137.97000122070312,68.42872619628906
2019-12-11,68.9671630859375,93.48014831542969,138.9199981689453,68.53067779541016
2019-12-12,69.57772827148438,93.08248901367188,138.42999267578125,68.40321350097656
2019-12-13,69.79894256591797,93.4552993774414,139.0500030517578,68.53067779541016
2019-12-16,70.31214141845703,93.26477813720703,139.0399932861328,68.45419311523438
2019-12-17,70.30316925048828,93.2730484008789,139.00999450683594,68.47119140625
2019-12-18,70.34795379638672,93.0907974243164,139.02000427246094,68.47969818115234
2019-12-19,70.5091552734375,93.19121551513672,139.3800048828125,68.5221939086914
2019-12-20,70.63452911376953,93.20781707763672,139.52000427246094,68.47119140625
2019-12-23,70.79576110839844,93.14139556884766,139.9499969482422,68.46270751953125
2019-12-24,70.81363677978516,93.25756072998047,141.27000427246094,68.51378631591797
2019-12-26,71.1987533569336,93.34056854248047,142.3800048828125,68.51378631591797
2019-12-27,71.2435302734375,93.46504211425781,142.3300018310547,68.59890747070312
2019-12-30,70.81363677978516,93.46504211425781,142.6300048828125,68.64997863769531
2019-12-31,70.974853515625,93.24930572509766,142.89999389648438,68.63297271728516
2020-01-02,71.70923614501953,93.50650024414062,143.9499969482422,68.68402862548828
2020-01-03,71.09127807617188,93.78035736083984,145.86000061035156,68.74368286132812
2020-01-06,71.25247955322266,93.70570373535156,147.38999938964844,68.71812438964844
2020-01-07,71.07337188720703,93.60611724853516,147.97000122070312,68.73515319824219
2020-01-08,71.42264556884766,93.49822998046875,146.86000061035156,68.68402862548828
2020-01-09,71.8256607055664,93.59782409667969,146.02999877929688,68.69255828857422
2020-01-10,71.66444396972656,93.75543975830078,146.91000366210938,68.72663116455078
2020-01-13,72.20178985595703,93.69737243652344,145.82000732421875,68.69255828857422
2020-01-14,72.13910675048828,93.78035736083984,145.69000244140625,68.70960235595703
2020-01-15,72.09434509277344,93.9214096069336,146.5399932861328,68.74368286132812
2020-01-16,72.62273406982422,93.9214096069336,146.30999755859375,68.73515319824219
2020-01-17,72.81974792480469,93.81356048583984,146.5800018310547,68.74368286132812
2020-01-21,72.42568969726562,94.07911682128906,146.74000549316406,68.82028198242188
2020-01-22,72.47943878173828,94.12893676757812,146.7899932861328,68.86284637451172
2020-01-23,72.48841094970703,94.25338745117188,147.1199951171875,68.91394805908203
2020-01-24,71.88834381103516,94.42765045166016,147.97999572753906,68.94798278808594
2020-01-27,70.5539321899414,94.71810913085938,148.99000549316406,69.05017852783203
2020-01-28,71.2166519165039,94.63511657714844,147.66000366210938,68.99909973144531
2020-01-29,71.20769500732422,94.85088348388672,148.4600067138672,69.10974884033203
2020-01-30,71.20769500732422,94.85918426513672,148.47000122070312,69.10124969482422
2020-01-31,69.95390319824219,95.14131164550781,149.3300018310547,69.24600982666016
2020-02-03,70.42854309082031,95.11054992675781,148.36000061035156,69.23149108886719
2020-02-04,71.63758850097656,94.79451751708984,146.42999267578125,69.12063598632812
2020-02-05,72.31822204589844,94.65321350097656,146.61000061035156,69.06088256835938
2020-02-06,72.46150970458984,94.71136474609375,147.39999389648438,69.06088256835938
2020-02-07,71.98686981201172,94.98579406738281,147.7899932861328,69.16326904296875
2020-02-10,72.34510040283203,95.0938949584961,148.1699981689453,69.19739532470703
2020-02-11,72.71228790283203,94.97747802734375,147.66000366210938,69.14616394042969
2020-02-12,73.19589233398438,94.877685546875,147.5399932861328,69.09500885009766
2020-02-13,72.86453247070312,94.9442367553711,148.3800048828125,69.12063598632812
2020-02-14,72.9361801147461,95.04403686523438,149.0,69.17178344726562
2020-02-18,72.64959716796875,95.16874694824219,150.91000366210938,69.20591735839844
2020-02-19,72.95408630371094,95.14380645751953,151.7899932861328,69.1803207397461
2020-02-20,72.53317260742188,95.36003875732422,152.41000366210938,69.23149108886719
2020-02-21,71.96894836425781,95.55132293701172,154.6999969482422,69.30826568603516
2020-02-24,69.49713897705078,95.85899353027344,156.08999633789062,69.47891235351562
2020-02-25,67.71492767333984,96.02532196044922,153.3000030517578,69.5385971069336
2020-02-26,67.77763366699219,95.92550659179688,153.97000122070312,69.57272338867188
2020-02-27,65.40433502197266,95.94212341308594,154.0,69.66654968261719
2020-02-28,64.71473693847656,96.6490478515625,148.3800048828125,69.9053955078125
2020-03-02,66.85517883300781,96.61481475830078,149.1999969482422,69.95408630371094
2020-03-03,65.26104736328125,97.27316284179688,153.88999938964844,70.26166534423828
2020-03-04,67.93883514404297,97.19818878173828,154.16000366210938,70.34712982177734
2020-03-05,65.86107635498047,97.49815368652344,157.49000549316406,70.40696716308594
2020-03-06,64.68787384033203,98.21483612060547,157.5500030517578,70.50093078613281
2020-03-09,59.81589889526367,98.08980560302734,157.80999755859375,70.4924087524414
2020-03-10,62.56533432006836,96.98150634765625,154.47999572753906,70.13350677490234
2020-03-11,59.33229064941406,95.5982437133789,153.92999267578125,69.8857421875
2020-03-12,53.50204849243164,91.77326202392578,147.7899932861328,69.69776153564453
2020-03-13,57.33514404296875,93.21492767333984,143.27999877929688,69.60377502441406
2020-03-16,50.904869079589844,94.773193359375,141.63999938964844,69.23638153076172
2020-03-17,54.08418273925781,92.3232650756836,143.55999755859375,69.04835510253906
2020-03-18,50.833221435546875,88.806640625,140.6999969482422,68.34771728515625
2020-03-19,51.1556282043457,90.78995513916016,138.0399932861328,67.21980285644531
2020-03-20,49.534629821777344,91.6899642944336,140.11000061035156,68.55278015136719
2020-03-23,48.656951904296875,93.86488342285156,146.3000030517578,69.16798400878906
2020-03-24,52.61542892456055,94.639892578125,153.39999389648438,69.39869689941406
2020-03-25,54.05731201171875,95.60652923583984,151.3000030517578,69.97970581054688
2020-03-26,56.905269622802734,95.8982162475586,153.24000549316406,69.94552612304688
2020-03-27,55.239479064941406,96.30653381347656,152.25,69.8943099975586
2020-03-30,56.45747756958008,96.3982162475586,152.9199981689453,70.02244567871094
2020-03-31,56.036556243896484,96.13982391357422,148.0500030517578,70.21897888183594
2020-04-01,53.46623229980469,95.81330871582031,149.4499969482422,70.06061553955078
2020-04-02,54.54093551635742,95.95531463623047,151.89999389648438,70.16333770751953
2020-04-03,53.725948333740234,96.02214050292969,152.64999389648438,70.00072479248047
2020-04-06,57.03960037231445,96.48977661132812,156.8800048828125,70.1119613647461
2020-04-07,57.102294921875,96.62337493896484,156.0399932861328,70.171875
2020-04-08,58.48148727416992,96.7152328491211,154.64999389648438,70.308837890625
2020-04-09,59.33229064941406,97.91783142089844,158.69000244140625,70.67691802978516
2020-04-13,58.85763931274414,97.45849609375,161.41000366210938,70.62556457519531
2020-04-14,60.37118148803711,97.50862121582031,162.67999267578125,70.71114349365234
2020-04-15,58.86658477783203,97.909423828125,161.85000610351562,70.81385803222656
2020-04-16,59.11734390258789,98.03475189208984,161.7100067138672,70.78819274902344
2020-04-17,60.729408264160156,97.91783142089844,158.57000732421875,70.79674530029297
2020-04-20,59.8427734375,97.77584838867188,159.6999969482422,70.70258331298828
2020-04-21,58.0068244934082,97.82597351074219,158.61000061035156,70.69401550292969
2020-04-22,59.36811065673828,97.82597351074219,161.72999572753906,70.6597900390625
2020-04-23,59.30542755126953,98.05980682373047,163.33999633789062,70.71969604492188
2020-04-24,59.9144287109375,98.00969696044922,162.63999938964844,70.68545532226562
2020-04-27,60.89059829711914,97.55873107910156,161.55999755859375,70.66834259033203
2020-04-28,60.89955139160156,97.9428939819336,160.83999633789062,70.67691802978516
2020-04-29,62.51161193847656,98.00969696044922,161.72999572753906,70.78819274902344
2020-04-30,61.54438018798828,97.79254913330078,158.8000030517578,70.77108764648438
2020-05-01,59.92338943481445,97.79756164550781,159.77999877929688,70.7847671508789
2020-05-04,60.12039566040039,97.88127136230469,160.33999633789062,70.7933578491211
2020-05-05,60.54132080078125,97.8058853149414,161.02000427246094,70.7762222290039
2020-05-06,60.21891403198242,97.41266632080078,158.9499969482422,70.7847671508789
2020-05-07,61.01598358154297,97.71389770507812,161.38999938964844,70.81909942626953
2020-05-08,62.02799606323242,97.4544677734375,160.4199981689453,70.84477233886719
2020-05-11,62.09069061279297,97.16160583496094,159.4199981689453,70.7933578491211
2020-05-12,61.042850494384766,97.41266632080078,160.0399932861328,70.87051391601562
2020-05-13,60.23683547973633,97.5716323852539,161.5800018310547,70.91336822509766
2020-05-14,60.612979888916016,97.87290954589844,163.00999450683594,70.92198944091797
2020-05-15,60.66669845581055,97.93148803710938,163.92999267578125,70.9562759399414
2020-05-18,62.7265510559082,97.78919982910156,162.69000244140625,70.91336822509766
2020-05-19,62.09069061279297,97.89798736572266,164.25999450683594,70.98197937011719
2020-05-20,63.129554748535156,98.1490249633789,164.64999389648438,71.03340148925781
2020-05-21,62.57430648803711,98.2243423461914,162.25,70.9562759399414
2020-05-22,62.50265884399414,98.2745361328125,163.2100067138672,71.02484130859375
2020-05-26,63.675846099853516,98.11556243896484,160.88999938964844,71.04199981689453
2020-05-27,64.47291564941406,98.25782775878906,161.17999267578125,71.0591049194336
2020-05-28,64.52666473388672,98.19084930419922,161.72000122070312,71.11917877197266
2020-05-29,64.6789321899414,98.45030212402344,162.91000366210938,71.17062377929688
2020-06-01,65.50284576416016,98.39497375488281,163.66000366210938,71.20667266845703
2020-06-02,66.21932220458984,98.47882080078125,162.60000610351562,71.1981201171875
2020-06-03,67.30296325683594,98.23567199707031,159.60000610351562,71.16372680664062
2020-06-04,66.93578338623047,97.94227600097656,161.27999877929688,71.12081909179688
2020-06-05,68.46722412109375,98.00096130371094,158.00999450683594,71.06071472167969
2020-06-08,69.26428985595703,98.10993194580078,159.72000122070312,71.07786560058594
2020-06-09,68.65530395507812,98.23567199707031,161.25999450683594,71.10364532470703
2020-06-10,68.46722412109375,98.63809967041016,163.57000732421875,71.24104309082031
2020-06-11,64.61621856689453,98.4704360961914,162.38999938964844,71.15515899658203
2020-06-12,65.5476303100586,98.5710220336914,162.6199951171875,71.14654541015625
2020-06-15,65.9937973022461,98.89795684814453,162.3300018310547,71.31831359863281
2020-06-16,67.08660125732422,98.70512390136719,162.25,71.27536010742188
2020-06-17,67.05048370361328,98.62129974365234,162.55999755859375,71.27536010742188
2020-06-18,66.96920013427734,98.7219009399414,162.24000549316406,71.25819396972656
2020-06-19,66.5898666381836,98.75542449951172,164.02999877929688,71.27536010742188
2020-06-22,67.25820922851562,98.73028564453125,165.08999633789062,71.28398132324219
2020-06-23,67.57431030273438,98.71353912353516,166.47999572753906,71.29257202148438
2020-06-24,65.9847640991211,98.69676208496094,165.89999389648438,71.3011474609375
2020-06-25,66.6892318725586,98.81412506103516,165.8000030517578,71.3011474609375
2020-06-26,65.397705078125,98.93152618408203,166.5399932861328,71.32688903808594
2020-06-29,66.1473159790039,99.01533508300781,166.6300048828125,71.35265350341797
2020-06-30,66.5808334350586,99.09913635253906,167.3699951171875,71.37841033935547
2020-07-01,67.07756805419922,99.1520767211914,166.6199951171875,71.39736938476562
2020-07-02,67.70075225830078,99.2696762084961,166.97999572753906,71.44895935058594
2020-07-06,69.00130462646484,99.2612533569336,167.97999572753906,71.40593719482422
2020-07-07,68.1974868774414,99.41243743896484,169.0399932861328,71.43174743652344
2020-07-08,68.90196228027344,99.37885284423828,170.08999633789062,71.41454315185547
2020-07-09,68.47747039794922,99.63920593261719,169.6300048828125,71.41454315185547
2020-07-10,69.02839660644531,99.52163696289062,169.19000244140625,71.41454315185547
2020-07-13,68.42328643798828,99.51323699951172,169.39999389648438,71.42316436767578
2020-07-14,69.27224731445312,99.67281341552734,170.19000244140625,71.44895935058594
2020-07-15,69.9586410522461,99.68122100830078,170.33999633789062,71.45753479003906
2020-07-16,69.5341796875,99.74840545654297,168.72999572753906,71.47474670410156
2020-07-17,69.77803039550781,99.84918975830078,170.1199951171875,71.49195098876953
2020-07-20,70.39216613769531,99.95838928222656,170.94000244140625,71.48332214355469
2020-07-21,70.60892486572266,100.01720428466797,173.0,71.5263442993164
2020-07-22,70.83472442626953,100.1011734008789,175.6300048828125,71.53497314453125
2020-07-23,70.1031723022461,100.2187728881836,177.17999267578125,71.50054168701172
2020-07-24,69.68770599365234,100.18516540527344,178.6999969482422,71.50054168701172
2020-07-27,70.46443176269531,100.11798858642578,182.22999572753906,71.48332214355469
2020-07-28,69.98574829101562,100.18516540527344,183.75,71.50054168701172
2020-07-29,70.81666564941406,100.3027572631836,185.1300048828125,71.5521240234375
2020-07-30,70.35604858398438,100.37835693359375,183.75999450683594,71.58650970458984
2020-07-31,70.14832305908203,100.42034149169922,185.42999267578125,71.63816833496094
2020-08-03,70.88890075683594,100.45989227294922,185.63999938964844,71.62953186035156
2020-08-04,71.25920104980469,100.65339660644531,189.58999633789062,71.66397857666016
2020-08-05,71.74691009521484,100.45989227294922,191.35000610351562,71.62092590332031
2020-08-06,71.99978637695312,100.6029281616211,193.88999938964844,71.64678192138672
2020-08-07,71.6746597290039,100.4851303100586,190.80999755859375,71.61235046386719
2020-08-10,71.85528564453125,100.39257049560547,190.14999389648438,71.63817596435547
2020-08-11,71.60240936279297,100.11491394042969,179.94000244140625,71.56062316894531
2020-08-12,72.7313461303711,99.91299438476562,179.10000610351562,71.54342651367188
2020-08-13,72.57780456542969,99.54276275634766,183.3300018310547,71.49175262451172
2020-08-14,72.41525268554688,99.45024108886719,182.5399932861328,71.52620697021484
2020-08-17,72.93907928466797,99.5848388671875,186.5,71.52620697021484
2020-08-18,73.02035522460938,99.72791290283203,188.17999267578125,71.5778579711914
2020-08-19,72.62297821044922,99.57644653320312,182.24000549316406,71.60369110107422
2020-08-20,72.6952133178711,99.75312042236328,183.5,71.60369110107422
2020-08-21,72.8126220703125,99.85411071777344,182.02999877929688,71.5864486694336
2020-08-24,73.58935546875,99.81201171875,181.0,71.5778579711914
2020-08-25,73.87837982177734,99.60167694091797,181.22000122070312,71.53479766845703
2020-08-26,74.48348236083984,99.5848388671875,183.36000061035156,71.56062316894531
2020-08-27,74.25769805908203,99.23992156982422,181.24000549316406,71.54342651367188
2020-08-28,74.82669067382812,99.37451934814453,184.38999938964844,71.5950927734375
2020-08-31,74.3750991821289,99.59326934814453,184.8300018310547,71.62092590332031
2020-09-01,75.01634216308594,99.79976654052734,185.0500030517578,71.66058349609375
2020-09-02,75.87434387207031,100.00202941894531,182.6199951171875,71.66058349609375
2020-09-03,73.562255859375,100.02731323242188,181.13999938964844,71.6519546508789
2020-09-04,73.20100402832031,99.53006744384766,181.63999938964844,71.58296203613281
2020-09-08,71.48500061035156,99.63964080810547,181.2899932861328,71.59160614013672
2020-09-09,72.8848876953125,99.6312026977539,183.0500030517578,71.61747741699219
2020-09-10,71.81011962890625,99.63964080810547,182.4600067138672,71.60884094238281
2020-09-11,72.07205200195312,99.75761413574219,182.4499969482422,71.63469696044922
2020-09-14,72.95714569091797,99.76602935791016,183.88999938964844,71.63469696044922
2020-09-15,73.44485473632812,99.77446746826172,183.4499969482422,71.64330291748047
2020-09-16,73.24613952636719,99.72390747070312,183.97000122070312,71.64330291748047
2020-09-17,72.8487777709961,99.74915313720703,182.9600067138672,71.61747741699219
2020-09-18,72.16236877441406,99.6312026977539,183.1999969482422,71.61747741699219
2020-09-21,71.16888427734375,99.6480484008789,179.52000427246094,71.59160614013672
2020-09-22,71.5030517578125,99.72390747070312,178.64999389648438,71.61747741699219
2020-09-23,70.17542266845703,99.51319885253906,174.7899932861328,71.57431030273438
2020-09-24,70.21154022216797,99.52159881591797,175.44000244140625,71.54846954345703
2020-09-25,70.97921752929688,99.55532836914062,174.94000244140625,71.54846954345703
2020-09-28,72.10816192626953,99.63964080810547,176.6999969482422,71.61747741699219
2020-09-29,71.85528564453125,99.6565170288086,178.19000244140625,71.62611389160156
2020-09-30,72.180419921875,99.49634552001953,177.1199951171875,71.62611389160156
2020-10-01,72.7223129272461,99.63311767578125,178.6999969482422,71.63385009765625
2020-10-02,72.17139434814453,99.53179931640625,178.5399932861328,71.60796356201172
2020-10-05,73.36356353759766,99.21102905273438,179.41000366210938,71.59066772460938
2020-10-06,72.57780456542969,99.29546356201172,177.3000030517578,71.55613708496094
2020-10-07,73.57128143310547,99.22792053222656,177.22000122070312,71.54749298095703
2020-10-08,74.16737365722656,99.35453796386719,177.85000610351562,71.56475067138672
2020-10-09,74.7995834350586,99.37987518310547,181.0800018310547,71.59066772460938
2020-10-12,75.67564392089844,99.57405853271484,180.55999755859375,71.59931182861328
2020-10-13,75.16989135742188,99.59933471679688,177.72000122070312,71.6424789428711
2020-10-14,74.8086166381836,99.65843963623047,178.27000427246094,71.63385009765625
2020-10-15,74.42025756835938,99.57405853271484,178.9199981689453,71.61659240722656
2020-10-16,74.46540832519531,99.52339172363281,178.3000030517578,71.63385009765625
2020-10-19,73.73384857177734,99.40521240234375,178.38999938964844,71.58202362060547
2020-10-20,74.08609771728516,99.32074737548828,179.25,71.59066772460938
2020-10-21,73.90545654296875,99.20258331298828,180.60000610351562,71.59066772460938
2020-10-22,74.14027404785156,99.02528381347656,178.8300018310547,71.57344055175781
2020-10-23,74.45638275146484,99.1688003540039,178.63999938964844,71.59066772460938
2020-10-26,73.20100402832031,99.30387878417969,178.5500030517578,71.59066772460938
2020-10-27,72.95714569091797,99.53179931640625,179.02000427246094,71.61659240722656
2020-10-28,70.62699127197266,99.38831329345703,176.1300048828125,71.61659240722656
2020-10-29,71.18694305419922,99.21102905273438,175.39999389648438,71.55613708496094
2020-10-30,70.57280731201172,98.94086456298828,176.1999969482422,71.53023529052734
2020-11-02,71.3495101928711,99.12016296386719,177.91000366210938,71.54492950439453
2020-11-03,72.65910339355469,99.07784271240234,178.9199981689453,71.52766418457031
2020-11-04,74.19446563720703,99.73744201660156,178.82000732421875,71.64004516601562
2020-11-05,75.7027359008789,99.83041381835938,182.92999267578125,71.63143157958984
2020-11-06,75.8021011352539,99.61056518554688,183.19000244140625,71.60547637939453
2020-11-09,76.9039535522461,99.14551544189453,175.0800018310547,71.51902770996094
2020-11-10,76.8407211303711,98.98484802246094,175.66000366210938,71.48444366455078
2020-11-11,77.48197174072266,99.04403686523438,174.89999389648438,71.5362777709961
2020-11-12,76.64202880859375,99.45841217041016,175.9600067138672,71.57088470458984
2020-11-13,77.67162322998047,99.4752426147461,177.16000366210938,71.57955169677734
2020-11-16,78.62896728515625,99.46682739257812,177.14999389648438,71.59685516357422
2020-11-17,78.43931579589844,99.66976165771484,176.5,71.61408233642578
2020-11-18,77.78001403808594,99.73744201660156,175.49000549316406,71.59685516357422
2020-11-19,78.17738342285156,99.92347717285156,175.16000366210938,71.61408233642578
2020-11-20,77.98773193359375,100.0249252319336,175.69000244140625,71.63143157958984
2020-11-23,78.27674102783203,99.99958038330078,172.22999572753906,71.63143157958984
2020-11-24,79.44181823730469,99.86427307128906,169.58999633789062,71.64869689941406
2020-11-25,79.36053466796875,99.83041381835938,169.50999450683594,71.64869689941406
2020-11-27,79.8482437133789,99.99958038330078,167.7899932861328,71.67462921142578
2020-11-30,78.87284088134766,100.1348876953125,166.6699981689453,71.69193267822266
2020-12-01,79.99275970458984,99.81803894042969,170.17999267578125,71.64170837402344
2020-12-02,80.15532684326172,99.70793151855469,171.4600067138672,71.62439727783203
2020-12-03,80.29078674316406,99.8773422241211,172.80999755859375,71.69367218017578
2020-12-04,80.99525451660156,99.60624694824219,172.32000732421875,71.68504333496094
2020-12-07,80.80558013916016,99.75871276855469,174.88999938964844,71.7022933959961
2020-12-08,81.08555603027344,99.7672119140625,175.5,71.7022933959961
2020-12-09,80.51659393310547,99.62322235107422,172.5,71.65904235839844
2020-12-10,80.73334503173828,99.86885070800781,172.1699981689453,71.72828674316406
2020-12-11,80.5256118774414,99.97897338867188,172.49000549316406,71.7715835571289
2020-12-14,80.28533172607422,99.91969299316406,171.5399932861328,71.74561309814453
2020-12-15,81.3047103881836,99.97897338867188,173.94000244140625,71.7629165649414
2020-12-16,81.50495147705078,99.9366226196289,174.89999389648438,71.7629165649414
2020-12-17,82.08744812011719,99.93241119384766,176.74000549316406,71.7629165649414
2020-12-18,81.71427154541016,99.88152313232422,176.44000244140625,71.78023529052734
2020-12-21,81.19548797607422,99.88152313232422,175.8800048828125,71.7629165649414
2020-12-22,81.0589599609375,100.02564239501953,174.49000549316406,71.78023529052734
2020-12-23,81.44123077392578,99.95781707763672,175.64999389648438,71.7992935180664
2020-12-24,81.54135131835938,100.0511245727539,176.35000610351562,71.8253173828125
2020-12-28,82.07835388183594,100.06806945800781,175.7100067138672,71.8080062866211
2020-12-29,82.2421646118164,100.08504486083984,176.35000610351562,71.8253173828125
2020-12-30,82.51522064208984,100.1443862915039,177.6999969482422,71.8253173828125
2020-12-31,82.56983947753906,100.22067260742188,178.36000061035156,71.85997772216797
2021-01-04,82.11475372314453,100.093505859375,182.3300018310547,71.85131072998047
2021-01-05,82.9612045288086,99.99175262451172,182.8699951171875,71.81665802001953
2021-01-06,83.42537689208984,99.49992370605469,179.89999389648438,71.74730682373047
2021-01-07,84.29914093017578,99.3981704711914,179.47999572753906,71.7386703491211
2021-01-08,85.04547119140625,99.27947235107422,173.33999633789062,71.70397186279297
2021-01-11,84.29914093017578,99.11834716796875,173.0,71.70397186279297
2021-01-12,84.59947967529297,99.20311737060547,174.1199951171875,71.71261596679688
2021-01-13,84.65409851074219,99.51688385009766,173.3699951171875,71.75598907470703
2021-01-14,84.7815170288086,99.32186889648438,173.27999877929688,71.74730682373047
2021-01-15,83.88957214355469,99.42359924316406,171.1300048828125,71.7386703491211
2021-01-19,84.67228698730469,99.55931091308594,172.5800018310547,71.7646255493164
2021-01-20,85.72809600830078,99.56775665283203,175.38999938964844,71.7733383178711
2021-01-21,85.74628448486328,99.42359924316406,175.27999877929688,71.7992935180664
2021-01-22,85.34580993652344,99.42359924316406,173.89999389648438,71.7646255493164
2021-01-25,85.62798309326172,99.67799377441406,174.0500030517578,71.81665802001953
2021-01-26,85.36402130126953,99.64408111572266,173.6199951171875,71.7992935180664
2021-01-27,83.26155090332031,99.65254211425781,172.52000427246094,71.81665802001953
2021-01-28,83.96237182617188,99.58472442626953,172.67999267578125,71.781982421875
2021-01-29,82.31501007080078,99.47447967529297,172.61000061035156,71.81665802001953
2021-02-01,83.71662139892578,99.56963348388672,174.22999572753906,71.82186126708984
2021-02-02,84.7815170288086,99.41671752929688,172.11000061035156,71.81320190429688
2021-02-03,84.9271469116211,99.2978515625,171.85000610351562,71.78714752197266
2021-02-04,85.5096435546875,99.25536346435547,168.14999389648438,71.79584503173828
2021-02-05,86.00113677978516,99.12791442871094,169.80999755859375,71.80448913574219
2021-02-08,86.6473388671875,99.22990417480469,171.52000427246094,71.80448913574219
2021-02-09,86.82028198242188,99.27232360839844,172.0800018310547,71.81320190429688
2021-02-10,86.83849334716797,99.36576843261719,172.7100067138672,71.83052062988281
2021-02-11,87.26626586914062,99.24688720703125,171.2100067138672,71.83924102783203
2021-02-12,87.6849365234375,99.01752471923828,170.69000244140625,71.81320190429688
2021-02-16,87.8487777709961,98.5503921508789,168.24000549316406,71.75244140625
2021-02-17,87.67583465576172,98.74571228027344,166.3300018310547,71.76973724365234
2021-02-18,87.06603240966797,98.69477081298828,166.32000732421875,71.7784423828125
2021-02-19,87.22074890136719,98.38898468017578,167.00999450683594,71.73504638671875
2021-02-22,86.31968688964844,98.083251953125,169.50999450683594,71.70904541015625
2021-02-23,86.38340759277344,98.10871887207031,169.1199951171875,71.72639465332031
2021-02-24,86.8749008178711,98.07473754882812,169.0,71.70904541015625
2021-02-25,84.95445251464844,97.17445373535156,165.82000732421875,71.43134307861328
2021-02-26,84.19902038574219,97.9643325805664,161.80999755859375,71.53546905517578
2021-03-01,86.13764953613281,97.91329193115234,161.52999877929688,71.59107208251953
2021-03-02,85.58244323730469,97.9303207397461,162.41000366210938,71.6258316040039
2021-03-03,84.64498901367188,97.572998046875,160.6199951171875,71.54763793945312
2021-03-04,83.43448638916016,97.2922134399414,159.0399932861328,71.4694595336914
2021-03-05,84.60858154296875,97.22420501708984,159.13999938964844,71.45207977294922
2021-03-08,83.86225891113281,96.8413314819336,157.49000549316406,71.30440521240234
2021-03-09,85.29120635986328,97.20718383789062,160.83999633789062,71.35652923583984
2021-03-10,85.67347717285156,97.36882019042969,161.66000366210938,71.40863800048828
2021-03-11,86.78387451171875,97.36032104492188,161.52000427246094,71.46075439453125
2021-03-12,86.62004852294922,96.80731201171875,161.49000549316406,71.3912582397461
2021-03-15,87.084228515625,96.909423828125,162.1999969482422,71.40863800048828
2021-03-16,87.07512664794922,96.87538146972656,162.35000610351562,71.43468475341797
2021-03-17,87.32997131347656,96.8668441772461,163.50999450683594,71.48680877685547
2021-03-18,86.1558609008789,96.49253845214844,162.55999755859375,71.40863800048828
2021-03-19,86.21958923339844,96.5691146850586,163.24000549316406,71.3912582397461
2021-03-22,86.65644836425781,96.75626373291016,163.0,71.40863800048828
2021-03-23,85.67347717285156,97.00299835205078,161.80999755859375,71.4694595336914
2021-03-24,84.96354675292969,97.1220932006836,162.3699951171875,71.4694595336914
2021-03-25,85.34580993652344,97.07105255126953,161.77999877929688,71.50418090820312
2021-03-26,86.76568603515625,96.909423828125,162.24000549316406,71.46075439453125
2021-03-29,86.56543731689453,96.74774169921875,160.30999755859375,71.43468475341797
2021-03-30,86.42890930175781,96.82434844970703,157.57000732421875,71.40863800048828
2021-03-31,86.60185241699219,96.8413314819336,159.9600067138672,71.39994049072266
2021-04-01,87.7304458618164,97.16683197021484,161.97999572753906,71.41647338867188
2021-04-05,88.70430755615234,96.97083282470703,161.9199981689453,71.3816909790039
2021-04-06,88.60417938232422,97.31166076660156,163.22000122070312,71.46864318847656
2021-04-07,88.45856475830078,97.15829467773438,162.75999450683594,71.49473571777344
2021-04-08,89.0046615600586,97.39688110351562,164.50999450683594,71.529541015625
2021-04-09,89.4051513671875,97.28609466552734,163.27000427246094,71.47732543945312
2021-04-12,89.15939331054688,97.26056671142578,162.27999877929688,71.45124816894531
2021-04-13,89.57807159423828,97.54170989990234,163.42999267578125,71.51212310791016
2021-04-14,89.5234603881836,97.46504211425781,162.72000122070312,71.50346374511719
2021-04-15,90.36990356445312,97.84844970703125,165.35000610351562,71.5643081665039
2021-04-16,90.7248764038086,97.5928726196289,166.35000610351562,71.5382080078125
2021-04-19,90.35169982910156,97.51615142822266,165.88999938964844,71.5382080078125
2021-04-20,89.38693237304688,97.66949462890625,166.47999572753906,71.5643081665039
2021-04-21,90.17877960205078,97.76326751708984,168.1300048828125,71.5643081665039
2021-04-22,89.63268280029297,97.78880310058594,167.0399932861328,71.59040832519531
2021-04-23,90.60655212402344,97.77175903320312,166.39999389648438,71.58171081542969
2021-04-26,90.79769134521484,97.68656921386719,166.83999633789062,71.5643081665039
2021-04-27,90.76127624511719,97.4480209350586,166.4199981689453,71.5382080078125
2021-04-28,90.90690612792969,97.49913787841797,166.91000366210938,71.5643081665039
2021-04-29,91.12533569335938,97.4480209350586,166.22000122070312,71.5643081665039
2021-04-30,90.2789077758789,97.55021667480469,165.66000366210938,71.58171081542969
2021-05-03,90.63385772705078,97.612548828125,167.80999755859375,71.59388732910156
2021-05-04,89.7782974243164,97.73197174072266,166.5800018310547,71.60260772705078
2021-05-05,90.10595703125,97.8088150024414,167.27000427246094,71.66352844238281
2021-05-06,90.75216674804688,97.82585144042969,170.05999755859375,71.64611053466797
2021-05-07,91.57131958007812,97.8002700805664,171.58999633789062,71.6983642578125
2021-05-10,90.67027282714844,97.64669036865234,172.11000061035156,71.6722412109375
2021-05-11,89.92394256591797,97.43333435058594,172.13999938964844,71.637451171875
2021-05-12,88.06720733642578,97.09201049804688,170.42999267578125,71.58516693115234
2021-05-13,88.77713012695312,97.3138656616211,171.1300048828125,71.637451171875
2021-05-14,90.17877960205078,97.53573608398438,172.69000244140625,71.65483856201172
2021-05-17,90.04225158691406,97.45040130615234,174.6999969482422,71.64611053466797
2021-05-18,89.79651641845703,97.33094024658203,175.0399932861328,71.66352844238281
2021-05-19,89.37782287597656,97.19439697265625,175.16000366210938,71.62872314453125
2021-05-20,90.40631103515625,97.5271987915039,175.9600067138672,71.68096160888672
2021-05-21,90.30619812011719,97.56986236572266,176.0399932861328,71.68096160888672
2021-05-24,91.01612854003906,97.66372680664062,176.35000610351562,71.6983642578125
2021-05-25,91.01612854003906,97.90266418457031,177.9499969482422,71.73316955566406
2021-05-26,91.23456573486328,97.86853790283203,177.63999938964844,71.72445678710938
2021-05-27,91.33467864990234,97.7490463256836,177.7100067138672,71.6983642578125
2021-05-28,91.60772705078125,97.7490463256836,178.3800048828125,71.73316955566406
2021-06-01,91.90808868408203,97.70378112792969,177.89999389648438,71.71836853027344
2021-06-02,92.00819396972656,97.83194732666016,178.77000427246094,71.73580932617188
2021-06-03,91.52581024169922,97.60122680664062,175.27000427246094,71.66609191894531
2021-06-04,92.37226867675781,98.00286865234375,177.16000366210938,71.74449157714844
2021-06-07,92.39956665039062,97.93453216552734,177.8699951171875,71.73580932617188
2021-06-08,92.35406494140625,98.11395263671875,177.32000732421875,71.761962890625
2021-06-09,92.11741638183594,98.310546875,176.97999572753906,71.77935791015625
2021-06-10,92.57943725585938,98.51563262939453,177.74000549316406,71.83167266845703
2021-06-11,92.7536392211914,98.472900390625,175.74000549316406,71.79676818847656
2021-06-14,92.99198150634766,98.22508239746094,174.7100067138672,71.761962890625
2021-06-15,92.80863189697266,98.26779174804688,174.0500030517578,71.75324249267578
2021-06-16,92.21275329589844,97.95159149169922,171.11000061035156,71.59635162353516
2021-06-17,92.03858947753906,98.25926971435547,165.85000610351562,71.57022094726562
2021-06-18,90.81934356689453,98.52417755126953,164.92999267578125,71.54407501220703
2021-06-21,91.89189910888672,98.26779174804688,166.9499969482422,71.54407501220703
2021-06-22,92.26776123046875,98.37035369873047,166.25,71.60508728027344
2021-06-23,92.09359741210938,98.31907653808594,166.13999938964844,71.56149291992188
2021-06-24,92.74444580078125,98.35324096679688,166.0399932861328,71.55278015136719
2021-06-25,93.12031555175781,98.15670013427734,166.58999633789062,71.53538513183594
2021-06-28,93.09281158447266,98.4387435913086,166.5800018310547,71.57022094726562
2021-06-29,93.12947845458984,98.489990234375,164.8300018310547,71.587646484375
2021-06-30,92.76280212402344,98.55834197998047,165.6300048828125,71.59635162353516
2021-07-01,93.14781951904297,98.50358581542969,166.1999969482422,71.57718658447266
2021-07-02,93.57867431640625,98.71751403808594,167.2899932861328,71.62950134277344
2021-07-06,93.18447875976562,99.0341567993164,168.1199951171875,71.69054412841797
2021-07-07,93.38617706298828,99.20529174804688,168.75999450683594,71.72545623779297
2021-07-08,92.35943603515625,99.3165512084961,168.64999389648438,71.77780151367188
2021-07-09,93.57867431640625,98.9913330078125,169.2100067138672,71.72545623779297
2021-07-12,93.85369110107422,98.93144989013672,169.0,71.68185424804688
2021-07-13,93.5328369140625,98.71751403808594,169.22000122070312,71.62076568603516
2021-07-14,93.66117858886719,99.05127716064453,171.0399932861328,71.69054412841797
2021-07-15,93.26698303222656,99.26518249511719,171.07000732421875,71.70802307128906
2021-07-16,92.56110382080078,99.17961120605469,169.41000366210938,71.68185424804688
2021-07-19,91.15853881835938,99.70159149169922,169.61000061035156,71.78654479980469
2021-07-20,92.16691589355469,99.60746765136719,169.38999938964844,71.80398559570312
2021-07-21,93.1386489868164,99.28229522705078,168.75999450683594,71.77780151367188
2021-07-22,93.29448699951172,99.51332092285156,169.08999633789062,71.81265258789062
2021-07-23,93.88119506835938,99.44488525390625,168.55999755859375,71.81265258789062
2021-07-26,93.82617950439453,99.35932922363281,168.16000366210938,71.81265258789062
2021-07-27,93.19365692138672,99.59036254882812,168.44000244140625,71.83013153076172
2021-07-28,93.62449645996094,99.68450164794922,169.2899932861328,71.864990234375
2021-07-29,94.13787078857422,99.52188873291016,171.1699981689453,71.83013153076172
2021-07-30,93.60616302490234,99.65882110595703,169.82000732421875,71.864990234375
2021-08-02,93.65200805664062,99.87047576904297,169.61000061035156,71.91914367675781
2021-08-03,94.32121276855469,99.90478515625,169.49000549316406,71.93661499023438
2021-08-04,94.12870788574219,99.89619445800781,169.52999877929688,71.89295959472656
2021-08-05,94.53206634521484,99.67338562011719,168.86000061035156,71.81440734863281
2021-08-06,94.37621307373047,99.22773742675781,164.63999938964844,71.74456024169922
2021-08-09,94.42204284667969,99.04781341552734,161.72000122070312,71.70091247558594
2021-08-10,94.54122161865234,98.91928100585938,161.77000427246094,71.64849853515625
2021-08-11,94.83456420898438,99.01353454589844,164.0,71.70091247558594
2021-08-12,94.88041687011719,99.0220947265625,164.0399932861328,71.68341827392578
2021-08-13,95.1187515258789,99.38199615478516,166.38999938964844,71.7358169555664
2021-08-16,94.99042510986328,99.43345642089844,167.22000122070312,71.7881851196289
2021-08-17,94.11036682128906,99.35631561279297,166.97000122070312,71.75325012207031
2021-08-18,93.46866607666016,99.3648910522461,167.10000610351562,71.71835327148438
2021-08-19,92.9736328125,99.53630065917969,166.61000061035156,71.71835327148438
2021-08-20,93.52365112304688,99.54486083984375,166.6999969482422,71.7270736694336
2021-08-23,94.46788787841797,99.54486083984375,168.72999572753906,71.74456024169922
2021-08-24,94.89874267578125,99.39916229248047,168.64999389648438,71.7270736694336
2021-08-25,95.01791381835938,99.21061706542969,167.47999572753906,71.70964050292969
2021-08-26,94.41288757324219,99.21916961669922,167.6699981689453,71.70091247558594
2021-08-27,95.3204345703125,99.49342346191406,170.19000244140625,71.77074432373047
2021-08-30,95.57713317871094,99.60484313964844,169.35000610351562,71.81440734863281
2021-08-31,95.64130401611328,99.45915222167969,169.69000244140625,71.81440734863281
2021-09-01,96.03548431396484,99.49089813232422,169.6999969482422,71.8108901977539
2021-09-02,96.30133056640625,99.59391021728516,169.25,71.81961059570312
2021-09-03,96.52133178710938,99.42223358154297,171.05999755859375,71.8108901977539
2021-09-07,96.37466430664062,99.15620422363281,167.7100067138672,71.74970245361328
2021-09-08,95.86128997802734,99.31929016113281,167.2899932861328,71.77596282958984
2021-09-09,95.60462188720703,99.6368179321289,168.02999877929688,71.80216979980469
2021-09-10,95.04541015625,99.43943786621094,167.17999267578125,71.7846908569336
2021-09-13,95.39376831054688,99.56814575195312,167.74000549316406,71.79341888427734
2021-09-14,94.8254165649414,99.79125213623047,168.82000732421875,71.8108901977539
2021-09-15,95.39376831054688,99.69688415527344,167.8300018310547,71.8108901977539
2021-09-16,95.14625549316406,99.52522277832031,164.02999877929688,71.76721954345703
2021-09-17,94.20204162597656,99.43943786621094,163.77000427246094,71.73225402832031
2021-09-20,92.54279327392578,99.62821960449219,164.94000244140625,71.76721954345703
2021-09-21,92.76280212402344,99.67115783691406,166.0399932861328,71.7846908569336
2021-09-22,93.61534881591797,99.70547485351562,165.4199981689453,71.70602416992188
2021-09-23,94.6420669555664,99.21627807617188,163.50999450683594,71.65359497070312
2021-09-24,94.37621307373047,99.04463958740234,163.3000030517578,71.60990905761719
2021-09-27,94.27538299560547,98.90733337402344,163.63999938964844,71.59243774414062
2021-09-28,92.41444396972656,98.49537658691406,162.0500030517578,71.56622314453125
2021-09-29,92.25859069824219,98.56403350830078,161.32000732421875,71.6011962890625
2021-09-30,91.59855651855469,98.546875,164.22000122070312,71.6011962890625
2021-10-01,92.36859130859375,98.84773254394531,164.58999633789062,71.70001220703125
2021-10-04,91.23187255859375,98.77896881103516,165.36000061035156,71.65628814697266
2021-10-05,92.02025604248047,98.54688262939453,164.58999633789062,71.6125259399414
2021-10-06,92.09359741210938,98.58985137939453,165.02999877929688,71.59508514404297
2021-10-07,93.10197448730469,98.3148193359375,164.16000366210938,71.55134582519531
2021-10-08,93.00113677978516,98.09991455078125,164.22999572753906,71.50757598876953
2021-10-11,92.45110321044922,97.94523620605469,163.9199981689453,71.42013549804688
2021-10-12,92.3319320678711,98.30621337890625,164.66000366210938,71.47259521484375
2021-10-13,93.02863311767578,98.5296859741211,167.58999633789062,71.44638061523438
2021-10-14,94.22953033447266,98.71879577636719,168.0,71.47259521484375
2021-10-15,94.99957275390625,98.4781494140625,165.3300018310547,71.38514709472656
2021-10-18,95.05459594726562,98.40937805175781,164.9199981689453,71.2977066040039
2021-10-19,95.86128997802734,98.12571716308594,165.4499969482422,71.32392883300781
2021-10-20,96.14547729492188,98.05693817138672,166.89999389648438,71.34140014648438
2021-10-21,96.163818359375,97.85066986083984,166.75,71.19274139404297
2021-10-22,96.1729965209961,98.0397720336914,167.77000427246094,71.20149230957031
2021-10-25,96.50300598144531,98.13435363769531,168.92999267578125,71.28016662597656
2021-10-26,96.447998046875,98.3148193359375,167.67999267578125,71.24520874023438
2021-10-27,95.9713134765625,98.64146423339844,168.1199951171875,71.26270294189453
2021-10-28,96.8055191040039,98.56407928466797,168.0800018310547,71.24520874023438
2021-10-29,96.5396728515625,98.53826904296875,166.64999389648438,71.22773742675781
2021-11-01,97.0255355834961,98.47803497314453,167.52000427246094,71.23908996582031
2021-11-02,97.08055877685547,98.67601013183594,167.16000366210938,71.32662963867188
2021-11-03,97.70390319824219,98.47803497314453,165.77000427246094,71.31787872314453
2021-11-04,97.91474914550781,98.80517578125,167.64999389648438,71.40541076660156
2021-11-05,98.10726165771484,99.19255828857422,169.83999633789062,71.4842529296875
2021-11-08,98.29060363769531,99.01177978515625,170.4499969482422,71.36166381835938
2021-11-09,98.04307556152344,99.28727722167969,171.2899932861328,71.41416931152344
2021-11-10,97.15387725830078,98.61573791503906,173.14999389648438,71.18656921386719
2021-11-11,97.47472381591797,98.43495178222656,174.1199951171875,71.09903717041016
2021-11-12,98.1530990600586,98.41777801513672,174.4499969482422,71.16907501220703
2021-11-15,98.09809112548828,98.0561752319336,174.17999267578125,71.12529754638672
2021-11-16,98.29977416992188,98.02175903320312,172.9199981689453,71.11654663085938
2021-11-17,98.02476501464844,98.25418090820312,174.5,71.16907501220703
2021-11-18,98.05225372314453,98.34029388427734,173.94000244140625,71.17782592773438
2021-11-19,97.70390319824219,98.52967834472656,172.61000061035156,71.14280700683594
2021-11-22,97.11721801757812,98.0561752319336,168.74000549316406,70.99398040771484
2021-11-23,97.08969116210938,97.66879272460938,167.27999877929688,70.97651672363281
2021-11-24,97.12637329101562,97.89262390136719,167.1199951171875,70.91520690917969
2021-11-26,94.7612533569336,98.5899658203125,166.85000610351562,71.16907501220703
2021-11-29,95.61378479003906,98.64163970947266,166.6199951171875,71.18656921386719
2021-11-30,94.31204223632812,98.80517578125,165.5,71.18656921386719
2021-12-01,93.26698303222656,98.8241195678711,166.16000366210938,71.19709777832031
2021-12-02,94.61456298828125,98.80689239501953,165.24000549316406,71.07442474365234
2021-12-03,93.80785369873047,99.20346069335938,166.6300048828125,71.15326690673828
2021-12-06,94.7520751953125,98.85862731933594,166.22000122070312,71.0656509399414
2021-12-07,96.8055191040039,98.70346069335938,166.80999755859375,70.99555969238281
2021-12-08,97.08055877685547,98.4448013305664,166.89999389648438,70.96932220458984
2021-12-09,96.31049346923828,98.45341491699219,165.8800048828125,70.96932220458984
2021-12-10,96.83302307128906,98.47930145263672,166.5800018310547,71.0218734741211
2021-12-13,95.86759948730469,98.8241195678711,167.0,71.0656509399414
2021-12-14,95.34923553466797,98.63446044921875,165.44000244140625,71.0218734741211
2021-12-15,96.5340347290039,98.556884765625,166.14999389648438,71.03939819335938
2021-12-16,96.07122802734375,98.69237518310547,168.16000366210938,71.12699890136719
2021-12-17,95.1270751953125,98.81318664550781,167.8000030517578,71.1357650756836
2021-12-20,94.22923278808594,98.6664810180664,167.08999633789062,71.16204071044922
2021-12-21,95.7657699584961,98.58879852294922,167.02000427246094,71.04814147949219
2021-12-22,96.66364288330078,98.67507934570312,168.58999633789062,71.09193420410156
2021-12-23,97.2838134765625,98.55425262451172,168.97000122070312,71.06907653808594
2021-12-27,98.34828186035156,98.6060791015625,169.3699951171875,71.06028747558594
2021-12-28,98.24646759033203,98.56291198730469,168.63999938964844,71.06028747558594
2021-12-29,98.25572204589844,98.26951599121094,168.58999633789062,71.03387451171875
2021-12-30,98.13623046875,98.48526000976562,169.8000030517578,71.08667755126953
2021-12-31,97.97876739501953,98.45076751708984,170.9600067138672,71.07787322998047
2022-01-03,98.49746704101562,97.77758026123047,168.3300018310547,70.94597625732422
2022-01-04,98.41410827636719,97.76895904541016,169.57000732421875,70.98993682861328
2022-01-05,96.81169128417969,97.46692657470703,169.05999755859375,70.8580551147461
2022-01-06,96.60791778564453,97.36336517333984,166.99000549316406,70.74373626708984
2022-01-07,96.58938598632812,97.07856750488281,167.75,70.72615051269531
2022-01-10,96.3115234375,96.99225616455078,168.25999450683594,70.6645736694336
2022-01-11,97.46006774902344,97.17353820800781,170.2899932861328,70.68215942382812
2022-01-12,98.05286407470703,97.17353820800781,170.74000549316406,70.69973754882812
2022-01-13,96.73760223388672,97.34609985351562,170.16000366210938,70.74373626708984
2022-01-14,96.76537322998047,96.80242156982422,169.6699981689453,70.61180877685547
2022-01-18,95.0888671875,96.21556854248047,169.38999938964844,70.4095458984375
2022-01-19,94.51460266113281,96.42268371582031,172.0800018310547,70.45355987548828
2022-01-20,93.7735824584961,96.4744644165039,171.64999389648438,70.44474029541016
2022-01-21,92.1804428100586,96.85418701171875,171.08999633789062,70.55904388427734
2022-01-24,92.03224182128906,96.74200439453125,172.02999877929688,70.5942153930664
2022-01-25,91.10599517822266,96.64704132080078,172.5800018310547,70.5414810180664
2022-01-26,90.65213012695312,96.10337829589844,169.7899932861328,70.3392562866211
2022-01-27,90.18900299072266,96.42268371582031,167.60000610351562,70.30406188964844
2022-01-28,91.63395690917969,96.49173736572266,167.10000610351562,70.35684967041016
2022-01-31,93.52349090576172,96.48311614990234,168.08999633789062,70.3480224609375
2022-02-01,94.24597930908203,96.44939422607422,168.22999572753906,70.34276580810547
2022-02-02,94.84805297851562,96.5531005859375,168.83999633789062,70.41316223144531
2022-02-03,93.03260040283203,96.1641845703125,168.60000610351562,70.30754089355469
2022-02-04,93.44940185546875,95.5592041015625,168.86000061035156,70.07867431640625
2022-02-07,93.26416015625,95.6456527709961,170.11000061035156,70.11390686035156
2022-02-08,93.98663330078125,95.35179901123047,170.6300048828125,70.01709747314453
2022-02-09,95.46863555908203,95.41230010986328,171.2100067138672,69.9994888305664
2022-02-10,94.0885238647461,94.53077697753906,170.55999755859375,69.60340881347656
2022-02-11,92.30084991455078,95.15304565429688,173.80999755859375,69.84986114501953
2022-02-14,91.95814514160156,94.59992980957031,174.74000549316406,69.6562271118164
2022-02-15,93.56980895996094,94.44435119628906,173.0800018310547,69.66503143310547
2022-02-16,93.78284454345703,94.55670166015625,174.86000061035156,69.7530288696289
2022-02-17,91.96739959716797,94.75546264648438,177.25,69.83223724365234
2022-02-18,91.28199005126953,94.95428466796875,177.1199951171875,69.86743927001953
2022-02-22,90.22605895996094,94.85055541992188,177.49000549316406,69.78823852539062
2022-02-23,88.94782257080078,94.42707824707031,178.2899932861328,69.67381286621094
2022-02-24,89.31832885742188,94.59992980957031,177.13999938964844,69.7706527709961
2022-02-25,91.30050659179688,94.69499206542969,176.5500030517578,69.74420928955078
2022-02-28,90.66139221191406,95.37773132324219,178.3800048828125,69.97309875488281
2022-03-01,89.12380981445312,95.91522216796875,181.6199951171875,70.2161865234375
2022-03-02,90.40203094482422,94.76409149169922,179.72999572753906,69.85501098632812
2022-03-03,89.48505401611328,95.08432006835938,180.8000030517578,69.8902587890625
2022-03-04,88.16051483154297,95.46516418457031,183.67999267578125,69.97834014892578
2022-03-07,85.41881561279297,94.9112548828125,186.41000366210938,69.81977844238281
2022-03-08,85.3169174194336,94.57366943359375,191.50999450683594,69.66124725341797
2022-03-09,87.90115356445312,94.37460327148438,185.82000732421875,69.58194732666016
2022-03-10,87.20647430419922,93.84666442871094,186.39999389648438,69.46743774414062
2022-03-11,86.00235748291016,93.82933044433594,185.08999633789062,69.40576171875
2022-03-14,85.44660186767578,92.92057800292969,182.3000030517578,69.15913391113281
2022-03-15,86.78040313720703,93.12828063964844,178.88999938964844,69.15913391113281
2022-03-16,89.71661376953125,93.1975326538086,180.00999450683594,69.1150894165039
2022-03-17,90.63360595703125,93.35331726074219,180.88999938964844,69.1327133178711
2022-03-18,91.63395690917969,93.56104278564453,179.3000030517578,69.15029907226562
2022-03-21,91.30976104736328,92.64361572265625,180.6699981689453,68.81556701660156
2022-03-22,92.41200256347656,92.3926010131836,179.36000061035156,68.74510955810547
2022-03-23,91.37459564208984,92.7734375,181.80999755859375,68.7979507446289
2022-03-24,92.43053436279297,92.56571960449219,183.1300048828125,68.73628997802734
2022-03-25,92.60651397705078,91.83004760742188,182.3800048828125,68.48963928222656
2022-03-28,92.96774291992188,92.0550537109375,179.05999755859375,68.41034698486328
2022-03-29,94.45902252197266,92.48783874511719,179.13999938964844,68.5512924194336
2022-03-30,93.93106079101562,92.73880004882812,180.5800018310547,68.62177276611328
2022-03-31,92.42127990722656,92.69554138183594,180.64999389648438,68.62177276611328
2022-04-01,93.0233383178711,92.53083801269531,179.5,68.47093200683594
2022-04-04,93.92178344726562,92.60884857177734,180.3699951171875,68.51504516601562
2022-04-05,92.57872772216797,91.6727066040039,179.24000549316406,68.2857437133789
2022-04-06,91.51354217529297,91.43869018554688,179.66000366210938,68.2857437133789
2022-04-07,91.70806121826172,91.23930358886719,180.33999633789062,68.35631561279297
2022-04-08,91.62468719482422,90.77992248535156,181.47000122070312,68.21517181396484
2022-04-11,90.31867980957031,90.38984680175781,182.3699951171875,68.18866729736328
2022-04-12,89.8185043334961,90.67588806152344,183.77000427246094,68.40919494628906
2022-04-13,90.9022216796875,90.85794067382812,184.64999389648438,68.47093200683594
2022-04-14,89.94818115234375,90.12115478515625,184.0399932861328,68.29454040527344
2022-04-18,89.79997253417969,89.84376525878906,184.61000061035156,68.25044250488281
2022-04-19,90.7540054321289,89.29766082763672,181.82000732421875,67.99468231201172
2022-04-20,90.8373794555664,89.80907440185547,182.7100067138672,68.10053253173828
2022-04-21,89.42948150634766,89.31499481201172,182.05999755859375,67.89764404296875
2022-04-22,87.41951751708984,89.22836303710938,180.2899932861328,67.91529083251953
2022-04-25,87.5584487915039,89.826416015625,177.0500030517578,68.0828628540039
2022-04-26,85.14092254638672,90.10381317138672,177.32000732421875,68.25044250488281
2022-04-27,85.46512603759766,89.73976135253906,175.97999572753906,68.17105865478516
2022-04-28,87.25279235839844,89.70504760742188,176.92999267578125,68.0916519165039
2022-04-29,84.96495056152344,89.16768646240234,176.91000366210938,67.94173431396484
2022-05-02,85.2428207397461,88.68225860595703,173.6300048828125,67.85785675048828
2022-05-03,85.76153564453125,88.8819808959961,174.08999633789062,67.84017944335938
2022-05-04,87.78074645996094,89.45507049560547,175.8000030517578,68.08739471435547
2022-05-05,84.7889633178711,88.56938171386719,175.1300048828125,67.94615936279297
2022-05-06,83.9460678100586,88.19599914550781,175.4199981689453,67.84902954101562
2022-05-09,81.28773498535156,88.63017272949219,172.8800048828125,67.71661376953125
2022-05-10,81.57486724853516,88.89936065673828,171.4199981689453,68.14920806884766
2022-05-11,80.55599212646484,89.22929382324219,172.82000732421875,68.1050796508789
2022-05-12,80.4448471069336,89.3943099975586,170.1699981689453,68.22867584228516
2022-05-13,82.56596374511719,89.01224517822266,168.7899932861328,68.16688537597656
2022-05-16,82.29735565185547,89.21196746826172,170.39999389648438,68.26399230957031
2022-05-17,83.964599609375,88.72566223144531,169.3300018310547,68.0609359741211
2022-05-18,81.15806579589844,89.08170318603516,169.4199981689453,68.06974029541016
2022-05-19,81.23216247558594,89.30746459960938,171.91000366210938,68.18451690673828
2022-05-20,81.4637222290039,89.57666015625,172.02999877929688,68.2728042602539
2022-05-23,82.77899169921875,89.28141784667969,172.8300018310547,68.20219421386719
2022-05-24,82.09356689453125,89.96737670898438,174.1300048828125,68.47586059570312
2022-05-25,82.65858459472656,90.34076690673828,173.0800018310547,68.54650115966797
2022-05-26,84.02017974853516,90.27128601074219,172.75999450683594,68.58180236816406
2022-05-27,85.73373413085938,90.4189453125,172.85000610351562,68.63480377197266
2022-05-31,85.34471130371094,89.84581756591797,171.13999938964844,68.45819854736328
2022-06-01,84.71485900878906,89.47698974609375,172.22999572753906,68.24787139892578
2022-06-02,86.41917419433594,89.59007263183594,174.35000610351562,68.26555633544922
2022-06-03,84.98347473144531,89.44218444824219,172.5800018310547,68.23016357421875
2022-06-06,85.28913116455078,88.89415740966797,171.82000732421875,68.10647583007812
2022-06-07,85.93750762939453,89.23343658447266,172.94000244140625,68.13298034667969
2022-06-08,85.13168334960938,88.86809539794922,172.77999877929688,68.07109832763672
2022-06-09,83.14695739746094,88.77237701416016,172.22999572753906,67.97391510009766
2022-06-10,80.98741912841797,88.08517456054688,174.5399932861328,67.58500671386719
2022-06-13,77.98649597167969,86.64115905761719,169.92999267578125,67.10771942138672
2022-06-14,77.7527847290039,86.12791442871094,168.57000732421875,66.88678741455078
2022-06-15,78.94005584716797,87.08477783203125,170.77000427246094,67.266845703125
2022-06-16,76.63093566894531,87.29356384277344,172.69000244140625,67.3729019165039
2022-06-17,76.59355163574219,87.28485870361328,171.27000427246094,67.3552474975586
2022-06-21,78.3043441772461,86.93690490722656,170.6300048828125,67.30221557617188
2022-06-22,77.8556137084961,87.67633056640625,171.30999755859375,67.50546264648438
2022-06-23,78.3043441772461,88.04168701171875,170.25999450683594,67.6645736694336
2022-06-24,80.6882553100586,87.90248107910156,170.08999633789062,67.6645736694336
2022-06-27,80.45454406738281,87.51103210449219,169.89999389648438,67.5496826171875
2022-06-28,79.26727294921875,87.54583740234375,169.6199951171875,67.57617950439453
2022-06-29,79.05223846435547,88.05036926269531,169.49000549316406,67.69107055664062
2022-06-30,78.42588806152344,88.45052337646484,168.4600067138672,67.86782836914062
2022-07-01,78.97747039794922,89.18778228759766,168.32000732421875,68.1615982055664
2022-07-05,78.5754623413086,89.3533706665039,164.75,68.2677993774414
2022-07-06,78.6876449584961,88.75206756591797,162.13999938964844,67.99346160888672
2022-07-07,79.94036102294922,88.5516128540039,162.22999572753906,67.9492416381836
2022-07-08,79.88426971435547,88.22047424316406,162.3000030517578,67.80765533447266
2022-07-11,78.75309753417969,88.63003540039062,161.42999267578125,67.86075592041016
2022-07-12,78.2669677734375,88.75206756591797,160.8300018310547,67.90498352050781
2022-07-13,77.9490966796875,89.07450866699219,161.60000610351562,67.8519058227539
2022-07-14,77.41622924804688,88.7607650756836,159.3300018310547,67.79882049560547
2022-07-15,78.7343978881836,89.1093521118164,159.00999450683594,67.84305572509766
2022-07-18,78.51937866210938,88.82176971435547,159.16000366210938,67.80765533447266
2022-07-19,80.51063537597656,88.69977569580078,159.5399932861328,67.70146942138672
2022-07-20,80.76305389404297,88.63877868652344,158.0399932861328,67.7103271484375
2022-07-21,81.58572387695312,89.37950134277344,160.27000427246094,68.00233459472656
2022-07-22,80.89393615722656,90.07666778564453,160.6699981689453,68.2589340209961
2022-07-25,81.14634704589844,89.74554443359375,160.22999572753906,68.1792984008789
2022-07-26,80.16473388671875,89.7281265258789,160.0399932861328,68.1615982055664
2022-07-27,82.1279525756836,90.04183197021484,161.6699981689453,68.29432678222656
2022-07-28,82.9132308959961,90.68677520751953,163.63999938964844,68.54207611083984
2022-07-29,83.96965026855469,90.69548034667969,164.10000610351562,68.55094909667969
2022-08-01,83.69852447509766,91.00981903076172,165.02999877929688,68.56334686279297
2022-08-02,83.04412841796875,90.07553100585938,164.0500030517578,68.23554992675781
2022-08-03,84.10987091064453,90.4771728515625,164.4499969482422,68.26216125488281
2022-08-04,84.24075317382812,90.69549560546875,167.1699981689453,68.43046569824219
2022-08-05,83.97899627685547,89.68257904052734,165.2899932861328,68.06721496582031
2022-08-08,84.01637268066406,90.09296417236328,166.69000244140625,68.08492279052734
2022-08-09,83.61438751220703,89.89216613769531,167.1999969482422,67.99634552001953
2022-08-10,85.36257934570312,90.11917877197266,166.77999877929688,68.1026382446289
2022-08-11,85.4373779296875,89.6389389038086,166.33999633789062,68.05833435058594
2022-08-12,86.61531829833984,90.04059600830078,167.8699951171875,68.15583038330078
2022-08-15,86.59661865234375,90.15410614013672,165.7100067138672,68.20893096923828
2022-08-16,86.66204833984375,90.02316284179688,165.4199981689453,68.2975845336914
2022-08-17,86.03569030761719,89.4905014038086,164.35000610351562,67.96977233886719
2022-08-18,86.00764465332031,89.68257904052734,163.9199981689453,68.05833435058594
2022-08-19,84.85775756835938,89.05390167236328,162.72000122070312,67.96089172363281
2022-08-22,83.25914764404297,88.66971588134766,161.63999938964844,67.83689880371094
2022-08-23,83.24979400634766,88.63481903076172,162.77000427246094,67.8546142578125
2022-08-24,83.46480560302734,88.39903259277344,163.25,67.75715637207031
2022-08-25,84.6988296508789,88.88803100585938,163.75,67.872314453125
2022-08-26,82.17469787597656,88.72210693359375,161.75999450683594,67.8900146484375
2022-08-29,81.66986846923828,88.29425811767578,161.86000061035156,67.70399475097656
2022-08-30,80.8284912109375,88.40778350830078,160.50999450683594,67.6685562133789
2022-08-31,80.30496215820312,87.93628692626953,159.27000427246094,67.58882141113281
2022-09-01,80.10865020751953,87.55480194091797,157.8699951171875,67.53379821777344
2022-09-02,79.41682434082031,87.80850219726562,159.25999450683594,67.63138580322266
2022-09-06,78.97747039794922,86.98609924316406,158.3300018310547,67.45398712158203
2022-09-07,80.15538787841797,87.58975982666016,159.94000244140625,67.56932067871094
2022-09-08,80.52933502197266,87.309814453125,158.97999572753906,67.55156707763672
2022-09-09,82.0157699584961,87.30104064941406,159.82000732421875,67.48947143554688
2022-09-12,83.02542114257812,87.16981506347656,160.6300048828125,67.45398712158203
2022-09-13,79.74404907226562,86.67986297607422,158.5399932861328,67.23220825195312
2022-09-14,80.06189727783203,86.79359436035156,157.92999267578125,67.15238189697266
2022-09-15,79.22987365722656,86.5311279296875,154.97999572753906,67.09915161132812
2022-09-16,78.51937866210938,86.46986389160156,155.83999633789062,67.11686706542969
2022-09-19,79.0335464477539,86.338623046875,155.9600067138672,67.01931762695312
2022-09-20,78.06128692626953,85.95367431640625,155.07000732421875,66.93948364257812
2022-09-21,76.780517578125,86.22486877441406,155.7899932861328,66.87736511230469
2022-09-22,76.21025085449219,85.30621337890625,155.6999969482422,66.6201400756836
2022-09-23,74.61163330078125,85.04373168945312,153.00999450683594,66.51366424560547
2022-09-26,73.7235107421875,83.95006561279297,151.22999572753906,66.17658233642578
2022-09-27,73.48045349121094,83.59134674072266,151.5399932861328,66.1055908203125
2022-09-28,74.98558044433594,84.93875885009766,154.69000244140625,66.61123657226562
2022-09-29,73.57392120361328,84.4925308227539,154.66000366210938,66.47821807861328
2022-09-30,72.76061248779297,84.29129028320312,154.6699981689453,66.3717269897461
2022-10-03,74.4900894165039,84.97611999511719,158.42999267578125,66.63821411132812
2022-10-04,77.0329360961914,85.2041015625,160.6999969482422,66.70039367675781
2022-10-05,76.6870346069336,84.75691986083984,159.80999755859375,66.59380340576172
2022-10-06,75.79891204833984,84.4237060546875,159.6300048828125,66.44281768798828
2022-10-07,73.87308502197266,83.97650146484375,157.8800048828125,66.30067443847656
2022-10-10,73.28413391113281,83.59942626953125,155.47999572753906,66.21183776855469
2022-10-11,72.6671142578125,83.65206146240234,155.16000366210938,66.23847198486328
2022-10-12,72.47077941894531,83.72220611572266,155.99000549316406,66.29180145263672
2022-10-13,74.10680389404297,83.45914459228516,154.91000366210938,66.12300872802734
2022-10-14,72.5362319946289,83.0031967163086,152.97999572753906,66.01644134521484
2022-10-17,74.41531372070312,83.17855072021484,153.4199981689453,66.08748626708984
2022-10-18,75.116455078125,83.31886291503906,153.75,66.16744232177734
2022-10-19,74.3498764038086,82.5998306274414,151.69000244140625,65.92757415771484
2022-10-20,73.99462890625,82.10006713867188,151.4499969482422,65.79438781738281
2022-10-21,75.565185546875,82.2227554321289,154.14999389648438,66.02529907226562
2022-10-24,75.78955841064453,82.10877990722656,153.64999389648438,66.04305267333984
2022-10-25,77.12641906738281,82.91551208496094,154.0,66.1940689086914
2022-10-26,77.13577270507812,83.28378295898438,154.97999572753906,66.27403259277344
2022-10-27,76.6683349609375,83.70468139648438,154.74000549316406,66.4516830444336
2022-10-28,77.89301300048828,83.49425506591797,153.16000366210938,66.35393524169922
2022-10-31,77.37882995605469,83.21363830566406,151.91000366210938,66.22960662841797
2022-11-01,77.45362091064453,83.36832427978516,153.4600067138672,66.20469665527344
2022-11-02,75.86436462402344,83.22770690917969,152.38999938964844,66.1335220336914
2022-11-03,75.20059967041016,82.92008972167969,151.80999755859375,66.0356674194336
2022-11-04,76.96749114990234,82.91130065917969,156.47000122070312,66.10684204101562
2022-11-07,77.45362091064453,82.64765930175781,155.85000610351562,66.0356674194336
2022-11-08,77.99584197998047,82.99917602539062,159.4499969482422,66.16021728515625
2022-11-09,76.55615997314453,83.09587860107422,158.64999389648438,66.27587890625
2022-11-10,80.66021728515625,84.87993621826172,163.47999572753906,66.8274154663086
2022-11-11,81.88489532470703,84.81843566894531,164.55999755859375,66.8274154663086
2022-11-14,81.14634704589844,84.58114624023438,164.9199981689453,66.78296661376953
2022-11-15,81.931640625,85.20512390136719,165.5,66.95194244384766
2022-11-16,81.31462097167969,85.732421875,165.1199951171875,67.01424407958984
2022-11-17,81.11830139160156,85.37211608886719,163.9199981689453,66.88081359863281
2022-11-18,81.27722930908203,85.24906921386719,162.7899932861328,66.7918701171875
2022-11-21,80.8284912109375,85.19635009765625,161.8800048828125,66.77403259277344
2022-11-22,81.83815002441406,85.63577270507812,162.07000732421875,66.8363265991211
2022-11-23,82.4738540649414,86.1454849243164,163.0800018310547,66.92529296875
2022-11-25,82.53929138183594,86.1630859375,163.22000122070312,66.96087646484375
2022-11-28,81.34266662597656,86.0224609375,161.92999267578125,66.96977996826172
2022-11-29,81.51094818115234,85.71485900878906,162.72999572753906,66.90750122070312
2022-11-30,83.82939910888672,86.3827896118164,164.80999755859375,67.16548919677734
2022-12-01,83.95093536376953,87.1015853881836,167.83999633789062,67.39087677001953
2022-12-02,83.87615203857422,87.4627456665039,167.25999450683594,67.40869140625
2022-12-05,82.44580841064453,86.77564239501953,164.38999938964844,67.17705535888672
2022-12-06,81.56702423095703,87.03112030029297,164.83999633789062,67.23051452636719
2022-12-07,81.4174575805664,87.80628967285156,166.3300018310547,67.46219635009766
2022-12-08,82.04380798339844,87.54204559326172,166.47000122070312,67.3285140991211
2022-12-09,81.65118408203125,87.02232360839844,167.05999755859375,67.30180358886719
2022-12-12,82.38037109375,87.0399398803711,165.67999267578125,67.23941040039062
2022-12-13,83.13968658447266,87.62128448486328,168.50999450683594,67.4977798461914
2022-12-14,82.81938171386719,87.81510162353516,168.10000610351562,67.52452850341797
2022-12-15,80.78446197509766,87.9439926147461,165.35000610351562,67.56908416748047
2022-12-16,80.00252532958984,87.71444702148438,166.7899932861328,67.59581756591797
2022-12-19,79.51263427734375,87.17587280273438,166.32000732421875,67.45325469970703
2022-12-20,79.69163513183594,86.5843505859375,169.0800018310547,67.35525512695312
2022-12-21,80.73735046386719,86.82272338867188,168.8000030517578,67.45325469970703
2022-12-22,79.76699829101562,86.79625701904297,166.75999450683594,67.43543243408203
2022-12-23,80.13440704345703,86.4960708618164,167.25999450683594,67.36492919921875
2022-12-27,80.10615539550781,85.86920928955078,168.6699981689453,67.17755126953125
2022-12-28,79.0698471069336,85.7191162109375,167.91000366210938,67.18645477294922
2022-12-29,80.44530487060547,86.03699493408203,168.85000610351562,67.25786590576172
2022-12-30,79.96483612060547,85.63084411621094,169.63999938964844,67.17755126953125
2023-01-03,79.98368072509766,86.1340560913086,171.05999755859375,67.25786590576172
2023-01-04,81.00115203857422,86.61083984375,172.6699981689453,67.37386322021484
2023-01-05,80.1720962524414,86.54022979736328,170.52000427246094,67.26678466796875
2023-01-06,82.02801513671875,87.4848861694336,173.7100067138672,67.64154052734375
2023-01-09,82.20702362060547,87.70562744140625,174.10000610351562,67.72188568115234
2023-01-10,82.66864776611328,87.37012481689453,174.74000549316406,67.6772689819336
2023-01-11,83.53535461425781,87.90868377685547,174.6199951171875,67.73078918457031
2023-01-12,84.11946868896484,88.54434967041016,176.63999938964844,67.96282196044922
2023-01-13,84.49630737304688,88.21769714355469,178.75999450683594,67.820068359375
2023-01-17,84.43978118896484,88.05876922607422,177.58999633789062,67.90035247802734
2023-01-18,83.51653289794922,88.93283081054688,177.0800018310547,68.1145248413086
2023-01-19,83.18680572509766,88.72976684570312,179.88999938964844,68.1056137084961
2023-01-20,84.47745513916016,88.36778259277344,179.2899932861328,68.00743103027344
2023-01-23,85.22171783447266,88.14706420898438,179.6300048828125,67.89141845703125
2023-01-24,85.10867309570312,88.53551483154297,180.27999877929688,67.98067474365234
2023-01-25,85.30650329589844,88.64151763916016,181.11000061035156,68.02528381347656
2023-01-26,86.03192138671875,88.49139404296875,179.47000122070312,67.97173309326172
2023-01-27,86.07903289794922,88.35897827148438,179.22000122070312,67.9360580444336
2023-01-30,85.042724609375,88.12056732177734,178.75999450683594,67.83788299560547
2023-01-31,85.96597290039062,88.4825668334961,179.41000366210938,68.00743103027344
2023-02-01,86.84211730957031,89.10649871826172,181.6699981689453,68.2201919555664
2023-02-02,87.54869842529297,89.2038803100586,177.89999389648438,68.2201919555664
2023-02-03,86.5406494140625,88.34534454345703,173.4600067138672,67.92520141601562
2023-02-06,85.82465362548828,87.85860443115234,173.82000732421875,67.64813232421875
2023-02-07,86.73848724365234,87.70812225341797,173.97999572753906,67.67491912841797
2023-02-08,85.99422454833984,87.8320541381836,174.41000366210938,67.7285385131836
2023-02-09,85.61739349365234,87.48688507080078,173.02999877929688,67.60340118408203
2023-02-10,85.54203033447266,87.10631561279297,173.36000061035156,67.54083251953125
2023-02-13,86.44642639160156,87.37183380126953,172.47999572753906,67.55872344970703
2023-02-14,86.49353790283203,87.06205749511719,172.61000061035156,67.37995147705078
2023-02-15,86.55007934570312,86.89390563964844,170.88999938964844,67.3531265258789
2023-02-16,85.6739273071289,86.53105163574219,170.75,67.34420776367188
2023-02-17,85.45724487304688,86.734619140625,171.25999450683594,67.42464447021484
2023-02-21,83.99699401855469,85.92035675048828,170.6199951171875,67.21011352539062
2023-02-22,83.7708969116211,86.15044403076172,169.66000366210938,67.22798919677734
2023-02-23,84.17599487304688,86.46022033691406,169.57000732421875,67.2905502319336
2023-02-24,83.0549087524414,85.96458435058594,168.35000610351562,67.10284423828125
2023-02-27,83.54478454589844,86.13276672363281,169.00999450683594,67.1743392944336
2023-02-28,83.1114273071289,86.12393188476562,169.77999877929688,67.19223022460938
2023-03-01,83.2904281616211,85.630615234375,170.75999450683594,67.00242614746094
2023-03-02,83.74263000488281,85.45320129394531,170.66000366210938,67.00242614746094
2023-03-03,85.00504302978516,86.1274642944336,172.49000549316406,67.08302307128906
2023-03-06,84.94850158691406,85.91453552246094,171.6199951171875,67.05614471435547
2023-03-07,83.61073303222656,85.79920959472656,168.6199951171875,66.9039535522461
2023-03-08,83.78974151611328,85.7104721069336,168.5399932861328,66.85022735595703
2023-03-09,82.44254302978516,86.02099609375,170.1999969482422,67.07406616210938
2023-03-10,81.35913848876953,87.02349090576172,173.8699951171875,67.50377655029297
2023-03-13,81.1518783569336,87.71550750732422,177.86000061035156,68.02305603027344
2023-03-14,82.2729721069336,87.20095825195312,176.8300018310547,67.81714630126953
2023-03-15,81.1330337524414,88.07038116455078,178.2100067138672,68.23790740966797
2023-03-16,82.45195770263672,87.72438049316406,178.57000732421875,67.96036529541016
2023-03-17,81.55696105957031,88.27444458007812,183.77000427246094,68.40802764892578
2023-03-20,82.34833526611328,87.91954040527344,183.83999633789062,68.24687194824219
2023-03-21,83.44117736816406,87.6534194946289,180.3699951171875,68.05885314941406
2023-03-22,82.54618072509766,88.4962158203125,183.44000244140625,68.44381713867188
2023-03-23,82.76285552978516,88.70915985107422,185.74000549316406,68.62287139892578
2023-03-24,82.960693359375,88.85997009277344,183.64999389648438,68.72138214111328
2023-03-27,83.25274658203125,87.9018325805664,181.9499969482422,68.32743835449219
2023-03-28,83.32811737060547,87.76876068115234,183.44000244140625,68.25579833984375
2023-03-29,84.34556579589844,87.87521362304688,182.52999877929688,68.23790740966797
2023-03-30,85.03330993652344,87.97278594970703,184.17999267578125,68.28267669677734
2023-03-31,85.88119506835938,88.39864349365234,183.22000122070312,68.4796371459961
2023-04-03,86.3804931640625,88.78282928466797,184.5399932861328,68.61236572265625
2023-04-04,86.07903289794922,89.11196899414062,187.97999572753906,68.79176330566406
2023-04-05,85.63623809814453,89.41435241699219,187.8300018310547,68.87248229980469
2023-04-06,85.97540283203125,89.33433532714844,186.49000549316406,68.83660125732422
2023-04-10,86.03192138671875,88.72059631347656,185.11000061035156,68.6033935546875
2023-04-11,86.20148468017578,88.77397918701172,186.27999877929688,68.54061126708984
2023-04-12,86.06017303466797,88.88069152832031,187.19000244140625,68.69309997558594
2023-04-13,87.20954895019531,88.84513092041016,189.72000122070312,68.70208740234375
2023-04-14,86.9551773071289,88.40930938720703,186.36000061035156,68.54962158203125
2023-04-17,87.11532592773438,87.96459197998047,185.52999877929688,68.37022399902344
2023-04-18,87.27547454833984,88.08911895751953,186.25,68.37918090820312
2023-04-19,87.09648132324219,87.95569610595703,185.36000061035156,68.30743408203125
2023-04-20,86.77617645263672,88.35595703125,186.08999633789062,68.49577331542969
2023-04-21,86.83269500732422,88.2047348022461,184.25,68.44195556640625
2023-04-24,86.87036895751953,88.55160522460938,184.80999755859375,68.5765151977539
2023-04-25,85.47608947753906,89.1030502319336,185.75,68.89939880371094
2023-04-26,85.2593994140625,88.77397918701172,184.74000549316406,68.80968475341797
2023-04-27,86.71965026855469,88.45378875732422,184.75,68.6033935546875
2023-04-28,87.22837829589844,88.9073715209961,184.8000030517578,68.73793029785156
2023-05-01,87.11532592773438,87.99700164794922,183.97000122070312,68.53844451904297
2023-05-02,86.13555145263672,88.85301208496094,187.52000427246094,68.81700897216797
2023-05-03,85.82465362548828,89.24531555175781,189.11000061035156,69.0416259765625
2023-05-04,85.5137710571289,89.13833618164062,190.44000244140625,69.15843200683594
2023-05-05,86.96458435058594,88.85301208496094,187.4600067138672,68.9248275756836
2023-05-08,87.00227355957031,88.36258697509766,187.69000244140625,68.79003143310547
2023-05-09,86.63485717773438,88.28235626220703,189.02000427246094,68.77208709716797
2023-05-10,86.8515396118164,88.85301208496094,188.75,68.96076965332031
2023-05-11,86.63485717773438,89.12047576904297,187.1300048828125,69.07759094238281
2023-05-12,86.3899154663086,88.62117767333984,186.80999755859375,68.91585540771484
2023-05-15,86.98343658447266,88.39824676513672,187.2100067138672,68.87989044189453
2023-05-16,86.28628540039062,88.19316101074219,184.8699951171875,68.79904174804688
2023-05-17,87.09648132324219,88.05941772460938,184.22999572753906,68.65525817871094
2023-05-18,87.52984619140625,87.64928436279297,181.83999633789062,68.4935531616211
2023-05-19,87.58637237548828,87.45311737060547,183.63999938964844,68.4126968383789
2023-05-22,87.71825408935547,87.37284851074219,183.2100067138672,68.4126968383789
2023-05-23,86.61602020263672,87.4709243774414,183.42999267578125,68.42167663574219
2023-05-24,85.81523132324219,87.2480239868164,181.9499969482422,68.3318099975586
2023-05-25,86.16381072998047,86.92703247070312,180.1999969482422,68.09822082519531
2023-05-26,87.29431915283203,86.99834442138672,180.9199981689453,68.07123565673828
2023-05-30,86.93631744384766,87.57794952392578,182.0399932861328,68.31383514404297
2023-05-31,86.3145523071289,87.8900146484375,182.32000732421875,68.4126968383789
2023-06-01,87.34142303466797,88.1563949584961,183.75999450683594,68.5351333618164
2023-06-02,88.64151000976562,87.6915512084961,181.0500030517578,68.2920150756836
2023-06-05,88.40599060058594,87.6826171875,182.13999938964844,68.34607696533203
2023-06-06,88.82994079589844,87.78987121582031,182.33999633789062,68.28303527832031
2023-06-07,88.35694122314453,87.32501220703125,180.14999389648438,68.1659927368164
2023-06-08,88.99459075927734,87.78987121582031,182.52999877929688,68.3010482788086
2023-06-09,89.11830139160156,87.58428955078125,182.0399932861328,68.15701293945312
2023-06-12,89.76546478271484,87.73623657226562,181.8800048828125,68.2380599975586
2023-06-13,90.46022033691406,87.32501220703125,180.5399932861328,68.08499145507812
2023-06-14,90.6791000366211,87.40548706054688,180.63999938964844,68.03097534179688
2023-06-15,91.70696258544922,88.01338958740234,181.91000366210938,68.24702453613281
2023-06-16,91.44047546386719,87.73623657226562,181.6300048828125,68.12101745605469
2023-06-20,90.60296630859375,87.89717102050781,179.75,68.18402099609375
2023-06-21,90.28890228271484,88.04022979736328,179.49000549316406,68.20201873779297
2023-06-22,90.30793762207031,87.58428955078125,177.7100067138672,68.07601165771484
2023-06-23,89.37525939941406,87.84355163574219,178.1999969482422,68.12101745605469
2023-06-26,89.22299194335938,87.95079040527344,178.50999450683594,68.21101379394531
2023-06-27,90.1651840209961,87.78095245361328,177.69000244140625,68.09400939941406
2023-06-28,90.15567779541016,88.04022979736328,177.27999877929688,68.20201873779297
2023-06-29,90.30793762207031,87.36077117919922,177.08999633789062,67.98597717285156
2023-06-30,91.30723571777344,87.56639862060547,178.27000427246094,68.03097534179688
2023-07-03,91.52613830566406,87.46330261230469,178.47000122070312,67.93806457519531
2023-07-05,91.07882690429688,87.0689468383789,177.83999633789062,67.83883666992188
2023-07-06,89.95580291748047,86.50425720214844,177.30999755859375,67.676513671875
2023-07-07,90.13662719726562,86.52217864990234,178.63999938964844,67.7486801147461
2023-07-10,90.36504364013672,86.76416778564453,178.77999877929688,67.91102600097656
2023-07-11,91.07882690429688,86.95242309570312,179.4499969482422,67.93806457519531
2023-07-12,92.17330169677734,87.66049194335938,181.8800048828125,68.20868682861328
2023-07-13,93.22016906738281,88.20728302001953,182.00999450683594,68.48826599121094
2023-07-14,92.96321868896484,87.7859878540039,181.42999267578125,68.25377655029297
2023-07-17,93.20114135742188,87.88459777832031,181.55999755859375,68.31688690185547
2023-07-18,93.72459411621094,87.956298828125,183.63999938964844,68.33495330810547
2023-07-19,93.83879089355469,88.22518920898438,183.6699981689453,68.38907623291016
2023-07-20,93.21066284179688,87.76807403564453,182.74000549316406,68.23575592041016
2023-07-21,93.25824737548828,87.830810546875,182.17999267578125,68.24475860595703
2023-07-24,93.59134674072266,87.66947174072266,181.39999389648438,68.17257690429688
2023-07-25,93.8958969116211,87.57088470458984,182.41000366210938,68.13651275634766
2023-07-26,94.01961517333984,87.8576889038086,183.3000030517578,68.26278686523438
2023-07-27,93.42955017089844,87.10477447509766,180.4199981689453,68.0733871459961
2023-07-28,94.4098129272461,87.44540405273438,181.86000061035156,68.17257690429688
2023-07-31,94.59063720703125,87.55294036865234,182.35000610351562,68.26278686523438
2023-08-01,93.9339599609375,86.97325897216797,180.4600067138672,68.12449645996094
2023-08-02,92.38267517089844,86.76652526855469,179.60000610351562,68.15160369873047
2023-08-03,92.16377258300781,86.18233489990234,179.5399932861328,68.09736633300781
2023-08-04,91.97344207763672,86.8923568725586,180.19000244140625,68.33240509033203
2023-08-07,92.59204864501953,86.91033935546875,179.77999877929688,68.35951232910156
2023-08-08,92.05909729003906,87.11707305908203,178.63999938964844,68.42281341552734
2023-08-09,91.66888427734375,87.17996978759766,177.7899932861328,68.37759399414062
2023-08-10,91.81165313720703,86.61375427246094,177.60000610351562,68.27815246582031
2023-08-11,91.46903228759766,86.34410095214844,177.60000610351562,68.16062927246094
2023-08-14,91.64985656738281,86.28118896484375,177.05999755859375,68.07025909423828
2023-08-15,90.52684020996094,86.0475082397461,176.58999633789062,68.07025909423828
2023-08-16,89.83207702636719,85.84080505371094,175.57000732421875,67.98888397216797
2023-08-17,89.24202728271484,85.75094604492188,175.3000030517578,68.0431137084961
2023-08-18,89.20394897460938,85.93966674804688,175.3300018310547,68.07925415039062
2023-08-21,89.67029571533203,85.50823974609375,175.80999755859375,67.98888397216797
2023-08-22,89.47042846679688,85.59812927246094,176.10000610351562,67.94369506835938
2023-08-23,90.52684020996094,86.41600036621094,177.88999938964844,68.14253997802734
2023-08-24,89.37525939941406,86.2182846069336,177.85000610351562,68.10639953613281
2023-08-25,89.9177474975586,86.16436004638672,177.6199951171875,68.03407287597656
2023-08-28,90.61248779296875,86.35310363769531,178.1300048828125,68.09736633300781
2023-08-29,91.89729309082031,86.91033935546875,179.8699951171875,68.31431579589844
2023-08-30,92.1257095336914,86.87439727783203,180.32000732421875,68.30526733398438
2023-08-31,91.84019470214844,87.0002212524414,180.02000427246094,68.40470886230469
2023-09-01,92.09716033935547,86.54962158203125,180.11000061035156,68.3331527709961
2023-09-05,91.56419372558594,86.08099365234375,178.63999938964844,68.20630645751953
2023-09-06,91.03125,85.9998779296875,177.8300018310547,68.08851623535156
2023-09-07,90.6886215209961,86.27027130126953,178.02000427246094,68.23347473144531
2023-09-08,90.72669982910156,86.3153076171875,178.0800018310547,68.22444152832031
2023-09-11,91.5071029663086,86.21617889404297,178.41000366210938,68.21534729003906
2023-09-12,91.0693130493164,86.24320983886719,177.49000549316406,68.17911529541016
2023-09-13,91.09786224365234,86.36939239501953,177.0800018310547,68.25159454345703
2023-09-14,91.93537139892578,86.2522201538086,177.1699981689453,68.22444152832031
2023-09-15,91.19303131103516,86.05396270751953,178.33999633789062,68.18817138671875
2023-09-18,91.09786224365234,86.18013000488281,179.38999938964844,68.18817138671875
2023-09-19,90.89801025390625,85.92780303955078,179.22000122070312,68.09757232666016
2023-09-20,90.30793762207031,85.88273620605469,179.35000610351562,68.03412628173828
2023-09-21,88.81375122070312,85.29696655273438,178.0500030517578,67.98884582519531
2023-09-22,88.75664520263672,85.65744018554688,178.6199951171875,68.11569213867188
2023-09-25,88.870849609375,84.98158264160156,177.6999969482422,68.06134033203125
2023-09-26,87.5765151977539,84.87342071533203,176.27999877929688,68.03412628173828
2023-09-27,87.61459350585938,84.57601928710938,174.10000610351562,67.92543029785156
2023-09-28,88.15707397460938,84.82836151123047,173.22999572753906,68.05228424072266
2023-09-29,87.90962982177734,84.74723815917969,171.4499969482422,68.10663604736328
2023-10-02,87.5194320678711,84.15716552734375,169.64999389648438,67.96314239501953
2023-10-03,86.34882354736328,83.49752044677734,169.16000366210938,67.81787109375
2023-10-04,86.71997833251953,84.08485412597656,169.13999938964844,67.99038696289062
2023-10-05,86.93887329101562,84.13906860351562,168.8300018310547,68.09938049316406
2023-10-06,88.01431274414062,83.81378173828125,169.6999969482422,68.008544921875
2023-10-09,88.32837677001953,84.6812973022461,172.82000732421875,68.29914855957031
2023-10-10,89.07070922851562,84.59996032714844,172.52999877929688,68.2628402709961
2023-10-11,89.47994995117188,84.988525390625,173.7899932861328,68.25376892089844
2023-10-12,88.79472351074219,84.2565689086914,173.25999450683594,68.12659454345703
2023-10-13,88.2903060913086,84.61803436279297,178.8300018310547,68.18111419677734
2023-10-16,89.0992660522461,84.14813995361328,177.9600067138672,68.09030151367188
2023-10-17,89.13733673095703,83.54267120361328,178.2899932861328,67.87234497070312
2023-10-18,87.8620376586914,83.15411376953125,180.8699951171875,67.78153991699219
2023-10-19,87.0721206665039,82.83783721923828,183.08999633789062,67.84510803222656
2023-10-20,86.03475189208984,83.13603210449219,183.58999633789062,68.008544921875
2023-10-23,85.9681396484375,83.46135711669922,182.97000122070312,68.09938049316406
2023-10-24,86.59626770019531,83.7595443725586,182.9499969482422,68.08120727539062
2023-10-25,85.49227905273438,83.13603210449219,183.72000122070312,67.96314239501953
2023-10-26,84.61670684814453,83.69630432128906,184.00999450683594,68.16293334960938
2023-10-27,84.3121566772461,83.669189453125,186.14999389648438,68.22649383544922
2023-10-30,85.29241943359375,83.47039031982422,185.10000610351562,68.14478302001953
2023-10-31,85.67310333251953,83.41616821289062,184.08999633789062,68.12659454345703
2023-11-01,86.52964782714844,84.33792877197266,183.50999450683594,68.41429901123047
2023-11-02,88.24272918701172,84.84552001953125,184.1199951171875,68.45069885253906
2023-11-03,89.26106262207031,85.36214447021484,184.7899932861328,68.6965103149414
2023-11-06,89.33719635009766,84.93616485595703,183.35000610351562,68.55087280273438
2023-11-07,89.28961181640625,85.38932800292969,182.58999633789062,68.63276672363281
2023-11-08,89.27058410644531,85.67935943603516,180.77000427246094,68.65097045898438
2023-11-09,88.73760986328125,84.96334838867188,181.49000549316406,68.46891021728516
2023-11-10,89.75593566894531,85.16275024414062,179.50999450683594,68.46891021728516
2023-11-13,89.77498626708984,85.1536865234375,180.50999450683594,68.51441955566406
2023-11-14,91.73551177978516,86.22322082519531,182.1199951171875,68.91500091552734
2023-11-15,91.92584228515625,85.68843841552734,181.63999938964844,68.7602310180664
2023-11-16,91.8592300415039,86.15975952148438,183.69000244140625,68.92408752441406
2023-11-17,92.26847076416016,86.33195495605469,183.6699981689453,68.90589141845703
2023-11-20,92.91563415527344,86.46792602539062,183.3699951171875,68.92408752441406
2023-11-21,92.66819763183594,86.55854797363281,185.35000610351562,68.9878158569336
2023-11-22,92.9251480102539,86.64012145996094,184.55999755859375,68.9878158569336
2023-11-24,93.15355682373047,86.2413330078125,185.52000427246094,68.92408752441406
2023-11-27,92.90612030029297,86.73076629638672,186.77000427246094,69.0606460571289
2023-11-28,93.05838012695312,87.1114501953125,189.25999450683594,69.26093292236328
2023-11-29,93.04886627197266,87.53744506835938,189.5399932861328,69.41569519042969
2023-11-30,93.28679656982422,87.24739837646484,188.75,69.3428726196289
2023-12-01,93.9815444946289,88.01457214355469,192.00999450683594,69.60293579101562
2023-12-04,93.4010009765625,87.67826080322266,187.86000061035156,69.47521209716797
2023-12-05,93.22016906738281,88.2599868774414,187.14999389648438,69.60293579101562
2023-12-06,93.03935241699219,88.48722839355469,187.83999633789062,69.60293579101562
2023-12-07,93.63893127441406,88.51448822021484,188.14999389648438,69.67597961425781
2023-12-08,93.94347381591797,88.0691146850586,185.63999938964844,69.466064453125
2023-12-11,94.27658081054688,88.07820129394531,183.58999633789062,69.466064453125
2023-12-12,94.58112335205078,88.341796875,183.49000549316406,69.52993774414062
2023-12-13,95.88497161865234,89.45074462890625,187.6300048828125,69.99535369873047
2023-12-14,96.50358581542969,90.17269134521484,188.72999572753906,70.1778793334961
2023-12-15,96.09435272216797,89.9630355834961,187.0,70.09577178955078
2023-12-18,96.52262115478516,89.78071594238281,187.85000610351562,70.07749938964844
2023-12-19,97.21736907958984,89.89010620117188,189.1300048828125,70.09577178955078
2023-12-20,95.8646240234375,90.21826934814453,188.10000610351562,70.24177551269531
2023-12-21,97.0655746459961,90.20915222167969,189.42999267578125,70.2873764038086
2023-12-22,97.20968627929688,90.09066009521484,190.27000427246094,70.33769989013672
2023-12-26,97.68045806884766,90.27296447753906,191.72000122070312,70.29196166992188
2023-12-27,97.95907592773438,90.8472671508789,192.58999633789062,70.4749526977539
2023-12-28,97.95907592773438,90.64669799804688,191.47000122070312,70.42005920410156
2023-12-29,97.77652740478516,90.4735107421875,191.1699981689453,70.46577453613281
2024-01-02,96.940673828125,90.0450668334961,190.72000122070312,70.30113220214844
2024-01-03,96.17205810546875,90.09066009521484,189.1300048828125,70.31941223144531
2024-01-04,96.0663833618164,89.72601318359375,189.32000732421875,70.22793579101562
2024-01-05,96.1528549194336,89.516357421875,189.35000610351562,70.17301940917969
2024-01-08,97.30575561523438,89.85363006591797,187.8699951171875,70.28282928466797
2024-01-09,96.86380767822266,89.83543395996094,187.92999267578125,70.31941223144531
2024-01-10,97.31536865234375,89.66220092773438,187.5,70.29196166992188
2024-01-11,97.267333984375,90.17269134521484,187.8699951171875,70.50239562988281
2024-01-12,97.46908569335938,90.3367691040039,189.7100067138672,70.66706848144531
2024-01-16,96.61400604248047,89.66220092773438,187.91000366210938,70.51155853271484
2024-01-17,95.87422943115234,89.41606903076172,185.83999633789062,70.32855987548828
2024-01-18,96.71009063720703,89.33403015136719,187.3699951171875,70.36515808105469
2024-01-19,97.68045806884766,89.35224151611328,187.92999267578125,70.31027221679688
2024-01-22,97.83418273925781,89.516357421875,187.22000122070312,70.35601043701172
2024-01-23,98.03593444824219,89.29759216308594,187.9499969482422,70.35601043701172
2024-01-24,98.36258697509766,89.0970230102539,186.39999389648438,70.29196166992188
2024-01-25,98.75651550292969,89.49811553955078,187.13999938964844,70.44751739501953
2024-01-26,98.84297180175781,89.39785766601562,187.00999450683594,70.38348388671875
2024-01-29,99.49628448486328,89.75337982177734,188.3300018310547,70.51155853271484
2024-01-30,99.33296966552734,89.92657470703125,188.58999633789062,70.4566650390625
2024-01-31,98.04553985595703,90.3367691040039,188.4499969482422,70.67620086669922
2024-02-01,99.26571655273438,90.85152435302734,190.41000366210938,70.81198120117188
2024-02-02,99.66923522949219,90.01952362060547,188.61000061035156,70.5184555053711
2024-02-05,99.28491973876953,89.27897644042969,187.57000732421875,70.2983169555664
2024-02-06,99.86137390136719,89.7452392578125,188.5500030517578,70.45427703857422
2024-02-07,100.3705825805664,89.56238555908203,188.5,70.41755676269531
2024-02-08,100.35137176513672,89.28811645507812,188.3300018310547,70.35334777832031
2024-02-09,100.88939666748047,89.26068115234375,187.60000610351562,70.3074951171875
2024-02-12,101.01428985595703,89.27897644042969,187.11000061035156,70.36250305175781
2024-02-13,99.40982055664062,88.45609283447266,184.52999877929688,70.02311706542969
2024-02-14,100.50508880615234,88.84923553466797,184.4199981689453,70.16071319580078
2024-02-15,101.3121337890625,89.0595474243164,185.66000366210938,70.23409271240234
2024-02-16,101.06233215332031,88.77611541748047,186.33999633789062,70.12403106689453
2024-02-20,100.77410125732422,88.8583984375,187.47000122070312,70.20661163330078
2024-02-21,100.80292510986328,88.59325408935547,187.47999572753906,70.13320922851562
2024-02-22,102.54190063476562,88.66639709472656,187.55999755859375,70.09651947021484
2024-02-23,102.58032989501953,88.99553680419922,188.6199951171875,70.14238739013672
2024-02-26,102.30171966552734,88.80353546142578,188.1999969482422,70.08733367919922
2024-02-27,102.50347900390625,88.68468475341797,188.0,70.06900787353516
2024-02-28,102.07112884521484,88.8583984375,188.33999633789062,70.16071319580078
2024-02-29,102.46504211425781,89.00467681884766,189.30999755859375,70.20661163330078
2024-03-01,103.45462036132812,89.4319839477539,192.88999938964844,70.38867950439453
2024-03-04,103.3009033203125,89.2118911743164,196.00999450683594,70.30590057373047
2024-03-05,102.46504211425781,89.69789123535156,197.19000244140625,70.41622924804688
2024-03-06,103.2624740600586,89.83546447753906,198.80999755859375,70.44380950927734
2024-03-07,104.33851623535156,90.02803039550781,199.94000244140625,70.54499053955078
2024-03-08,103.82931518554688,90.11054229736328,201.6300048828125,70.59093475341797
2024-03-11,103.61795043945312,90.0096664428711,202.0,70.54499053955078
2024-03-12,104.66517639160156,89.78043365478516,199.7899932861328,70.44380950927734
2024-03-13,104.53067779541016,89.61537170410156,201.19000244140625,70.3978271484375
2024-03-14,104.1175537109375,89.04684448242188,200.35000610351562,70.27832794189453
2024-03-15,103.58914184570312,89.0376968383789,199.7100067138672,70.20475769042969
2024-03-18,104.01187133789062,88.94601440429688,200.02999877929688,70.19554901123047
2024-03-19,104.37694549560547,89.16605377197266,199.8000030517578,70.31509399414062
2024-03-20,105.43379211425781,89.34947204589844,202.17999267578125,70.41622924804688
2024-03-21,105.66436767578125,89.41364288330078,201.97000122070312,70.41622924804688
2024-03-22,105.4145736694336,89.69789123535156,200.35000610351562,70.52656555175781
2024-03-25,105.20320892333984,89.53285217285156,200.99000549316406,70.46221923828125
2024-03-26,105.05908966064453,89.62454223632812,201.63999938964844,70.48982238769531
2024-03-27,105.82770538330078,89.91797637939453,203.10000610351562,70.60933685302734
2024-03-28,105.80847930908203,89.80793762207031,205.72000122070312,70.49901580810547
2024-04-01,105.55868530273438,89.15494537353516,207.82000732421875,70.35517120361328
2024-04-02,104.9342041015625,89.09059143066406,210.88999938964844,70.3828125
2024-04-03,105.18399810791016,89.14574432373047,212.74000549316406,70.41050720214844
2024-04-04,104.12714385986328,89.3572769165039,211.52000427246094,70.5211181640625
2024-04-05,104.94380187988281,88.91585540771484,215.13999938964844,70.36439514160156
2024-04-08,105.1647720336914,88.83307647705078,216.47999572753906,70.28141784667969
2024-04-09,105.31849670410156,89.1365737915039,217.6699981689453,70.36439514160156
2024-04-10,104.1175537109375,88.0697250366211,215.61000061035156,69.96794128417969
2024-04-11,104.73243713378906,88.08810424804688,219.8000030517578,69.98638916015625
2024-04-12,103.11836242675781,88.25366973876953,216.88999938964844,70.08778381347656
2024-04-15,102.1191635131836,87.72023010253906,220.9499969482422,69.97716522216797
2024-04-16,101.58114624023438,87.47193145751953,221.22000122070312,69.8941879272461
2024-04-17,101.2064437866211,87.8765869140625,219.58999633789062,69.99559783935547
2024-04-18,101.06233215332031,87.62826538085938,220.33999633789062,69.93106842041016
2024-04-19,100.43783569335938,87.72023010253906,221.02999877929688,69.95873260498047
2024-04-22,101.45624542236328,87.77542114257812,215.57000732421875,70.00481414794922
2024-04-23,102.58993530273438,87.95935821533203,215.0399932861328,70.10623168945312
2024-04-24,102.53228759765625,87.72943115234375,214.63999938964844,70.06937408447266
2024-04-25,102.21524810791016,87.48112487792969,215.9199981689453,69.99559783935547
2024-04-26,103.1664047241211,87.67426300048828,216.6199951171875,70.0140380859375
2024-04-29,103.61795043945312,87.94097137451172,216.17999267578125,70.08778381347656
2024-04-30,102.05191802978516,87.58229064941406,211.8699951171875,70.00481414794922
2024-05-01,101.78291320800781,87.89134216308594,213.7899932861328,70.10835266113281
2024-05-02,103.05110931396484,88.28802490234375,213.1300048828125,70.30249786376953
2024-05-03,104.17518615722656,88.7400894165039,212.9600067138672,70.45962524414062
2024-05-06,105.11674499511719,88.80469512939453,215.1999969482422,70.46887969970703
2024-05-07,105.14556884765625,88.98918914794922,214.2100067138672,70.48736572265625
2024-05-08,105.08790588378906,88.80469512939453,213.5800018310547,70.45962524414062
2024-05-09,105.72201538085938,88.97073364257812,216.9499969482422,70.51509857177734
2024-05-10,105.85652160644531,88.78620910644531,218.7100067138672,70.45037841796875
2024-05-13,105.92377471923828,88.83235931396484,216.25999450683594,70.45037841796875
2024-05-14,106.50983428955078,89.07221984863281,218.08999633789062,70.53360748291016
2024-05-15,107.72999572753906,89.66264343261719,220.88999938964844,70.72773742675781
2024-05-16,107.509033203125,89.5611572265625,220.02999877929688,70.6814956665039
2024-05-17,107.75883483886719,89.27516174316406,223.66000366210938,70.62602996826172
2024-05-20,107.82608795166016,89.19212341308594,224.55999755859375,70.60755157470703
2024-05-21,107.84528350830078,89.35821533203125,224.22999572753906,70.6445083618164
2024-05-22,107.33609771728516,89.24748229980469,220.11000061035156,70.57981872558594
2024-05-23,106.62513732910156,88.9983901977539,215.72000122070312,70.505859375
2024-05-24,107.31687927246094,89.0998764038086,215.9199981689453,70.52436065673828
2024-05-28,107.345703125,88.68472290039062,218.19000244140625,70.45037841796875
2024-05-29,106.26004028320312,88.34339904785156,216.16000366210938,70.39494323730469
2024-05-30,105.99102783203125,88.758544921875,216.57000732421875,70.48736572265625
2024-05-31,106.72119903564453,89.04452514648438,215.3000030517578,70.6445083618164
2024-06-03,106.93257141113281,89.5831527709961,217.22000122070312,70.77429962158203
2024-06-04,106.78845977783203,89.90704345703125,215.27000427246094,70.89482879638672
2024-06-05,108.01823425292969,90.18466186523438,217.82000732421875,70.97827911376953
2024-06-06,108.12391662597656,90.21244812011719,219.42999267578125,71.00608825683594
2024-06-07,107.58589172363281,89.41657257080078,211.60000610351562,70.72797393798828
2024-06-10,107.90294647216797,89.3425064086914,213.5399932861328,70.72797393798828
2024-06-11,107.6849594116211,89.64793395996094,214.14999389648438,70.8114013671875
2024-06-12,108.72160339355469,90.07361602783203,214.72000122070312,70.97827911376953
2024-06-13,108.38251495361328,90.52710723876953,212.97000122070312,71.10807037353516
2024-06-14,108.1790542602539,90.61963653564453,215.72999572753906,71.15443420410156
2024-06-17,108.8669204711914,90.29573059082031,214.61000061035156,71.0339126586914
2024-06-18,109.31259155273438,90.61963653564453,215.47000122070312,71.1636962890625
2024-06-20,109.0897445678711,90.46232604980469,218.16000366210938,71.12662506103516
2024-06-21,108.6537857055664,90.47158813476562,214.77999877929688,71.14515686035156
2024-06-24,108.75065612792969,90.54560089111328,215.6300048828125,71.14515686035156
2024-06-25,109.08006286621094,90.536376953125,214.55999755859375,71.1636962890625
2024-06-26,108.95410919189453,90.12915802001953,212.5800018310547,71.07100677490234
2024-06-27,109.109130859375,90.2772216796875,214.99000549316406,71.1173324584961
2024-06-28,108.89598846435547,89.83302307128906,215.00999450683594,71.10807037353516
2024-07-01,109.08006286621094,89.3512191772461,215.57000732421875,71.01229858398438
2024-07-02,109.6613540649414,89.64826965332031,215.55999755859375,71.10529327392578
2024-07-03,110.45580291748047,90.13098907470703,217.99000549316406,71.2447280883789
2024-07-05,111.08554077148438,90.58587646484375,220.92999267578125,71.42140197753906
2024-07-08,111.08554077148438,90.61372375488281,218.19000244140625,71.42140197753906
2024-07-09,111.05645751953125,90.53018188476562,218.55999755859375,71.41210174560547
2024-07-10,112.18999481201172,90.62301635742188,219.36000061035156,71.44929504394531
2024-07-11,111.75402069091797,91.08718872070312,223.25,71.63522338867188
2024-07-12,112.56784057617188,91.33782196044922,223.11000061035156,71.77468872070312
2024-07-15,112.45156860351562,91.02218627929688,223.8300018310547,71.72820281982422
2024-07-16,113.05224609375,91.39352416992188,228.2899932861328,71.80256652832031
2024-07-17,111.6280746459961,91.45849609375,227.22999572753906,71.80256652832031
2024-07-18,110.67861938476562,91.20787048339844,225.77999877929688,71.73748779296875
2024-07-19,109.9520034790039,91.02218627929688,221.72999572753906,71.6910171508789
2024-07-22,111.08554077148438,90.98504638671875,221.8000030517578,71.68170928955078
2024-07-23,110.70769500732422,90.97578430175781,222.5800018310547,71.72820281982422
2024-07-24,108.52782440185547,90.69727325439453,221.8000030517578,71.73748779296875
2024-07-25,107.97559356689453,90.94791412353516,218.3300018310547,71.79327392578125
2024-07-26,109.25444793701172,91.2728500366211,220.6300048828125,71.91413879394531
2024-07-29,109.15756225585938,91.4213638305664,220.32000732421875,71.94204711914062
2024-07-30,108.78942108154297,91.51421356201172,222.52000427246094,71.99781036376953
2024-07-31,110.57205200195312,92.00621032714844,226.5500030517578,72.17445373535156
2024-08-01,108.60533905029297,92.39173126220703,225.77000427246094,72.35816192626953
2024-08-02,106.69674682617188,93.42533111572266,225.33999633789062,72.83369445800781
2024-08-05,103.89684295654297,93.3508529663086,222.47999572753906,72.7964096069336
2024-08-06,104.60408782958984,92.79212951660156,220.6999969482422,72.64723205566406
2024-08-07,104.41032409667969,92.51276397705078,220.5500030517578,72.56330108642578
2024-08-08,106.60955810546875,92.37309265136719,224.00999450683594,72.50735473632812
2024-08-09,107.08427429199219,92.69902038574219,224.55999755859375,72.5539779663086
2024-08-12,107.16178894042969,92.85730743408203,228.41000366210938,72.64723205566406
2024-08-13,108.80879974365234,93.22978973388672,228.05999755859375,72.7964096069336
2024-08-14,109.09944152832031,93.39739990234375,226.1999969482422,72.81505584716797
2024-08-15,110.83363342285156,93.00630187988281,226.91000366210938,72.60991668701172
2024-08-16,111.22116088867188,93.22978973388672,231.99000549316406,72.66585540771484
2024-08-19,112.33531951904297,93.33221435546875,231.61000061035156,72.68450164794922
2024-08-20,112.05436706542969,93.61155700683594,232.4600067138672,72.7964096069336
2024-08-21,112.63565063476562,93.78850555419922,232.14999389648438,72.90831756591797
2024-08-22,111.74432373046875,93.40669250488281,229.3699951171875,72.78709411621094
2024-08-23,113.25569915771484,93.8350601196289,232.02000427246094,72.98291015625
2024-08-26,112.83910369873047,93.75123596191406,232.75999450683594,72.95491027832031
2024-08-27,113.06193542480469,93.77919006347656,233.38999938964844,73.0108871459961
2024-08-28,112.44188690185547,93.69535827636719,231.75,73.00155639648438
2024-08-29,112.53877258300781,93.57432556152344,232.9499969482422,72.97360229492188
2024-08-30,113.33320617675781,93.3508529663086,231.2899932861328,72.95491027832031
2024-09-03,111.16304016113281,93.7450180053711,230.2899932861328,73.07557678222656
2024-09-04,110.8239517211914,94.1560287475586,230.42999267578125,73.26260375976562
2024-09-05,110.68831634521484,94.39889526367188,232.35000610351562,73.32808685302734
2024-09-06,108.80879974365234,94.52030944824219,230.6300048828125,73.44027709960938
2024-09-09,109.9326400756836,94.6604232788086,231.60000610351562,73.45899200439453
2024-09-10,110.08763885498047,94.94998931884766,232.6199951171875,73.58991241455078
2024-09-11,111.05645751953125,94.9219741821289,232.25,73.55252075195312
2024-09-12,112.0252914428711,94.83790588378906,236.3300018310547,73.52445983886719
2024-09-13,112.58721160888672,95.03404998779297,238.67999267578125,73.6553726196289
2024-09-16,112.97474670410156,95.25824737548828,238.66000366210938,73.7021484375
2024-09-17,112.85848236083984,95.16483306884766,237.33999633789062,73.64604187011719
2024-09-18,112.53877258300781,94.86591339111328,235.50999450683594,73.56185913085938
2024-09-19,114.54425048828125,94.87527465820312,239.1699981689453,73.62733459472656
2024-09-20,114.08889770507812,94.79122161865234,242.2100067138672,73.69277954101562
2024-09-23,114.52485656738281,94.75384521484375,242.67999267578125,73.66473388671875
2024-09-24,115.30960845947266,94.88460540771484,246.07000732421875,73.75825500488281
2024-09-25,114.8251953125,94.52030944824219,245.72999572753906,73.63668823242188
2024-09-26,116.10404205322266,94.53900909423828,246.97999572753906,73.58056640625
2024-09-27,115.83277130126953,94.80988311767578,245.02000427246094,73.72084045410156
2024-09-30,115.82308959960938,94.59503936767578,243.05999755859375,73.58991241455078
2024-10-01,115.08678436279297,94.84520721435547,245.61000061035156,73.6959228515625
2024-10-02,115.35804748535156,94.6484375,245.66000366210938,73.67713165283203
2024-10-03,114.78644561767578,94.26431274414062,245.49000549316406,73.5270767211914
2024-10-04,115.7552719116211,93.65528869628906,245.0,73.1894760131836
2024-10-07,115.02865600585938,93.33673858642578,244.1699981689453,73.06755828857422
2024-10-08,115.32898712158203,93.49601745605469,242.3699951171875,73.09567260742188
2024-10-09,115.8037109375,93.25242614746094,241.0500030517578,73.03938293457031
2024-10-10,115.68746185302734,93.19622039794922,242.82000732421875,73.10504913330078
2024-10-11,116.41407012939453,93.22431945800781,245.47000122070312,73.16131591796875
2024-10-14,117.01473999023438,93.13999938964844,245.07000732421875,73.11444091796875
2024-10-15,115.79401397705078,93.51476287841797,245.9199981689453,73.17070770263672
2024-10-16,116.2590560913086,93.6365737915039,247.14999389648438,73.22698211669922
2024-10-17,116.21061706542969,93.17745971679688,248.6300048828125,73.14256286621094
2024-10-18,116.8887939453125,93.2430648803711,251.27000427246094,73.1894760131836
2024-10-21,116.3268814086914,92.5965805053711,251.22000122070312,73.0112533569336
2024-10-22,116.07498168945312,92.61531066894531,253.92999267578125,73.0112533569336
2024-10-23,115.04803466796875,92.3810806274414,250.8699951171875,72.93624877929688
2024-10-24,115.31929779052734,92.55909729003906,252.8000030517578,72.97374725341797
2024-10-25,115.1158447265625,92.3717041015625,253.32000732421875,72.95499420166016
2024-10-28,115.71652221679688,92.2218246459961,253.3300018310547,72.89872741699219
2024-10-29,115.6487045288086,92.32486724853516,256.0899963378906,72.93624877929688
2024-10-30,115.13521575927734,92.23116302490234,257.5,72.84244537353516
2024-10-31,113.40103149414062,92.21245574951172,253.50999450683594,72.8143081665039
2024-11-01,113.83699798583984,91.84588623046875,252.47000122070312,72.77104949951172
2024-11-04,113.81761932373047,92.2312240600586,252.8300018310547,72.87452697753906
2024-11-05,115.14491271972656,92.44740295410156,253.39999389648438,72.84630584716797
2024-11-06,116.52064514160156,91.72369384765625,245.6999969482422,72.69579315185547
2024-11-07,117.82855987548828,92.4192123413086,249.64999389648438,72.89334106445312
2024-11-08,117.5185317993164,92.57897186279297,247.9600067138672,72.84630584716797
2024-11-11,117.66385650634766,92.37218475341797,242.13999938964844,72.77104949951172
2024-11-12,116.79192352294922,91.83647918701172,240.0500030517578,72.64876556396484
2024-11-13,116.55939483642578,91.81768035888672,237.6300048828125,72.73342895507812
2024-11-14,116.01686096191406,91.78007507324219,237.00999450683594,72.62995147705078
2024-11-15,114.94145202636719,91.78948974609375,236.58999633789062,72.74282836914062
2024-11-18,115.51307678222656,91.87407684326172,241.08999633789062,72.78987121582031
2024-11-19,115.83277130126953,92.00566101074219,243.25,72.81808471679688
2024-11-20,115.83277130126953,91.91165924072266,244.6199951171875,72.77104949951172
2024-11-21,116.26875305175781,91.86468505859375,246.66000366210938,72.72402954101562
2024-11-22,116.68534088134766,91.93047332763672,249.83999633789062,72.73342895507812
2024-11-25,117.09225463867188,92.757568359375,242.47999572753906,72.94036865234375
2024-11-26,117.26663208007812,92.61659240722656,242.9499969482422,72.94036865234375
2024-11-27,117.179443359375,92.87036895751953,243.49000549316406,73.03443908691406
2024-11-29,117.973876953125,93.23690795898438,245.58999633789062,73.16614532470703
2024-12-02,118.22578430175781,93.24822235107422,243.44000244140625,73.1482162475586
2024-12-03,118.43891906738281,93.06907653808594,243.92999267578125,73.15763854980469
2024-12-04,119.06865692138672,93.37079620361328,244.6699981689453,73.22367858886719
2024-12-05,119.13646697998047,93.38965606689453,242.86000061035156,73.23313903808594
2024-12-06,119.28179931640625,93.65367126464844,242.9499969482422,73.34635162353516
2024-12-09,119.00083923339844,93.38023376464844,245.36000061035156,73.2991714477539
2024-12-10,118.29359436035156,93.26708221435547,248.58999633789062,73.27088165283203
2024-12-11,119.13646697998047,93.05022430419922,250.9600067138672,73.23313903808594
2024-12-12,118.39047241210938,92.6730728149414,247.27999877929688,73.17650604248047
2024-12-13,118.25484466552734,92.32423400878906,244.2899932861328,73.0821533203125
2024-12-16,118.4970474243164,92.40910339355469,244.8800048828125,73.09159851074219
2024-12-17,118.04356384277344,92.40910339355469,243.94000244140625,73.06330108642578
2024-12-18,114.53490447998047,91.7053451538086,239.25999450683594,72.8462905883789
2024-12-19,114.54466247558594,91.46885681152344,239.60000610351562,72.8840560913086
2024-12-20,115.44383239746094,91.71479034423828,242.10000610351562,72.9500732421875
2024-12-23,116.15728759765625,91.43101501464844,240.9600067138672,72.85572052001953
2024-12-24,117.13462829589844,91.53507232666016,241.44000244140625,72.89359283447266
2024-12-26,117.23236846923828,91.60128021240234,243.07000732421875,72.94091796875
2024-12-27,116.34298706054688,91.41210174560547,241.39999389648438,72.95038604736328
2024-12-30,115.15061950683594,91.77156066894531,240.6300048828125,73.11128234863281
2024-12-31,114.83787536621094,91.65804290771484,242.1300048828125,73.13018798828125
2025-01-02,114.61308288574219,91.66752624511719,245.4199981689453,73.12073516845703
2025-01-03,115.8054428100586,91.5728988647461,243.49000549316406,73.0639419555664
2025-01-06,116.60686492919922,91.47831726074219,243.19000244140625,73.08287048339844
2025-01-07,115.48292541503906,91.15672302246094,244.55999755859375,73.03555297851562
2025-01-08,115.49269104003906,91.26075744628906,245.86000061035156,73.08287048339844
2025-01-10,113.73347473144531,90.74996185302734,248.2100067138672,72.85575103759766
2025-01-13,113.71392822265625,90.66484069824219,245.74000549316406,72.81788635253906
2025-01-14,114.03644561767578,90.6932144165039,247.02999877929688,72.85575103759766
2025-01-15,115.8934097290039,91.47831726074219,248.8800048828125,73.12073516845703
2025-01-16,115.9031753540039,91.67694854736328,250.60000610351562,73.20590209960938
2025-01-17,116.89029693603516,91.67694854736328,249.27000427246094,73.17750549316406
2025-01-21,118.219482421875,91.97965240478516,253.1300048828125,73.22483825683594
2025-01-22,118.6495132446289,91.76210021972656,254.42999267578125,73.19645690917969
2025-01-23,119.30432891845703,91.61075592041016,254.07000732421875,73.20590209960938
2025-01-24,119.29456329345703,91.76210021972656,255.64999389648438,73.24375915527344
2025-01-27,117.86764526367188,92.27288055419922,252.99000549316406,73.40464782714844
2025-01-28,118.6495132446289,92.24449157714844,255.17999267578125,73.43305206298828
2025-01-29,118.29766845703125,92.18775939941406,254.1999969482422,73.37627410888672
2025-01-30,119.20659637451172,92.32015991210938,258.04998779296875,73.45197296142578
2025-01-31,118.44427490234375,92.13098907470703,258.55999755859375,73.44252014160156
2025-02-03,117.48646545410156,92.21829986572266,259.94000244140625,73.39219665527344
2025-02-04,118.5517807006836,92.3891372680664,262.5,73.48713684082031
2025-02-05,119.12841033935547,92.88261413574219,264.1300048828125,73.59158325195312
2025-02-06,119.53889465332031,92.7877197265625,263.42999267578125,73.55360412597656
2025-02-07,118.58110046386719,92.49351501464844,263.8999938964844,73.4206771850586
2025-02-10,119.53889465332031,92.5219955444336,268.3699951171875,73.43019104003906
2025-02-11,119.5584487915039,92.3132095336914,267.3900146484375,73.43966674804688
2025-02-12,119.45093536376953,91.82918548583984,267.6700134277344,73.28775787353516
2025-02-13,120.8387680053711,92.379638671875,270.30999755859375,73.41117095947266
2025-02-14,120.81922149658203,92.72128295898438,266.2900085449219,73.57259368896484
2025-02-18,121.31766510009766,92.35115814208984,270.70001220703125,73.5061264038086
2025-02-19,121.17106628417969,92.48402404785156,270.8500061035156,73.57259368896484
2025-02-20,121.0049057006836,92.62637329101562,270.989990234375,73.59158325195312
2025-02-21,119.36296844482422,93.02497863769531,270.739990234375,73.72450256347656
2025-02-24,118.72770690917969,93.18632507324219,272.2099914550781,73.80045318603516
2025-02-25,118.54200744628906,93.7652359008789,268.6199951171875,73.9808578491211
2025-02-26,118.76679229736328,93.91708374023438,269.0299987792969,74.00933074951172
2025-02-27,116.95870971679688,93.77472686767578,264.92999267578125,74.00933074951172
2025-02-28,118.0924301147461,94.19229888916016,263.2699890136719,74.16123962402344
2025-03-03,116.8414306640625,94.39602661132812,266.739990234375,74.2507553100586
2025-03-04,115.99114227294922,94.15804290771484,269.05999755859375,74.26980590820312
2025-03-05,117.82854461669922,93.83435821533203,269.6199951171875,74.1555404663086
2025-03-06,116.01068115234375,93.73918151855469,268.25,74.1745834350586
2025-03-07,116.79256439208984,93.62493896484375,268.3900146484375,74.12696075439453
2025-03-10,113.77257537841797,94.07237243652344,266.0400085449219,74.3364486694336
2025-03-11,113.17638397216797,93.73918151855469,269.1600036621094,74.22216796875
2025-03-12,113.85075378417969,93.46310424804688,270.3299865722656,74.13651275634766
2025-03-13,112.55088806152344,93.74871063232422,275.1300048828125,74.2412338256836
2025-03-14,114.78900146484375,93.55829620361328,275.239990234375,74.1555404663086
2025-03-17,115.93251037597656,93.68205261230469,276.7300109863281,74.12696075439453
2025-03-18,115.10176086425781,93.77725982666016,279.9599914550781,74.1936264038086
2025-03-19,116.04000854492188,94.05331420898438,281.1099853515625,74.30789184570312
2025-03-20,115.55133056640625,94.11043548583984,280.75,74.35549926757812
2025-03-21,115.3070068359375,93.99620056152344,278.489990234375,74.4030990600586
2025-03-24,116.997802734375,93.63446044921875,277.25,74.23170471191406
2025-03-25,117.05643463134766,93.72013092041016,278.4700012207031,74.29837799072266
2025-03-26,115.76634216308594,93.49168395996094,278.239990234375,74.26026916503906
2025-03-27,115.6001968383789,93.44407653808594,281.9700012207031,74.30789184570312
2025-03-28,113.60641479492188,93.98668670654297,284.05999755859375,74.49830627441406
2025-03-31,113.75302124023438,94.16756439208984,288.1400146484375,74.53640747070312
2025-04-01,114.15373229980469,94.51616668701172,287.57000732421875,74.61282348632812
2025-04-02,114.74014282226562,94.4111099243164,288.1600036621094,74.56507110595703
2025-04-03,110.35187530517578,94.90776062011719,286.4200134277344,74.92805480957031
2025-04-04,103.59842681884766,94.99372100830078,279.7200012207031,74.94715881347656
2025-04-07,102.59176635742188,93.79029083251953,273.7099914550781,74.70833587646484
2025-04-08,101.2430191040039,93.30321502685547,275.20001220703125,74.63191223144531
2025-04-09,110.14662170410156,93.51332092285156,285.3800048828125,74.54596710205078
2025-04-10,106.77478790283203,92.77789306640625,292.3500061035156,74.44088745117188
2025-04-11,108.58287048339844,92.682373046875,297.92999267578125,74.25939178466797
2025-04-14,110.09776306152344,93.2267837524414,296.2300109863281,74.48865509033203
2025-04-15,110.16616821289062,93.41779327392578,297.7799987792969,74.59371948242188
2025-04-16,108.41673278808594,93.71388244628906,307.4700012207031,74.73699188232422
2025-04-17,108.8760757446289,93.47510528564453,306.1199951171875,74.74654388427734
2025-04-21,107.11685943603516,92.91159057617188,315.5899963378906,74.7178955078125
2025-04-22,109.53089904785156,93.0835189819336,311.1099853515625,74.6796875
2025-04-23,110.86986541748047,93.31273651123047,303.6499938964844,74.63191223144531
2025-04-24,112.8929672241211,93.8285140991211,308.07000732421875,74.81342315673828
2025-04-25,113.54778289794922,94.17233276367188,304.7300109863281,74.93760681152344
2025-04-28,113.76280212402344,94.43021392822266,309.07000732421875,75.0617904663086
2025-04-29,114.33942413330078,94.65943908691406,306.05999755859375,75.14775848388672
2025-04-30,114.33942413330078,94.57347869873047,303.7699890136719,75.25281524658203
2025-05-01,114.75968170166016,94.31571197509766,297.4599914550781,75.05738067626953
2025-05-02,116.70460510253906,93.85576629638672,297.9800109863281,74.87533569335938
2025-05-05,116.47003936767578,93.6928939819336,306.8800048828125,74.87533569335938
2025-05-06,115.79566955566406,93.92284393310547,315.4800109863281,74.95198059082031
2025-05-07,115.8934097290039,94.06657409667969,310.75,74.99031066894531
2025-05-08,116.27456665039062,93.57791137695312,304.6300048828125,74.79867553710938
2025-05-09,116.43093872070312,93.67372131347656,306.8399963378906,74.82743072509766
2025-05-12,119.26524353027344,93.35751342773438,298.19000244140625,74.63581085205078
2025-05-13,119.9005126953125,93.26168060302734,299.4599914550781,74.6453857421875
2025-05-14,120.00802612304688,92.9933853149414,293.1600036621094,74.5208511352539
2025-05-15,120.65306854248047,93.52041625976562,297.8399963378906,74.74119567871094
2025-05-16,121.22970581054688,93.57791137695312,294.239990234375,74.73162841796875
2025-05-19,121.6108627319336,93.54914855957031,298.0299987792969,74.79867553710938
2025-05-20,121.47404479980469,93.3862533569336,303.5799865722656,74.79867553710938
2025-05-21,119.96892547607422,92.77300262451172,305.82000732421875,74.67413330078125
2025-05-22,119.9005126953125,93.04130554199219,303.1099853515625,74.75077056884766
2025-05-23,119.52912902832031,93.17545318603516,309.75,74.81785583496094
2025-05-27,121.53268432617188,93.59706115722656,304.5,74.8849105834961
2025-05-28,120.662841796875,93.4245834350586,303.80999755859375,74.82743072509766
2025-05-29,121.10265350341797,93.76953125,305.6099853515625,74.95198059082031
2025-05-30,120.84854125976562,93.99950408935547,303.6000061035156,75.07653045654297
2025-06-02,121.74769592285156,93.75242614746094,311.6700134277344,75.02655029296875
2025-06-03,122.02134704589844,93.68511962890625,308.9100036621094,74.97850799560547
2025-06-04,122.33409881591797,94.24272918701172,310.8999938964844,75.16112518310547
2025-06-05,121.97248840332031,94.00239562988281,309.3299865722656,75.06499481201172
2025-06-06,122.91072845458984,93.52169799804688,305.17999267578125,74.85353088378906
2025-06-09,123.06710052490234,93.63707733154297,306.6199951171875,74.88236236572266
2025-06-10,123.65351104736328,93.84857177734375,306.7099914550781,74.91119384765625
2025-06-11,123.48736572265625,94.16582489013672,308.3699951171875,75.06499481201172
2025-06-12,123.97603607177734,94.51190948486328,312.20001220703125,75.15149688720703
2025-06-13,122.54911804199219,94.17545318603516,316.2900085449219,75.0842514038086
2025-06-16,123.62362670898438,93.98316192626953,311.7799987792969,75.0553970336914
2025-06-17,122.37281799316406,94.27156829833984,311.94000244140625,75.1226806640625
2025-06-18,122.41221618652344,94.33887481689453,310.260009765625,75.16112518310547
2025-06-20,121.87052154541016,94.42539978027344,310.1300048828125,75.238037109375
2025-06-23,122.96375274658203,94.6176528930664,311.0799865722656,75.36298370361328
2025-06-24,124.58882141113281,95.00221252441406,306.19000244140625,75.49756622314453
2025-06-25,124.50019073486328,94.99260711669922,307.1199951171875,75.47834777832031
2025-06-26,125.54417419433594,95.25218200683594,306.7799987792969,75.61292266845703
2025-06-27,126.10555267333984,94.98298645019531,301.2200012207031,75.55524444580078
2025-06-30,126.6571044921875,95.3675308227539,304.8299865722656,75.65135955810547
2025-07-01,126.5881576538086,95.2797622680664,307.54998779296875,75.55590057373047
2025-07-02,127.10030364990234,95.16403198242188,309.25,75.54625701904297
2025-07-03,127.82910919189453,94.97113037109375,307.1400146484375,75.4498291015625
2025-07-07,126.71620178222656,94.6335678100586,307.3699951171875,75.4112548828125
2025-07-08,126.93286895751953,94.59498596191406,304.1600036621094,75.3726806640625
2025-07-09,127.6222915649414,94.99043273925781,305.5199890136719,75.478759765625
2025-07-10,127.88822174072266,94.96148681640625,306.20001220703125,75.478759765625
2025-07-11,127.24803161621094,94.5660629272461,309.1400146484375,75.43054962158203
2025-07-14,127.4253158569336,94.5564193725586,308.010009765625,75.44017028808594
2025-07-15,126.89347076416016,94.27672576904297,306.7300109863281,75.324462890625
2025-07-16,127.38591003417969,94.41173553466797,308.260009765625,75.4691162109375
2025-07-17,127.89805603027344,94.4503173828125,307.5899963378906,75.44017028808594
2025-07-18,127.799560546875,94.62393188476562,308.3900146484375,75.55590057373047
2025-07-21,128.1639862060547,94.88432312011719,313.1300048828125,75.63304138183594
2025-07-22,128.38067626953125,95.06757354736328,316.1000061035156,75.7005615234375
2025-07-23,129.90724182128906,94.85540008544922,312.17999267578125,75.6041259765625
2025-07-24,129.64132690429688,94.79753112792969,310.2699890136719,75.55590057373047
2025-07-25,129.88754272460938,94.95184326171875,307.3999938964844,75.6041259765625
2025-07-28,129.3064422607422,94.82646179199219,305.4100036621094,75.5848388671875
2025-07-29,129.07008361816406,95.33763122558594,306.25,75.69090270996094
2025-07-30,128.63673400878906,95.06757354736328,300.9599914550781,75.59447479248047
2025-07-31,127.99655151367188,95.11581420898438,302.9599914550781,75.5848388671875
2025-08-01,126.38134002685547,95.93836975097656,309.1099853515625,76.04827880859375
2025-08-04,128.203369140625,96.01577758789062,310.9100036621094,76.06764221191406
2025-08-05,127.84881591796875,96.0447998046875,311.1600036621094,76.03861999511719
2025-08-06,128.8041534423828,96.006103515625,310.5,76.06764221191406
2025-08-07,129.10946655273438,95.92867279052734,313.1199951171875,76.03861999511719
2025-08-08,129.8678436279297,95.74480438232422,313.04998779296875,75.97087097167969
2025-08-11,129.52313232421875,95.81256103515625,308.54998779296875,75.99022674560547
2025-08-12,130.94137573242188,95.81256103515625,308.2699890136719,76.03861999511719
2025-08-13,131.5421600341797,96.16092681884766,309.2099914550781,76.16439056396484
2025-08-14,131.33534240722656,95.88998413085938,307.25,76.06764221191406
2025-08-15,131.36488342285156,95.74480438232422,307.42999267578125,76.05796813964844
2025-08-18,131.39442443847656,95.63836669921875,306.95001220703125,76.0289306640625
2025-08-19,130.6951446533203,95.82221984863281,305.2699890136719,76.09664916992188
2025-08-20,130.54742431640625,95.88029479980469,308.3599853515625,76.10633850097656
2025-08-21,130.0451202392578,95.65772247314453,307.2900085449219,76.00958251953125
2025-08-22,132.19219970703125,96.18995666503906,310.5799865722656,76.2417984008789
2025-08-25,131.33534240722656,96.0447998046875,309.8299865722656,76.19342041015625
2025-08-26,131.61109924316406,96.16092681884766,312.0799865722656,76.2901611328125
2025-08-27,131.66033935546875,96.25770568847656,312.7099914550781,76.36756134033203
2025-08-28,132.19219970703125,96.37381744384766,315.0299987792969,76.35787963867188
2025-08-29,131.42398071289062,96.2480239868164,318.07000732421875,76.40626525878906
2025-09-02,130.4981689453125,95.99267578125,325.5899963378906,76.35773468017578
2025-09-03,131.04971313476562,96.34220886230469,328.1400146484375,76.4256820678711
2025-09-04,131.92626953125,96.7305679321289,326.69000244140625,76.52275848388672
2025-09-05,132.04446411132812,97.18688201904297,331.04998779296875,76.66837310791016
2025-09-08,132.68463134765625,97.51698303222656,334.82000732421875,76.69750213623047
2025-09-09,132.88160705566406,97.32279968261719,334.05999755859375,76.61982727050781
2025-09-10,133.1770782470703,97.51698303222656,335.260009765625,76.63924407958984
2025-09-11,134.48699951171875,97.70146179199219,334.760009765625,76.66837310791016
2025-09-12,134.29002380371094,97.61407470703125,335.4200134277344,76.63924407958984
2025-09-15,135.16656494140625,97.77912139892578,338.9100036621094,76.7168960571289
2025-09-16,135.0286865234375,97.81796264648438,339.5899963378906,76.7557373046875
2025-09-17,134.90065002441406,97.64319610595703,336.9700012207031,76.68778228759766
2025-09-18,135.4620361328125,97.3713607788086,335.6199951171875,76.63924407958984
2025-09-19,135.67869567871094,97.3713607788086,339.17999267578125,76.65865325927734
2025-09-22,136.3188934326172,97.25485229492188,345.04998779296875,76.610107421875
2025-09-23,135.80674743652344,97.41019439697266,346.4599914550781,76.65865325927734
2025-09-24,135.2256622314453,97.22572326660156,343.32000732421875,76.6004409790039
2025-09-25,134.55592346191406,97.08979034423828,344.75,76.48392486572266
2025-09-26,135.26504516601562,97.15775299072266,346.739990234375,76.51304626464844
2025-09-29,135.59991455078125,97.34222412109375,352.4599914550781,76.58099365234375
2025-09-30,136.15145874023438,97.33250427246094,355.4700012207031,76.6004409790039
2025-10-01,136.84088134765625,97.58089447021484,356.0299987792969,76.74942016601562
2025-10-02,137.15603637695312,97.68804931640625,354.7900085449219,76.75914764404297
2025-10-03,137.39242553710938,97.58089447021484,357.6400146484375,76.72020721435547
2025-10-06,137.93411254882812,97.36660766601562,364.3800048828125,76.68124389648438
2025-10-07,137.1068115234375,97.53219604492188,366.260009765625,76.73968505859375
2025-10-08,137.91441345214844,97.54194641113281,372.29998779296875,76.72020721435547
2025-10-09,137.2447052001953,97.425048828125,365.42999267578125,76.68124389648438
2025-10-10,133.65968322753906,97.82440948486328,369.1199951171875,76.82733154296875
2025-10-13,135.73780822753906,98.00949096679688,378.0899963378906,76.93444061279297
2025-10-14,135.59991455078125,98.16532897949219,380.7900085449219,76.98313903808594
2025-10-15,136.4666290283203,98.12637329101562,387.3900146484375,76.96365356445312
2025-10-16,135.99388122558594,98.47703552246094,396.45001220703125,77.1194839477539
2025-10-17,136.5355682373047,98.34065246582031,388.989990234375,77.07079315185547
2025-10-20,137.90457153320312,98.50625610351562,403.1499938964844,77.07079315185547
2025-10-21,137.50076293945312,98.6036605834961,377.239990234375,77.10973358154297
2025-10-22,136.9590606689453,98.59391784667969,377.2799987792969,77.10973358154297
2025-10-23,137.8356170654297,98.41859436035156,378.7900085449219,77.04157257080078
2025-10-24,138.73187255859375,98.5159912109375,377.5199890136719,77.10000610351562
2025-10-27,140.18951416015625,98.58417510986328,367.010009765625,77.07079315185547
2025-10-28,140.39634704589844,98.64261627197266,364.3800048828125,77.10000610351562
2025-10-29,140.4061737060547,98.17508697509766,363.0,76.91497802734375
2025-10-30,139.0371856689453,97.99000549316406,370.1300048828125,76.86627960205078
2025-10-31,139.27357482910156,97.93155670166016,368.1199951171875,76.89550018310547
2025-11-03,139.57888793945312,97.81134796142578,368.7799987792969,76.91014862060547
2025-11-04,137.79623413085938,97.8602294921875,362.32000732421875,76.93946075439453
2025-11-05,138.4364013671875,97.59635925292969,366.510009765625,76.85151672363281
2025-11-06,137.23483276367188,97.95793914794922,366.07000732421875,76.99810028076172
2025-11-07,137.4318084716797,97.91885375976562,368.30999755859375,77.01764678955078
2025-11-10,139.4409942626953,97.87976837158203,378.3800048828125,76.97854614257812
2025-11-11,139.90390014648438,98.17292785644531,379.8699951171875,77.08604431152344
2025-11-12,140.17967224121094,98.13385009765625,385.989990234375,77.0665054321289
2025-11-13,138.0325927734375,97.84066772460938,382.8699951171875,76.98832702636719
2025-11-14,137.96365356445312,97.7234115600586,375.9599914550781,76.9590072631836
2025-11-17,136.48631286621094,97.74295043945312,371.6499938964844,76.9687728881836
2025-11-18,135.3142852783203,97.80160522460938,374.3500061035156,77.07626342773438
2025-11-19,135.50143432617188,97.80160522460938,374.9599914550781,77.03717803955078
2025-11-20,133.45285034179688,97.91885375976562,374.8500061035156,77.10558319091797
2025-11-21,134.77259826660156,98.15339660644531,374.2699890136719,77.23262023925781
2025-11-24,136.2696533203125,98.34883880615234,380.20001220703125,77.30101776123047
2025-11-25,137.51060485839844,98.50520324707031,380.0799865722656,77.34986877441406
2025-11-26,138.6432342529297,98.66154479980469,383.1199951171875,77.34986877441406
2025-11-28,139.33267211914062,98.52474212646484,387.8800048828125,77.33031463623047
2025-12-01,138.71217346191406,98.09925079345703,389.75,77.24210357666016
2025-12-02,139.01748657226562,98.22669982910156,387.239990234375,77.28131103515625
2025-12-03,139.5394744873047,98.41297149658203,386.8800048828125,77.34012603759766
2025-12-04,139.82510375976562,98.17767333984375,387.1300048828125,77.27151489257812
2025-12-05,139.95314025878906,98.06983947753906,386.44000244140625,77.22249603271484
2025-12-08,139.61827087402344,97.9129638671875,385.4200134277344,77.18328857421875
2025-12-09,139.5099334716797,97.8247299194336,387.3999938964844,77.11466979980469
2025-12-10,140.64256286621094,98.13846588134766,389.04998779296875,77.27151489257812
2025-12-11,141.01681518554688,98.15807342529297,393.239990234375,77.28131103515625
2025-12-12,139.6281280517578,97.85413360595703,395.44000244140625,77.26171112060547
2025-12-15,139.6576690673828,97.95219421386719,395.79998779296875,77.30091857910156
2025-12-16,139.0863800048828,98.13846588134766,395.8900146484375,77.37934112548828
2025-12-17,137.6656036376953,98.10906219482422,399.2900085449219,77.36953735351562
2025-12-18,138.80819702148438,98.3541488647461,398.57000732421875,77.4649429321289
2025-12-19,140.0004425048828,98.21053314208984,399.0199890136719,77.42559814453125
2025-12-22,140.82508850097656,98.17118835449219,408.2300109863281,77.3960952758789
2025-12-23,141.5404510498047,98.17118835449219,413.6400146484375,77.36658477783203
2025-12-24,141.78883361816406,98.38758850097656,411.92999267578125,77.44525909423828
2025-12-26,141.9775848388672,98.40727233886719,416.739990234375,77.49444580078125
2025-12-29,141.4907684326172,98.52532196044922,398.6000061035156,77.55345153808594
2025-12-30,141.4907684326172,98.48596954345703,398.8900146484375,77.56329345703125
2025-12-31,140.5767059326172,98.24987030029297,396.30999755859375,77.51410675048828
