Date,ACWI,AGG,GLD,BSV
2008-03-31,-0.015569236379864848,-0.001556014982727838,-0.015999060026679612,0.002029410844168744
2008-04-01,0.02696740179666035,-0.0067956635788258835,-0.03926560013231817,-0.0036696654781342986
2008-04-02,0.01105585155088784,0.0004916181129976938,0.027745751966154586,-0.0015296446667800723
2008-04-03,0.0056628787420056614,0.0031496000465185414,0.0016803128880877871,-0.0019135381704201704
2008-04-04,-0.0005819060822223054,0.005101152938319586,0.009282060479206544,0.004347601701117032
2008-04-07,0.005827897336300403,-9.813009764425562e-05,0.010193885528479996,-0.002037010146872631
2008-04-08,0.006181432867389036,-9.769508208801181e-05,-0.008994183517528342,0.0011477547477134475
2008-04-09,-0.018621592006506593,0.0043935318774370735,0.021472080511013125,0.0031863503917799463
2008-04-10,0.0,-0.003110151860012844,-0.005634459500514,-0.003048564252102648
2008-04-11,-0.015845237393198985,0.002144809165279371,-0.005121429753741857,0.00267552421864381
2008-04-14,0.003975457576378405,-0.0011685259125068237,-0.002081078149565263,-0.001016455544386452
2008-04-15,0.002772132107405456,-0.005355697344500809,0.006036692438517344,-0.0015264870377671436
2008-04-16,0.013622599563034132,-0.0036241022747535157,0.017564836533195294,-0.002548010532614553
2008-04-17,0.013439623427938585,-0.00019628670830063033,-0.0076122988101923195,-0.0017877219873658756
2008-04-18,0.010955097202726138,0.0026542610094546504,-0.020959322203780717,0.0
2008-04-21,0.004563124902408067,9.78708621408586e-05,-0.004083014073799407,-0.0012786405807257983
2008-04-22,-0.009084284450196156,0.0014702158798243214,0.00022156945225937363,0.0015365655095582742
2008-04-23,0.0024829230164089555,-0.0009787687134176215,-0.011631721074667034,0.00012783858953202554
2008-04-24,0.0003808602860222443,-0.003723475141443555,-0.022416498236226268,-0.0034529407853824967
2008-04-25,0.0039997185972793226,-0.0009821732294753582,0.0005732105212514771,0.0
2008-04-28,0.008156401265154711,0.002459897179795778,0.004812717021838164,0.0007695908451137434
2008-04-29,-0.011477516981181046,0.001473518023802578,-0.021439215765431285,0.0006414141091040104
2008-04-30,0.013513679961751013,0.00607977605003196,0.009789115384970959,0.003716698341449387
2008-05-01,-0.0030044089848700883,-0.0017020259589086706,-0.030698252917109703,-0.0034836895449141814
2008-05-02,0.006215761935434161,-0.0016644552925987322,0.007024693205042398,-0.0014135570735380742
2008-05-05,0.002807883961525093,0.00039216220368420984,0.01998102122754042,0.0014155580456265415
2008-05-06,0.006719991978653139,-0.0032356921360632285,0.00417295264124129,-0.0005141858344163142
2008-05-07,-0.016688287799291324,0.0028529148173246366,-0.009350081776226649,0.0012866709393395404
2008-05-08,0.003394363676301859,0.002550518090693288,0.01654623833599178,0.0029529637853678015
2008-05-09,-0.0043224011826400455,0.0003918628128474211,0.002063277276288522,0.0010244083600290388
2008-05-12,0.010192496200665868,-0.0017618352783956848,-0.004918786481152515,-0.0026860670357201633
2008-05-13,0.0011210954370024506,-0.0056819590410752685,-0.018392901637114267,-0.0024370623095241184
2008-05-14,0.0022394786775461473,0.001477050387147072,-0.0022251135117034027,-0.0006428530788971099
2008-05-15,0.010614808912751794,0.005314109610229378,0.021126797138869557,0.0032158240530959503
2008-05-16,0.008475652509873477,-0.00244667134652643,0.02413791349564476,-0.0003845633126310366
2008-05-19,-0.0003650753814150587,0.0016687668413941648,0.0032547802524549585,0.00102630755062183
2008-05-20,-0.009870196642958184,0.0021542295955394586,0.016892293842048378,0.000129216213129002
2008-05-21,-0.006830432448705515,-0.0013686817288027786,0.01166113906270927,-0.000513539117363071
2008-05-22,0.0014870477986379527,-0.005970726429174844,-0.010656760953627886,-0.004101583869586367
2008-05-23,-0.015590267098002486,0.0038402852224812545,0.0027478565704068814,0.002445940908023303
2008-05-27,0.007729978449886543,-0.0055916147859835785,-0.020497672670971245,-0.002439972878545249
2008-05-28,-0.00018685853769473404,-0.004636146907373129,-0.0024619652999156028,-0.0021886725681230512
2008-05-29,0.006174951856264821,-0.0027744440744814636,-0.02950412016407733,-0.001161778176128614
2008-05-30,-0.0011156824493341322,0.003577343055581439,0.01086573562362747,0.0009036099062451619
2008-06-02,-0.007633751043606307,0.0037172273353940355,0.005831928576650602,0.002537130125543019
2008-06-03,-0.0024388301749990182,0.0018825157342998722,-0.012278329266664723,0.0024543210447771635
2008-06-04,-0.010156478289635062,-0.003559218327556457,-0.0026472805572057556,-0.001415965656863749
2008-06-05,0.021470640945808306,-0.0036709186425980533,-0.0023081889684327672,-0.001549152900577333
2008-06-06,-0.02641361386007013,0.0055771461134679345,0.030190869895740713,0.002842967429687482
2008-06-09,-0.006113598669113873,-0.0050504827509242345,-0.012014369235977762,-0.0057978504113948
2008-06-10,-0.009804088252240994,-0.005275881755985146,-0.027730365623936493,-0.003758165640212474
2008-06-11,-0.012036529942343166,0.001301138159678361,0.017182858432152726,0.0026022701474597287
2008-06-12,0.000589622891441044,-0.006196202222272018,-0.016318067383635726,-0.004801021044721687
2008-06-13,0.006873573940723299,-0.002514062944162454,0.00268695515226125,-0.0009116489315097454
2008-06-16,0.006631531170962823,0.0011091112180539042,0.013748109984879964,0.0006514464507636486
2008-06-17,-0.00019362488245877607,0.003424174662708168,0.002758279023988175,0.0027386721965121374
2008-06-18,-0.007170733716003741,0.004214741869918104,0.011805143602256374,0.0010406809929233152
2008-06-19,-0.01327373495289852,-0.005096153231477829,0.0015858562707782298,-0.0022088827943311795
2008-06-20,-0.007121465511465752,0.003013046561707089,0.005994105296001084,0.0015621540063222028
2008-06-23,0.003387115508450389,-0.0013017917269123602,-0.020910631525191015,-0.0014297288246087891
2008-06-24,-0.009928507039104306,0.0020049284801502143,0.004363358580681931,0.0015621706669803892
2008-06-25,0.010830403003737832,0.0005002938587879147,-0.0005716594382072504,0.0023389787443119925
2008-06-26,-0.02499989299869032,0.0013007469697494667,0.03649053429675608,0.0006488536067332795
2008-06-27,0.0018315329861955387,0.002396923882062696,0.009491232806076333,0.0003884610779667508
2008-06-30,0.00385924523109904,0.0004982643491342476,-0.0007652748867392756,0.002202589644676012
2008-07-01,-0.007689144799659764,-0.0034592110375528673,0.013785581129051927,-7.87874997005833e-05
2008-07-02,-0.015701443724332576,-0.001204154069979424,0.0055039335924880195,0.000907802550542014
2008-07-03,-0.0041432448852684045,0.0003017085914009954,-0.011913712913665608,0.0010363397736423696
2008-07-07,0.003952598879760405,0.0035143685293783644,-0.00901579647698647,0.0010354122472131522
2008-07-08,-0.0029011513308788706,0.003903947408341546,-0.0040557133943578405,0.0005172432445266217
2008-07-09,-0.0022859162700373803,0.0038865842710629206,0.007043796889161902,0.001033661411737441
2008-07-10,-0.003332658616645112,0.0008933579155365745,0.022185779008708995,0.00025865596762741916
2008-07-11,-0.007314800132043553,-0.005654096742399917,0.017427615781957062,-0.0033545555634230118
2008-07-14,-0.003999577653319264,0.001496059765837554,0.007881462496187819,0.0027180704710199066
2008-07-15,-0.010357356262642892,0.0038850990531926755,0.002710817400778165,0.00025839352906609214
2008-07-16,0.00961121144826449,-0.007640668519050653,-0.01798893376809596,-0.0024532706214807076
2008-07-17,0.013327578812914576,-0.0043996946541102755,-0.002329534254720267,-0.002976283274138347
2008-07-18,0.0008351625735480983,-0.005825761586787825,-0.0005307052760558095,-0.0007778932237124669
2008-07-21,0.004380550988067888,0.005253008233944367,0.010088187279481131,0.0006487854878658439
2008-07-22,-0.00041530108993015347,-0.003416273292029981,-0.021656908415746523,-0.0024655799052248906
2008-07-23,0.01350479800339599,0.0012096323974273293,-0.02675690875880099,0.0013014696074651333
2008-07-24,-0.02111520913501752,0.0069500627426763995,0.008391323162098896,0.004547945581441004
2008-07-25,-0.00020939007179343605,-0.005101572022085277,0.003941756302791921,-0.0016820541915150145
2008-07-28,-0.011939428184384093,0.004524221525508798,0.0004362625636629147,0.0015555502180260028
2008-07-29,0.011235727684174135,-0.001201261604947379,-0.012427853235838726,-0.002071209010213404
2008-07-30,0.005870084817247934,0.0011024002071402528,-0.011811455327067621,0.001427753634359874
2008-07-31,-0.0025007480101580937,0.0051047618605781775,0.006255643532038224,0.002847509323778752
2008-08-01,-0.011701142428765632,-0.0011793176305100461,-0.005661657702749401,-0.00011551158106926085
2008-08-04,-0.010147824981515452,-0.00290312445945895,-0.01596517037007883,-0.0006488396163034649
2008-08-05,0.01623238852593456,-0.0017072172057008839,-0.023371880790320154,-0.0003891791788050991
2008-08-06,0.011349273986267505,-0.00110570188953929,0.006505547707733816,-0.0003891129111294189
2008-08-07,-0.019119234679222497,0.005235369236383125,-0.0063481423780287205,0.004021406054891319
2008-08-08,0.01122904836442995,-0.001502441105586505,-0.019282101328005674,-0.0018089777637291249
2008-08-11,0.0014665705524383732,-0.0025072575801035057,-0.03908566907295763,0.0006476846325118579
2008-08-12,-0.007740456430598952,0.004223587539459395,-0.007518804770153764,0.0016813113663802781
2008-08-13,-0.0048496000887782165,-0.0017028357418692464,0.012916057611595866,-0.0011618642198524265
2008-08-14,0.0008481199227632352,0.0024077030032296776,-0.02709660557413529,0.0009046750834720285
2008-08-15,-0.0040222733070440775,0.0029010634580846073,-0.02167613426311632,0.0010331554905882445
2008-08-18,-0.009139446447809174,0.0016969129056221277,0.015071568204755081,0.0003872772523700885
2008-08-19,-0.012440958398806545,-0.0007972057500995611,0.02068524353161938,0.0
2008-08-20,0.005864567118762487,0.0015954918455303169,-0.004600307661048464,0.001676035302026202
2008-08-21,0.010149209236462786,0.00019890342125372662,0.02797908520450143,-0.0015446206563491938
2008-08-22,0.0034200541730493583,-0.0010944211635558476,-0.014823829592519933,-0.0009025309205288323
2008-08-25,-0.016829787280486896,0.003087842824418763,-0.0018500434446395708,0.0015489135599566772
2008-08-26,0.004766872218774365,-0.0011917685260407485,0.003706944898387965,0.0002572359053123474
2008-08-27,0.007116443578546461,0.0011931905329636283,0.001600360064577977,0.001416994513014691
2008-08-28,0.012419877809401125,0.0008946063894252898,0.01007865890698989,-0.0015435004634031246
2008-08-29,-0.004653172409647577,-0.00029874139917718256,-0.005719167911386824,-0.0006444139905364965
2008-09-02,-0.013599512831378835,0.003328372973260274,-0.030718420809619618,0.002910035090941454
2008-09-03,-0.013787357969661462,-0.00019813674086244237,-0.003914110739124621,0.0005156912969968008
2008-09-04,-0.026430644113063617,0.0036749469431953674,-0.0063379389513039674,0.002320062253960531
2008-09-05,-0.0038141492626129203,-0.0029687714894787165,0.007526520881221854,-0.001543271576390226
2008-09-08,0.010810874495739586,0.006253294431440182,-0.0015194067039945303,0.0011588832535114335
2008-09-09,-0.028743445469211815,0.004439763228587523,-0.03005329353587316,0.0
2008-09-10,0.014911789085600535,-0.0006869109285634334,-0.029677038913105025,0.0018010115278093153
2008-09-11,-0.000678496636254744,-0.0012788639550725955,-0.015359732833451378,-0.0012836223323334783
2008-09-12,0.01176239251087896,-0.004033931782625233,0.03379859275884045,-0.000900221599634099
2008-09-15,-0.04717220555681012,0.0039522157704363625,0.026604823635267394,0.006948720153515442
2008-09-16,0.007273665002705876,-0.010137602625007958,-0.009927754864673677,-0.006645728915669502
2008-09-17,-0.04309325464495706,0.0024860216047810635,0.11290530102327678,0.0016731220628618537
2008-09-18,0.03943533486608186,-0.002777155677791132,-0.031125626740126422,-0.001670327401234517
2008-09-19,0.05573747882637092,0.004475652157565513,0.03840579937162536,-0.004373802630055712
2008-09-22,-0.021295245113461925,-0.015643260442313456,0.037217920717656394,-0.00012955006742232378
2008-09-23,-0.021532532169263097,-0.001509310875003389,-0.009643424617723939,-0.001162278154639096
2008-09-24,-0.000462897176677024,0.001208977946268508,-0.01822917364033816,0.007763195138564827
2008-09-25,0.02363837330677776,-0.0018111807448895068,-0.002998525417780007,-0.0006427317417743161
2008-09-26,-0.005207100952939081,-0.005039027649573757,0.002197830516061261,-0.00411130942853033
2008-09-29,-0.09353688844776098,-0.0045600470677805705,0.033818101636850395,0.0014197090615388763
2008-09-30,0.0366560621386125,0.0033596609571560077,-0.05024003589742143,-0.00618357222517496
2008-10-01,0.00411733355763344,-0.00712874221882831,0.010579540720671465,-0.02638785699835
2008-10-02,-0.04196828914602624,0.0038977002433386865,-0.0423403435845463,0.019759905146391032
2008-10-03,-0.018126926775144936,0.007560036202807208,0.0031579558004803943,0.0007859161837588946
2008-10-06,-0.051282008734783835,0.0003042423195585009,0.020462556197389237,0.006670817935081619
2008-10-07,-0.0445945555957834,-0.020679219277099703,0.03547695665728945,0.007407937887529359
2008-10-08,-0.021499379896723902,-0.020081121425621795,0.024636204979729737,-0.017027490740223472
2008-10-09,-0.06215679723306522,0.0023235075591097054,0.005367964289450189,0.006692852213539213
2008-10-10,-0.021578615454602934,-0.06839420035939903,-0.07430478522575834,-0.02177020853066336
2008-10-13,0.12413401261275392,0.03868809993236155,-0.014780141058536755,-0.033182578621404835
2008-10-14,-0.006446198486354748,0.021019304105613923,0.0025612768623506366,0.026189338098486115
2008-10-15,-0.09534549981261875,0.01599988709825495,0.013503657561574789,-0.00026923668446654503
2008-10-16,0.03866552206290996,-0.0157479221222665,-0.04825347210266151,0.006717847129901422
2008-10-17,-0.015911382152124176,0.003626561465399414,-0.026232839034402877,-0.009475321211368404
2008-10-20,0.05765720071541858,0.01785541290794468,0.016707692408026054,0.005119651021042726
2008-10-21,-0.042688341624327664,0.008770630002766344,-0.03146498370322448,0.011394225054580431
2008-10-22,-0.07291322317574567,0.011592960697641042,-0.05681967334189364,0.006893139189576347
2008-10-23,0.006174717100212224,-0.017599973340572728,-0.014781726009298946,-0.00039544472877750536
2008-10-24,-0.043604441276154926,-0.008436200332296195,0.02208064437227697,-0.01567018957190336
2008-10-27,-0.04795688549204569,-0.009978867369020872,-0.00041543802350396675,0.0077587283459878975
2008-10-28,0.10677529684913356,0.0035019045587929565,0.02230535610341522,-0.0010622971199821807
2008-10-29,0.01634617570148955,0.019030507026446042,0.0028459016379882573,0.004651530588203778
2008-10-30,0.04730365187695895,-0.0012447257551050361,-0.01743244480442352,0.0018513496688090658
2008-10-31,0.014453645462465525,-0.0031168820184031,-0.01884201298077859,-0.004752698086595841
2008-11-03,-0.005639618433547766,-0.0159056427775226,-0.0033641418010847968,-0.001836002711284812
2008-11-04,0.05402983075578516,0.016057305314114867,0.061603445524780476,-0.0037340231482357877
2008-11-05,-0.05267627633250627,0.015174281087159347,-0.03550609679364303,0.017130329200807592
2008-11-06,-0.06547099827420244,-0.004123165891879221,-0.007967057784906029,-0.0005257982065038913
2008-11-07,0.049584092873230734,0.0050724933236476755,0.0038770254024393935,0.0071091684862338855
2008-11-10,-0.01036265342179099,-0.006386124241149038,0.014896576980064635,-0.002353309287694949
2008-11-11,-0.025869979606096494,0.007567450867119296,-0.020793676830966557,0.007730745890914825
2008-11-12,-0.05469504988443619,-0.008642332368143046,-0.02845250471794114,0.005331252525469621
2008-11-13,0.07023433358686426,0.0034248824348297457,0.030714307512555772,0.004785154925508239
2008-11-14,-0.05187498562253601,0.002999416743681982,0.015939036750628688,-0.00450497194551891
2008-11-17,-0.011206193299035716,0.0026805207155937705,-0.008867687569125149,-0.008275039754182312
2008-11-18,-0.009333610886108845,-0.0014399597058821767,-0.0019270390462217124,0.003912195234167859
2008-11-19,-0.053499338775071736,0.0028842028312443535,-0.003447800201830109,0.003895004014045522
2008-11-20,-0.06612175646789298,0.0002054220092055914,0.016468236601602237,0.01216021965644365
2008-11-21,0.059383640622764355,-0.008008772410739606,0.07351942478206097,-0.004472808105249415
2008-11-24,0.07294311243543894,-0.000103060050901993,0.02612562115222339,-0.001157009510102447
2008-11-25,0.0013391858977855886,0.024945856752351947,-0.0004943877606827796,0.0068126682752243095
2008-11-26,0.024749290314970418,-0.003838054899339749,-0.006059174929170741,0.0016596779091486713
2008-11-28,0.003263528807127658,-0.0019256826614710842,-0.0008708596319495499,-0.0014018473155398281
2008-12-01,-0.08458029494807306,0.014104802597169064,-0.05802510489824053,0.003559287417345347
2008-12-02,0.048329782805839105,0.0010066382545885766,0.017184340993285696,0.0028055762079686186
2008-12-03,0.011186542183460269,9.932029928183539e-05,-0.010006454497773598,0.002416820082610238
2008-12-04,-0.018102710868885152,0.003315777081978055,-0.008926231326486067,0.0
2008-12-05,0.016729578843612147,-0.0055064946746674615,-0.012980176913027774,-0.003425021272126849
2008-12-08,0.040295187836680624,-0.0013086931805550428,0.02254428852463053,0.0011452922108226016
2008-12-09,-0.011943337298488843,0.009374849348223968,0.0017061008926391175,-0.006613129330829248
2008-12-10,0.027442137887044193,-0.0017973945780760392,0.044805424956165796,0.00985746083583372
2008-12-11,-0.01017494237391603,0.005202804858711829,0.011285285590957983,-0.009634362055349288
2008-12-12,0.0061034853635104636,0.00029827974847540517,0.001983831738223918,0.009344033177401068
2008-12-15,-0.0054276485851515455,0.00238897916920644,0.02215073591889971,-0.003930566907447197
2008-12-16,0.05682167679351102,0.003970576897893485,0.022518167611520035,0.006111559308406678
2008-12-17,-0.005163932009252359,0.005340077661494469,0.011484741075274973,0.0026564188726301285
2008-12-18,-0.035725062625173165,0.00629400043768924,-0.01826053556152496,0.004543930727016976
2008-12-19,0.0012665890808989388,-0.003224647636166811,-0.014784850990297582,0.0035181742446122044
2008-12-22,-0.01518035400530282,0.005393057195096862,0.010044800419261257,0.00037570736053949005
2008-12-23,-0.013487620566666525,0.009753899963335533,-0.009944905825060135,0.0011262140816297173
2008-12-24,0.007486991595676784,0.004732468324129435,0.010044800419261257,0.0030336570492963677
2008-12-26,0.007431440239586085,-0.0033657640938870026,0.025641018609195987,0.0007502248433508552
2008-12-29,-0.006093610335485389,0.007707863649305535,0.008761682399173631,0.001873053625186305
2008-12-30,0.03000993390650164,0.00038333000002888085,-0.005211313910758797,0.00012468722453862213
2008-12-31,0.01566380556492275,0.0006722606089448746,0.007217638022983142,0.003988531030664211
2009-01-02,0.02190041161778522,-0.006237803970640221,-0.003351748698386614,-0.016138753734709632
2009-01-05,-0.004528020555718992,0.01593441049503941,-0.020294560267569373,-0.0006322500870022951
2009-01-06,0.01273521129270927,-0.0056076074128706965,0.007694056234090141,0.01363729422763571
2009-01-07,-0.027544950303691862,-0.009177500882509793,-0.027957210503990804,-0.012206711763801614
2009-01-08,0.0006155803852097019,-0.007621647730597703,0.02066464150420133,-0.0002530327403633681
2009-01-09,-0.025846020537033332,-0.0034034134840926766,-0.006393569990301162,0.00037905366298973675
2009-01-12,-0.023057484360730296,0.005268518914806286,-0.037654862984544346,0.00794347638932047
2009-01-13,-0.010022571403389247,0.0016489494367106783,0.0014858236009589465,0.0004999435803594299
2009-01-14,-0.03363795746346143,-0.0013557049309405045,-0.01347671086678437,0.0072517677770505
2009-01-15,0.0050690925506928775,-9.75032580357027e-05,0.007519720105734873,0.0
2009-01-16,0.008069896184610847,0.005141770694004899,0.02885930728247965,-0.0027312683797507953
2009-01-20,-0.06704458702301552,-0.005211693341051538,0.021883660725774856,-0.009085555851223615
2009-01-21,0.04433274809398746,-0.0052396072837799235,-0.004377604494590903,-0.007285122059734639
2009-01-22,-0.023279428655089585,-0.004292119418354834,0.00510992629089313,0.0067054821473711
2009-01-23,0.004556716963542096,-0.001567330656831234,0.04670131074402373,-0.004525700499231955
2009-01-26,0.012561181319872938,-0.0009817515337902094,0.00474413390643269,-0.006816557320556194
2009-01-27,0.015850972574065425,0.005107420974335586,-0.006408091224060275,0.015382217748361127
2009-01-28,0.03595658706213367,0.0005871003867958802,-0.010862175993511136,-0.0016275532146075022
2009-01-29,-0.04191231665977102,-0.008887581031118974,0.02379320378198746,-0.0007522805731862148
2009-01-30,-0.01811328558268943,0.006305336357480318,0.0202234364088687,-0.0001260861078796749
2009-02-02,-0.0013923278651967186,-0.0017087950972812793,-0.027050720476891055,-0.003259608786006729
2009-02-03,0.020215821773399423,-0.004429449451885836,-0.00416473584465582,0.0011362673973793758
2009-02-04,0.002391691483774494,-0.001384633466590901,0.008025308858100377,-0.0006298415250437506
2009-02-05,0.011588229471794165,-0.00316848520536428,0.01054050726832867,-0.0027774656830428235
2009-02-06,0.02695406696730207,0.0026811449322441394,-0.005881118425859255,0.005189159453794723
2009-02-09,0.0006562383335899646,9.951408093233916e-05,-0.014175652360522317,-0.0002513262342678235
2009-02-10,-0.04590160687981282,0.006141219258698927,0.021399449684998073,-0.007935119357657117
2009-02-11,0.0065291677175960405,-0.0001964988795186695,0.023057331251128632,0.009902722410514597
2009-02-12,0.002048976400177649,0.0053169961151930956,0.009535131050907975,-0.002640629003762718
2009-02-13,-0.012606807650407115,-0.0030362004456643277,-0.006654450245488497,-0.001007497881196362
2009-02-17,-0.04761911851018452,0.0007865271825344688,0.031334346848833405,-0.00037809728977056256
2009-02-18,-0.00688401351186585,-0.0020626807804445813,0.01529603730274487,-0.004922956887827401
2009-02-19,-0.008026241478223728,-0.0015734651429725188,-0.011763563883639527,0.0007605022832164465
2009-02-20,-0.012504745285754515,-0.005123178230290515,0.021196684555155887,0.0031683504404640406
2009-02-23,-0.03277457073482981,0.0051495603457494266,-0.0007157432785270812,-0.005557772937074046
2009-02-24,0.03658064037846831,-0.001969869341585162,-0.03069681670881841,0.0001263771651001111
2009-02-25,-0.01671618307659628,-0.0008890069367766262,-0.01667900110909304,-0.0020333808818585597
2009-02-26,-0.00906702393642167,-0.0052368066828351045,-0.0009662261493377233,-0.0011452405670498988
2009-02-27,-0.011055891733102619,9.959426998884524e-05,-0.004620678234007469,0.0025490187967349698
2009-03-02,-0.055898182516718076,0.0033574419523061394,-0.018352553153934803,0.0007901896476134596
2009-03-03,-0.004083516095855555,-0.0012902645870012108,-0.00978774207259936,-0.0005090703976227129
2009-03-04,0.04018062014878265,-0.004673250201877921,-0.011661517559766521,-0.0021660319680057993
2009-03-05,-0.04020459305542534,0.003296662656821603,0.03371165380397634,-0.00038242359305529217
2009-03-06,-0.0020537177984003563,0.0026876664096151526,0.003261257296712783,-0.001149812493086988
2009-03-09,-0.015226190774737303,-0.006851365090386086,-0.018636918448808326,-0.0017904923906705283
2009-03-10,0.06310057738361308,0.0022993353050839715,-0.026830079644072802,-0.0016641411398650163
2009-03-11,0.004323831834590841,0.002393953883878863,0.012253254351412224,0.001026118923465269
2009-03-12,0.03405093630603018,0.0008964585135848857,0.02107147755767702,-0.001025067082733755
2009-03-13,0.005677613993690711,0.00099429006367302,0.002195439966923063,0.003078779273383514
2009-03-16,0.005269054655278715,-0.0030789398862272055,-0.005476451076530053,-0.0015354369540334645
2009-03-17,0.030325732307120656,-0.002990354653797711,-0.008370067298315575,-0.0012799750937447785
2009-03-18,0.0214385997675699,0.015890288914343964,0.033873782667158014,0.012313294559388899
2009-03-19,-0.0060475510463859905,0.0024599928735378196,0.013535311911035075,-0.00076010274252436
2009-03-20,-0.016106122505702647,-0.005594243225675588,-0.008055136709291255,-0.002915781206448309
2009-03-23,0.07639196162569561,0.0,-0.01613414430944482,-0.00038263928834392225
2009-03-24,-0.02703649679202902,-0.006808645913263023,-0.01227199022960268,-0.0029255668835715953
2009-03-25,0.012851937709110528,-0.004371821227440953,0.011324974637190621,-0.0008932430001227232
2009-03-26,0.02194800064507252,0.00199567371432563,-0.0005436295926601886,-0.0003834811112947145
2009-03-27,-0.03020149045752485,0.0007962567600370285,-0.013488500594508568,0.00038362822547299835
2009-03-30,-0.03806243482843219,0.004677501705750098,-0.007828857264960187,0.0039588063763145165
2009-03-31,0.019064849800910055,0.0051509367630449,0.003334023240399997,0.0024171353891144776
2009-04-01,0.02364970623348106,-0.0004845534737611956,0.008307487928012502,-0.0006356834980130177
2009-04-02,0.04000010041889546,-0.0031654662265736544,-0.024497371827343573,-0.0012737089427317105
2009-04-03,0.008620986384890506,-0.00327530311049129,-0.013626201264451798,-0.0016571797059545812
2009-04-06,-0.01019086521082957,-0.00019923436019564367,-0.026487039523035216,-0.0021703933905297124
2009-04-07,-0.022583945612833944,-0.0015936967928649182,0.017239372329946656,0.0016627004508120713
2009-04-08,0.01019367132597715,0.003291843073401468,-0.0014987002146591433,0.002555648147448908
2009-04-09,0.03430882294121251,-0.0014911017321090902,-0.0034638384671937805,0.00025446691274444433
2009-04-13,0.014959371551360956,0.007269947813731248,0.018190241446344402,0.002166044841172887
2009-04-14,-0.013457368670283576,-0.00019810391002128558,-0.005803305903222533,0.001653310657343976
2009-04-15,0.005521339042287243,0.002769206030318827,0.0014878934340316619,0.0003801499744446879
2009-04-16,0.01421157854994437,-0.0017757259259727487,-0.019314313616071388,-0.00101508417726337
2009-04-17,-0.0025476148152727696,-0.005531836204698437,-0.006875613036671613,-0.003301524194284977
2009-04-20,-0.040868272249902526,0.005761347236947989,0.02030034854210716,0.004714569950328817
2009-04-21,0.019973351630300673,-0.003160573851924142,-0.0006900236998221843,-0.001776571182907527
2009-04-22,-0.007179868980107695,0.0026747790433419016,0.0056392895294219425,-0.0017777858138060543
2009-04-23,0.01873736767582246,0.001284673758457533,0.01625092518853677,0.00445349457483335
2009-04-24,0.020329225862682376,0.0010857030697879466,0.010360339384325012,-0.0015194152162216756
2009-04-27,-0.01771049828236715,0.0015772966427112234,-0.007913498381772466,0.002157314391218801
2009-04-28,-0.0025756754973556006,-0.0002953807086271132,-0.014155736501410554,0.0
2009-04-29,0.02324111467318457,-0.004134224294254807,0.006609707476406657,-0.0007607160282070424
2009-04-30,0.007886257159368748,0.00484385893869943,-0.012000511332669439,0.00025395002934880395
2009-05-01,0.005633983732111547,-0.003859614524534094,-0.0036667778977123033,0.0009274000350765199
2009-05-04,0.046062671369911934,0.0007927572634649493,0.019436486494786687,0.0010146705635929454
2009-05-05,-0.007438175988588536,0.002078618003904076,-0.004399812639145684,0.0005063711330801635
2009-05-06,0.021282905513065442,0.002273122593794641,0.014617574113624299,0.00012728968371766847
2009-05-07,-0.01555621033950283,-0.004435743129253211,-0.001116802245908266,-0.001900179268851221
2009-05-08,0.03249836899568326,0.0018809246316759953,0.006037577155491469,0.000634529639311987
2009-05-11,-0.023678702871495205,0.0006918035013296908,-0.0032229484853091295,0.001395343167708063
2009-05-12,0.00502799792133013,0.005530418188076203,0.011260948593414977,0.0018989010843086795
2009-05-13,-0.03178331279267077,0.0008840102858014287,0.0042998831617491184,0.0034137665504998527
2009-05-14,0.00972641860850132,0.0005897324722545783,-0.0006586624328229762,-0.001637612190262927
2009-05-15,-0.007224768222026334,0.0022556698267168773,0.005712449515919316,-0.0018933304410131413
2009-05-18,0.03456675680123844,-0.002935862431586056,-0.012998387785235543,0.0006328136013915575
2009-05-19,0.004102813425515661,0.0008833156140732878,0.0066400893101847824,-0.0005063584938100885
2009-05-20,0.002919011288816442,0.0030398058785512383,0.01418206825540258,0.002529071342702416
2009-05-21,-0.013096456340698559,-0.003128133566774882,0.01734415690104174,-0.0013878003842461295
2009-05-22,0.0029485025892830308,-0.002648414533094945,0.003196622873047117,-0.0005047291814209709
2009-05-26,0.0217586600443751,-0.0022610720919389315,-0.004142319525520577,-0.0012637019181185316
2009-05-27,-0.016690881540382563,-0.005519403376187948,-0.0033063692504812225,-0.0011377208655630744
2009-05-28,0.013169438777225428,0.0003967866975616019,0.008453728639123304,0.0007595058557949841
2009-05-29,0.019641829178979497,0.010698180628076148,0.020797953405155667,0.0030364778819020888
2009-06-01,0.022946421328377875,-0.012406156444751182,-0.004885588422226861,-0.0009854884840108102
2009-06-02,0.0008311077120075616,0.006867565332518311,0.006580980166364325,-0.001519652771375113
2009-06-03,-0.01936932137651448,0.002767931719909633,-0.02023658090380609,0.0027890156583514347
2009-06-04,0.00874689603996437,-0.008281361873797022,0.01927761491608404,-0.002275462587514765
2009-06-05,-0.005594100097946586,-0.005168544353136628,-0.026187303175224996,-0.006587929324703645
2009-06-08,-0.0014066200721081223,-0.0026982752932728227,-0.0016006992566897082,-0.0029349862127636683
2009-06-09,0.010140791024083162,0.004508900474262445,0.0028858943940421877,0.0037097433676602787
2009-06-10,-0.001394460506577544,-0.002792100789436369,0.0003197141501807277,-0.0012739024213103134
2009-06-11,0.012845595856482817,0.00350033094274127,-0.0017047055302461533,-0.0008937798663849472
2009-06-12,-0.0013784001770561494,0.004884244989838971,-0.016328696148645738,0.004726811267609099
2009-06-15,-0.03175046305395246,0.0037700696600644346,-0.011608980319853468,0.0007616216383929952
2009-06-16,-0.012831624003253883,0.0013827754312336626,0.009110887430919812,-0.0008889319494738146
2009-06-17,-0.004043793759119008,0.0019737116254177067,0.004568673638105869,0.0016538662942922056
2009-06-18,0.002610410266091323,-0.006500601085479452,-0.008012971044898287,-0.0011430778751364556
2009-06-19,0.005496058621713429,0.0036676199009428867,0.0031656032485014585,0.000635469998221394
2009-06-22,-0.02991939015313272,0.0014821195475880344,-0.014798700628623873,0.002031811300238884
2009-06-23,0.0037665295446907,0.003254910643157194,0.004197009604324009,-0.0007604792192873466
2009-06-24,0.004764464294918502,-0.0026540211081832465,0.005829287175215692,0.0010148591493384096
2009-06-25,0.026378178350864756,0.004632581784995482,0.009404052914712357,0.0019010611565990487
2009-06-26,-0.0031761275716378767,0.00294312537592778,-0.00021662488999318885,-0.0017713015390597997
2009-06-29,0.007242077469018282,-0.0008808304821052992,-0.0027088525031961908,0.0001279637604421069
2009-06-30,-0.008053260108122129,0.00019649110233088685,-0.00934377011948162,0.0016462701921715617
2009-07-01,0.013627273907647064,-0.00037323554364387945,0.013270443961645562,-0.00015281601048799942
2009-07-02,-0.030320317015914644,0.002358128587119035,-0.012338991202289873,0.003930548909699905
2009-07-06,-0.0008850919999314755,-0.0007842540345230908,-0.005369839602953785,-0.0007581847713996615
2009-07-07,-0.02007690914549365,0.0032380705749108785,-0.0005509370932226254,0.000632093970296177
2009-07-08,-0.0027113529835965933,0.005475329864357059,-0.015874792811597982,-0.0002527602490093317
2009-07-09,0.00876127710137209,-0.002819926562177666,0.0026885348066461034,0.0030322418773203186
2009-07-10,-0.00838570022832219,0.003413168438444192,0.0007820320986886564,0.0012599569458233706
2009-07-13,0.01691314893486373,-0.00048571445511969014,0.006809562378688128,-0.0005038271790046567
2009-07-14,0.008019052051735365,-0.0030151100641904183,0.0068743219914013665,-0.0025165750281933574
2009-07-15,0.035650992978683904,-0.006534855286110197,0.015747168193161798,-0.0018925531527499428
2009-07-16,0.008250537106487599,0.003141399644873699,-0.002818674250404163,0.0011373277380994917
2009-07-17,0.0,0.0,-0.0005436295926601886,0.0007579519238589683
2009-07-20,0.019469203702895843,0.001174418730875093,0.014685069831823938,0.0018920731052061157
2009-07-21,0.0044287167849943465,0.006941928743626757,-0.001608078128665258,0.001762691195216437
2009-07-22,-0.003582240901590983,-0.0033981914557792425,0.003328736144431632,-0.0006275268220911068
2009-07-23,0.024612530532067245,-0.0025327536761843294,-0.0019263730786892586,-0.0011327736058827087
2009-07-24,0.004318673823733299,0.0,0.0016084229299051511,-0.0021401858341423274
2009-07-27,0.00268788794712993,-0.003027584471297695,0.003211598443443542,0.0
2009-07-28,-0.005896827671338145,0.0018607821333045393,-0.01707393543648217,0.0006303242125988984
2009-07-29,-0.007549453899754144,0.0017600254969634133,-0.009879531604379377,-0.0017655646814672687
2009-07-30,0.01983196255149644,0.0012696012357531483,0.0046053268902870315,0.004169652249477851
2009-07-31,0.005327163975530125,0.005068782075947631,0.018882292901956976,0.0011319647857188642
2009-08-03,0.02384786869442257,-0.0021015056387870823,0.005570479710346188,-0.0027330577436920356
2009-08-04,-0.002329204855862188,-0.0030242667794013744,0.008628928676826408,-0.0002531011570319208
2009-08-05,-0.002853367394056283,-0.0008794923657287068,0.0010561731495435378,0.00012606874953702274
2009-08-06,-0.006763761216332931,0.0004887430375610791,-0.0018991380828662363,-0.0007585778798745446
2009-08-07,0.007595483586992469,-0.005968417828429273,-0.008985184860797024,-0.0022751302655193983
2009-08-10,-0.007538227106728357,0.007777333703397504,-0.008746663411458355,0.0036751708074183043
2009-08-11,-0.00890552811183043,0.003515433787324662,-0.0015065037037413909,-0.0017672539004977006
2009-08-12,0.011363856487418111,-0.0004855778651574605,0.001724280969244818,0.0010114218587282675
2009-08-13,0.01175862026783081,0.0025307410427226618,0.008284069905776459,0.004042627407030874
2009-08-14,-0.009039311477425871,0.0017488814758754856,-0.00768247131162092,0.0006303306339050518
2009-08-17,-0.031795664745365326,0.004169835332595184,-0.014946229996219751,0.0005023374102044453
2009-08-18,0.011574486629914338,-0.003282874858039242,0.004912094151774626,0.0007545592041671156
2009-08-19,0.011176242961147276,0.0020335944713456566,0.005105379460867088,-0.0020097552855433687
2009-08-20,0.00973695761521931,0.0016438578714925711,-0.00280992261602242,0.0027690382040324035
2009-08-21,0.02006782933846174,-0.005790714984732492,0.014956160539929986,-0.0026365700618521393
2009-08-24,0.0,0.004077127758688848,-0.013988309307461977,0.0022643998511282515
2009-08-25,0.004343344799940363,0.0016435409363788622,0.00454847103093825,0.0005033567214123291
2009-08-26,-0.003306761599644825,0.001448159380297298,0.000323402097951897,-0.000503103480893552
2009-08-27,0.003317732550239816,-0.0007710453525513472,0.004310825756355552,0.0
2009-08-28,0.0,-0.0006755407673626479,0.0072969233540189915,0.001382069266596453
2009-08-31,-0.011447529428994074,0.004150963352662629,-0.005006937327699634,0.0011287967877497973
2009-09-01,-0.021101219573816277,-0.0017169569335480084,0.0053533189703585116,0.0007153481952075769
2009-09-02,0.000788413202218452,0.005314214180361709,0.02438765578609936,0.002508613773717583
2009-09-03,0.008142837226454702,-0.0018258925876738497,0.013203000424498512,-0.00037558062510345547
2009-09-04,0.01406990496551419,-0.0019257747450620588,0.0007182402573546742,-0.0003748413527147054
2009-09-08,0.015930000378042042,-0.0014470293026976888,-0.0010253099084660544,-0.004007123775601085
2009-09-09,0.009863664133809458,0.001932050031047572,-0.003592307020679586,0.0025138141765053135
2009-09-10,0.011269781409185331,0.005110679446611588,0.006386434955640619,0.002508257103952305
2009-09-11,-0.0012383388980851118,-9.736471648313927e-05,0.011054266783926625,-0.0012507200269310514
2009-09-14,0.002231468582400309,-0.0014384130519481397,-0.008301272574991025,0.00012488980659974835
2009-09-15,0.003958803557767565,-0.0015374113827021363,0.009595778380884434,-0.002378911313698384
2009-09-16,0.01823533219796092,0.0007707139990149603,0.010212357134961048,0.00012585115930452417
2009-09-17,-0.002904415461219778,0.004710071779417291,-0.005705207720204775,0.0020069817212819974
2009-09-18,0.001213627850574328,-0.002488287345458917,-0.00674449560745316,0.00025096324001872006
2009-09-21,-0.008484708089166682,-0.0007667777562565536,-0.0031417610656377937,-0.0002509002732732357
2009-09-22,0.01173617902578572,-0.0006721506858864412,0.013318397219040712,-0.0012515630984140103
2009-09-23,-0.011600038892635611,0.002497617129985752,-0.008427775191354847,0.002256274512810963
2009-09-24,-0.010757946082332714,0.0012462253019522862,-0.012951520343842282,0.001251190594513174
2009-09-25,-0.005190185129694491,0.00296724881541488,-0.005638165397760075,-0.0006240020902852361
2009-09-28,0.01291913806215117,-9.569459612968068e-05,0.0005154953789465733,-0.00012551437210606142
2009-09-29,0.0007360141079542082,-0.00047629853868902394,0.003915479046562309,0.0005008347584329886
2009-09-30,-0.0012253945765291485,0.001813743061094275,0.014574547516139846,0.0006239545801647317
2009-10-01,-0.026012417344894012,0.002313079466025325,-0.009711675258386454,0.0012019774292946206
2009-10-02,-0.00806248919471153,-0.0019076910395106061,0.004903497394283862,0.002126286741386263
2009-10-05,0.016002116211426998,0.0006695804693408469,0.014740234906545968,0.0003742446641166186
2009-10-06,0.017000050894951935,-0.0014326894740572804,0.024644350751287458,-0.003492137337018697
2009-10-07,0.003195266147671294,0.004017052569104118,0.0007821845131941174,0.0022528318708230355
2009-10-08,0.012987419918012,-0.0006667137963013436,0.01250487272044265,-0.0016232344299668133
2009-10-09,0.0012092584664269435,-0.006959322872416851,-0.007719056893758736,-0.0006255490100967043
2009-10-12,-0.0002414044659762027,0.0023040840226156156,0.007001178980379219,0.0006259405665984819
2009-10-13,0.0007248408091322656,0.0024908498558071646,0.006759410912892783,-0.0003760588305137258
2009-10-14,0.020526200050182686,-0.0023891598445768825,-0.0007673300346776601,-0.0003755246568625248
2009-10-15,0.0037863110924298837,-0.0015328457853578392,-0.012670375225163455,-0.00024920466739319913
2009-10-16,-0.009193741331500416,-9.634503463096245e-05,0.0031110217083940572,0.0
2009-10-19,0.01094435955806805,0.0020151282132936377,0.010176420320335389,0.0
2009-10-20,-0.006354282309418924,0.002393380976617232,-0.007771324588894402,0.001627163819253985
2009-10-21,-0.004500190435807516,-0.0006683694117602945,0.0031908899332564467,-0.0016245204583404949
2009-10-22,0.010230792075817563,-0.0015293897814088186,0.0016385365681474973,0.001001461594424491
2009-10-23,-0.017192420634760675,-0.00124447416323048,-0.004137801315938439,-0.001751564243991366
2009-10-26,-0.011023485455116222,-0.0026836377748684637,-0.015750287825531117,-0.0015031535304520505
2009-10-27,-0.004846211242642284,0.003940236751969861,-9.819493589768857e-05,0.002760122056833625
2009-10-28,-0.02897473609886181,0.001435707074636472,-0.01099651579741634,0.0005011900645572887
2009-10-29,0.029839322596463047,-0.0020067583299776537,0.019457947177142998,-0.00024996295469315033
2009-10-30,-0.034574924734600665,0.0038309456012737275,-0.0015581230724058814,0.0016264152261378229
2009-11-02,0.011097096967155995,-0.0015890585395799128,0.01384958729982988,-3.81072679800365e-05
2009-11-03,-0.0012472966453378476,-0.0013418925536625714,0.02414624540566579,0.0
2009-11-04,0.01323663999121294,-0.0016316804802456453,0.0060116418857059095,-0.0005006743894494514
2009-11-05,0.01552853577889457,0.0025963334335012966,-0.0011204026040811943,0.00025056381920540716
2009-11-06,0.0019420253267790066,0.0008624255134215275,0.004206365060027029,0.001377047397457254
2009-11-09,0.02713189773648761,0.0013411330820169987,0.007074393875747376,0.0001253814668809028
2009-11-10,-0.0028304977775652773,0.00028777407220803575,0.0018485714366307526,-0.0005004525225225098
2009-11-11,0.004020716185562323,0.0003830064763123975,0.011163383073034883,0.003126883786736201
2009-11-12,-0.013427363783639401,0.0020074838570074416,-0.012682476359492378,-0.00099673934879696
2009-11-13,0.010028792488083083,0.0010502617469152487,0.014139162667421434,-0.0007492251337457567
2009-11-16,0.016548564276014144,0.0023823560214828454,0.017222520743937597,0.002373472620495143
2009-11-17,-0.0027908157345543083,0.0008563317990095687,0.0030458118395657596,-0.0004982938421530525
2009-11-18,0.0006992978198927524,-0.0020906167446562707,0.0025006588929563645,0.0011216361161454635
2009-11-19,-0.020740897292387372,0.0010477299859419364,0.00044546148559287957,0.0009961687263548846
2009-11-20,-0.0033317294243282447,0.0003801626170185646,0.005699014890974352,-0.0006219774713833726
2009-11-23,0.01552047652126709,-0.00019041396412255995,0.011953235744097679,-0.00012517054150884555
2009-11-24,-0.004232329649454969,0.0029482759857535346,0.0038498769610777472,0.0017445563956837162
2009-11-25,0.009917493819332268,0.0009488750725499262,0.016473453624580747,0.0006204878595004182
2009-11-27,-0.02384841056464493,0.000851622058221535,-0.013376823454362308,0.0012420802159738287
2009-11-30,0.0009579322299149151,0.001703752504815581,0.005040864273957002,-0.0006202696832847687
2009-12-01,0.0215364329709562,-0.0024360331493643583,0.015046678251066092,0.0004973130047918328
2009-12-02,0.004684572475109894,-0.0019003436291469278,0.015334836376522443,-0.0013673153860151999
2009-12-03,-0.008160400492269848,9.46785133348893e-05,-0.004027549552814924,-0.0002493083434076393
2009-12-04,0.004466591153373667,-0.0019996056205080492,-0.041701744528271356,-0.0022407855787237585
2009-12-07,-0.004446729431035634,0.0009543764116095588,-0.005626368260645553,0.0019972968037411665
2009-12-08,-0.01410422041832149,0.001334159593871842,-0.019096487052018385,0.0011201683279973285
2009-12-09,-0.0028612883656014,-0.0010466077466978474,-0.0009914431129085521,-0.0004979051120778122
2009-12-10,0.007173938978531913,-0.0007622083313980621,-0.00018040999392898716,-0.0004973498881899463
2009-12-11,0.0023739836592844288,-0.0023850331796769764,-0.013535462950105548,-0.0006222311100687605
2009-12-14,0.0066317028509486065,0.0005732571926624352,0.008415643720394828,-0.000747932981559396
2009-12-15,-0.007999806632943196,-0.0027690784349430064,-0.00027212245898211584,-0.0006242246232203152
2009-12-16,0.006404145435422004,0.0018199704469694655,0.012521524951290885,0.0003747821348167868
2009-12-17,-0.016026258580947195,0.0016254668767787805,-0.038085851236441925,0.0027439739364736315
2009-12-18,0.0026346019730711934,0.0,0.014999074578720073,-0.0012431362595880513
2009-12-21,0.005733576973767862,-0.004200208876003031,-0.018357045030025332,-0.0022422790669917037
2009-12-22,0.006216859924335516,-0.0028766611480093296,-0.007293116424064494,-0.00149787646993349
2009-12-23,0.00570343177791921,0.00038449037188548196,0.0035792115415487213,0.00012457889074224404
2009-12-24,0.00401707498619519,-0.001729658219442598,0.01698730649228164,-0.0039006552987967957
2009-12-28,0.0,-0.006065577062177141,0.0017534370647473985,0.00108206703011815
2009-12-29,0.0028245425182988892,0.0011859170790617934,-0.00994934869361297,0.0008797375213782654
2009-12-30,-0.005867603637246921,0.002522470481921779,-0.005024666505943243,0.0
2009-12-31,-0.0016523248541300273,-0.0012577107628001238,0.003553701041180801,-0.001632448801173525
2010-01-04,0.020572090476756344,0.0011619300763439089,0.023203853786358142,0.0008804014738663657
2010-01-05,0.008340916731212733,0.0045494048230665385,-0.0009108023746454696,0.002511689097605796
2010-01-06,-0.00022977220006725751,-0.0005772550108763541,0.01649959196299955,-0.0007510205003719017
2010-01-07,-0.004826630531473586,-0.0011573916223217573,-0.006187807624317698,0.00025010217383658606
2010-01-08,0.006235493776074685,0.0005787245047290668,0.0049630306196752905,-0.0002500396383795511
2010-01-11,0.006427032803684618,-0.0007716529059508259,0.01328899785435711,0.002632565927188635
2010-01-12,-0.012543270130757733,0.006371636337574982,-0.020912721685971136,0.0011257595185736324
2010-01-13,0.00831468724122475,-0.0042208250877371345,0.00950315025847348,-0.0013741948726309072
2010-01-14,0.0020609526079502505,0.002601281736644756,0.004393023666376061,0.0016260636304796794
2010-01-15,-0.009828627225980768,0.0019212994480766188,-0.01044361493969348,0.0014996431335887461
2010-01-19,0.011542264557218074,-0.0016301699833979333,0.005953418988644765,-0.000872996769858414
2010-01-20,-0.021679762391565216,0.002594134046906005,-0.02313481240425197,0.0003745257898712939
2010-01-21,-0.01889398585016766,0.00028716954506147196,-0.01441159959280014,0.001371608946770797
2010-01-22,-0.023062569936808774,0.000575216473402973,-0.001862760291706178,0.00012449053818430755
2010-01-25,0.010708510971014329,-9.629655264131731e-05,0.002892648999579084,-0.00012447504221924088
2010-01-26,-0.0060200652204125404,0.0012451463657572326,0.0007442705541653716,0.0
2010-01-27,0.0,-0.0007654421980735071,-0.009576039444736728,-0.000871366908783644
2010-01-28,-0.01695721678549189,-0.0008613627163110982,-0.0004693083914030227,0.0007473269910913682
2010-01-29,-0.013060600807937472,0.0022991404653815994,-0.004883586176437471,0.0011219587705728618
2010-02-01,0.018476783543176056,-0.0013715831584099059,0.02255567582388429,-0.0005866333098982768
2010-02-02,0.016180512517426138,0.0011520370799065205,0.007198881313165595,0.00037478887216546575
2010-02-03,-0.008443833772873277,-0.0018216323346441632,-0.003940257637661704,-0.0013721299359417127
2010-02-04,-0.036253250590634445,0.002401709745053715,-0.03983435439949368,0.002123204461284889
2010-02-05,-0.003029442672714988,0.00038308030053735287,0.002970178695371306,0.0016207720506509204
2010-02-08,-0.007596754791678095,0.0019165151633395716,-0.006113864996012963,-0.0009960559649490053
2010-02-09,0.020413470228234143,-0.0018170972372862915,0.01316803858637372,-0.0007473364879534428
2010-02-10,-0.0002503868270480325,-0.002298881888031401,-0.002751170718643947,-0.0011217095973234947
2010-02-11,0.009755168961379512,-0.0016317266057864765,0.019120951810489784,0.0
2010-02-12,-0.004706710823196847,0.00019249291536826973,-0.0008400666498453724,0.0013732160640012037
2010-02-16,0.02090599270777327,0.002499145477403042,0.02410315591356116,0.0002489691808194028
2010-02-17,0.0024378878557334005,-0.003068496861867054,-0.0033753214496573536,-0.001121417070790498
2010-02-18,0.005107101001069925,-0.00038501803359081155,0.006681952923877299,-0.0004990413662536719
2010-02-19,-0.0036294027919551164,0.0007701007011047256,-0.004637226047132237,-0.0007485347627524952
2010-02-22,0.0014571654907900022,-0.001730582001923997,-0.0036539830220012615,0.0006236776782386766
2010-02-23,-0.011154380358918914,0.0035639838420349346,-0.010818743086801086,0.0016230647392929676
2010-02-24,0.004659194882001394,0.001055102713167555,-0.004912399502225995,0.0004986774236477309
2010-02-25,-0.006590498238397857,0.0020140338721461593,0.008848704758209536,0.0009963240870953793
2010-02-26,0.005405693041671045,0.00019109221946744803,0.010340714355349556,0.0004979994058393888
2010-03-01,0.013929308110310457,0.0014682579443490162,0.0,0.00043587394424293713
2010-03-02,0.0036153438608519384,0.00038362360123311845,0.01452980291927708,0.0007476668367281114
2010-03-03,0.006244502500155846,0.0,0.005494511158316229,-0.0009963217392733315
2010-03-04,-0.003102716783007442,0.0018199020845952596,-0.007166491463286184,0.0
2010-03-05,0.02011031551892506,-0.001912291024823043,-0.0001804951017815304,-0.000996249878382316
2010-03-08,-0.0009390286226925726,0.0006705727008542439,-0.008392747276111279,0.0003739662682427092
2010-03-09,-0.0014097732040466715,0.001148503517744981,-0.0014560978951050352,-0.00024888446783000173
2010-03-10,0.003999246359351893,-0.0006690099055516319,-0.011392635673468599,-0.00037425279413205725
2010-03-11,0.005154788092141205,0.0,0.0011984627266063974,-0.0007488525007279812
2010-03-12,0.0034963308781257307,9.565324961213761e-05,-0.0059852811695370045,0.0
2010-03-15,-0.0027873069664156036,0.0012434882691130245,0.003798088686431056,0.0
2010-03-16,0.010016360189092355,0.001815095824406976,0.01882614344810607,0.0012481331384719407
2010-03-17,0.007380146394363907,0.0007639640036114503,-0.0073370034129791595,0.00037413978339473353
2010-03-18,-0.006181669915982568,-0.0008579731495172993,0.006843690346403308,-0.0007478664720588224
2010-03-19,-0.008292943257514063,-0.000763004778608245,-0.018669545286964517,-0.0012471103155277108
2010-03-22,0.003949019226584749,0.0007635873994429332,-0.004894706180937014,0.0007500282528887237
2010-03-23,0.006478277443710656,0.0001906079235129976,0.005290020369598247,0.00037406604386802655
2010-03-24,-0.0121838309193818,-0.005054903070334182,-0.018648418101527398,-0.00299294294365382
2010-03-25,-0.00046530266936795073,-0.002588263803881663,0.004515481785126063,-0.00025119165562181855
2010-03-26,0.0053548328498713715,0.0016341031590121347,0.016950717168810137,0.0007508209595710191
2010-03-29,0.010421656673114565,-0.0011516095267817272,0.0014734659499526792,-0.0006245239867879171
2010-03-30,0.0011462079301216566,0.0003843508936678397,-0.007172402568247138,0.0005008410558033916
2010-03-31,-0.003892304493205878,0.0005759587081910489,0.009076555677125953,0.0004997212591584255
2010-04-01,0.014249700137302534,-0.00037602568182759644,0.012023912112733903,2.5123925768477662e-05
2010-04-05,0.006571527223866225,-0.006162635010951045,0.0057137424379838375,-0.004010105444338219
2010-04-06,0.00225098773475807,0.001259344247263261,0.0012625069025071767,0.000377024983070795
2010-04-07,-0.007187376890660957,0.004258764763468648,0.013149591106227154,0.0017604856934048119
2010-04-08,0.002940782674813569,-0.0009632718136047824,0.0014223812352023302,0.0008786959151150242
2010-04-09,0.007895443091287868,0.0010605628897963904,0.008788263207809122,0.0006283119477188404
2010-04-12,0.0017905730190515001,0.002312668592409306,-0.0055437984583037725,0.0005012510890296529
2010-04-13,-0.0024576521644449345,0.0016344900665057338,-0.002831605068359111,0.000626533890653258
2010-04-14,0.014333733159024087,-0.0011520710837400472,0.0030170940680156466,-0.0001258559288124239
2010-04-15,-0.003753411485497793,0.0018260342415086228,0.005485293756329668,0.0003754117208853991
2010-04-16,-0.01728727727444279,0.0015349102468127374,-0.021205487283346813,0.003005437488902807
2010-04-19,-0.0018043628819655044,-0.0018202566529761377,-0.0008090285834133626,-0.0008734074904475086
2010-04-20,0.011296947608069097,0.0016310823408702824,0.002789001838399141,-0.00012549056386224056
2010-04-21,-0.005808634411951119,0.001723885317396201,0.00762604056256011,0.0005004930652765527
2010-04-22,0.000899086873851207,-0.0020072611886056135,-0.004184856476894816,-0.0008745757791448483
2010-04-23,0.008755895777890599,-0.0012456851767710386,0.012070870419532032,-0.0007501878468502143
2010-04-26,-0.005564331311452841,-9.640993088932959e-05,-0.0038872906786446837,0.0
2010-04-27,-0.028200424751088637,0.0031666648279209397,0.016674033289738155,0.002627461949253007
2010-04-28,0.0020726509889157363,-0.0015307351618527587,-0.0027915877387381105,-0.00099808995980033
2010-04-29,0.014479769444536217,0.00038321310882549753,-0.0002624335573229164,0.000873643608539032
2010-04-30,-0.01653860540098684,0.004308234423279433,0.009450488647102961,0.0007488774986892377
2010-05-03,0.011978736626832465,-0.0018928404494807927,0.003207374693346088,-0.0003117046180943772
2010-05-04,-0.03300662733660964,0.0040240930716402,-0.007431094663491455,0.000998976021317155
2010-05-05,-0.019303526419684802,-0.0007639644879585683,0.0019151526599501256,0.0004998199080581411
2010-05-06,-0.032645281020767136,0.0014322740997878558,0.02954211168707399,0.0034939372334248375
2010-05-07,-0.013647280256869454,-0.004385881000308345,-0.0018567071032954408,-0.000994735326562246
2010-05-10,0.05534609316504446,-9.596666628153283e-05,-0.00591863505631729,-0.001867068683621853
2010-05-11,-0.006913467756734959,0.0037351660645772444,0.026282248662974128,0.0008719774412582204
2010-05-12,0.015122645689896075,-0.0010496405921204266,0.006132917630615964,-0.0002490803683631304
2010-05-13,-0.009221871920798486,0.001433049841749634,-0.0069193077160389915,0.000747294646163299
2010-05-14,-0.022673450759893576,0.0036256307543716115,-0.0015759357652556094,0.0012461071988816297
2010-05-17,0.0004886447208296563,-0.0007613278593099349,-0.008390812604340048,-0.00012382690388668127
2010-05-18,-0.017574121457702097,0.0034248936799357033,0.0010891190746751267,0.0019904115262374678
2010-05-19,-0.002981008876608904,0.00047435483779678655,-0.023935062862853518,0.00024798517003765674
2010-05-20,-0.0408672759965667,-0.0008539996650538395,-0.006773565413114135,-0.0011170434921814465
2010-05-21,0.02052492207912815,0.004268551579313051,-0.005352167962601184,0.0013662291480467381
2010-05-24,-0.017057297101728208,-0.0005669090869312443,0.014060016490404337,-0.00012353499447292915
2010-05-25,-0.0023307225349979976,0.001228115864449597,0.0044505673464516615,-0.0006206567973937593
2010-05-26,-0.007528593630480418,-0.001131491991651301,0.009458082861100836,-0.0011174003101313001
2010-05-27,0.0436829770884386,-0.0023629163281884136,0.0018570204983223704,-0.0017415779577405477
2010-05-28,-0.014035175585550452,0.0010415892684412231,0.0016007650863898437,0.0008726394949254423
2010-06-01,-0.013726525944484314,0.001651364683390888,0.00866425330155196,0.0019322483611474706
2010-06-02,0.03092788588868589,-0.001042737695695184,-0.0010841871306987994,-0.0006220697583767532
2010-06-03,0.0,-0.00047274202455305225,-0.015194520899751374,-0.0016178988315013187
2010-06-04,-0.039250087493911345,0.0025608145446132102,0.01042729201831194,0.0037407278190197957
2010-06-07,-0.013791219752359085,0.0029340907293278207,0.01929688208114566,0.0006210761700140566
2010-06-08,0.015303507076492417,-0.0011325231877410413,-0.0040332362530698385,-0.0004971855604652964
2010-06-09,-0.0033787547003784058,0.0005666224510705309,-0.0036363838132748016,-0.0001235665488661386
2010-06-10,0.03311610798474485,-0.0030212492356389564,-0.013188423773133118,-0.001739316787181533
2010-06-11,0.003533659202195949,0.0005689196682272524,0.008741707193883563,0.001244448792069086
2010-06-14,0.0,0.0014200255834477815,-0.00341641242239088,0.00012311516621732466
2010-06-15,0.02615712077381338,0.0,0.011622068623597936,-0.0007446065528941004
2010-06-16,-0.0002452205441277888,0.0015111808252195047,-0.0054549635868080815,0.0007451614049591715
2010-06-17,0.001225751984021084,0.002360086826387775,0.013047450103329306,0.0017411555942552503
2010-06-18,-0.0014690365587547438,-0.0016011834746656461,0.007629206673786193,-0.0007444324713826722
2010-06-21,0.0031877364256311935,0.002168348201199377,-0.019864873443235176,0.00037262541143090466
2010-06-22,-0.013199485700410962,0.0010355618712929449,0.008804697765326885,0.0012404575435460696
2010-06-23,-0.0019496155568500262,0.0025373220682336495,-0.004116920646882183,0.0013637410389080173
2010-06-24,-0.016278423265386532,-0.000843447409334952,0.0028938082872824733,0.0
2010-06-25,0.006618916976416145,0.0014075654379954727,0.012036265851120165,0.000990628280412409
2010-06-28,-0.008345675700211275,0.001873818474114275,-0.013603826729219115,0.0003713478409446136
2010-06-29,-0.031624921475688184,0.0029926580493704336,0.0014865002115740378,0.0008653250277013136
2010-06-30,-0.009744381390647261,9.370296116895105e-05,0.0033809159186846127,0.0007411877279148715
2010-07-01,0.006116819685216157,-0.000523865928510503,-0.0381328022519003,-0.0011379315995607708
2010-07-02,-0.0039648621626675595,-0.00140315046320183,0.01238890069121501,0.0006192911455868977
2010-07-06,0.012738357134450151,0.00309175792971339,-0.016710235152637143,0.0004934473613846801
2010-07-07,0.0280402559311812,-0.001307205486515195,0.01047121447372934,0.00024771635867315567
2010-07-08,0.010706288517974727,-0.00018730529742017055,-0.004416922259692702,0.00012464668693423775
2010-07-09,0.006052627244188535,-0.0014969463072678213,0.009811462629993661,-0.00024788625041871626
2010-07-12,-0.005013896240043225,0.0011248377498840334,-0.00861781232849812,0.0003718887985639796
2010-07-13,0.01562103749476318,-0.0025273192097478026,0.008692724597704427,-0.0006186888317526451
2010-07-14,0.0037211928984917098,0.00337725750519291,-0.000506907386653932,0.0013609353406567326
2010-07-15,0.0009887823871632673,0.0014026761733856308,-0.0005917133813900799,0.0009866285318698154
2010-07-16,-0.027654396899157718,0.003081742490781192,-0.013194664160489422,0.0011109723794580084
2010-07-19,0.006348855201816717,-0.0009320805551863431,-0.008056868318884747,0.0002473492115497855
2010-07-20,0.01009297933179032,-0.0007441480190930605,0.00794952166473073,0.00024611234911176005
2010-07-21,-0.017236901107784863,0.004382098634520881,-0.006858148660892516,0.0006154559836655249
2010-07-22,0.02923203826574028,-0.0009279183749217879,0.008718188601928079,-0.0002452478497740884
2010-07-23,0.007656328578605542,-0.001765675151511381,-0.006589117477659223,-0.0006158810761384137
2010-07-26,0.00906874227607446,-0.0001867476156804937,-0.004909981159489263,-0.0001236440225234059
2010-07-27,0.0024289092591203154,-0.0003717966387328797,-0.01739953744152556,-0.0012332615721729612
2010-07-28,-0.007269135673898752,0.0018617753170320217,0.0023786154346325805,0.0023453643326849516
2010-07-29,0.0031730410747572435,0.0009298751014188422,0.004482353152593488,0.001230981611425097
2010-07-30,0.00024336227473376049,0.001672021767044285,0.010499579478777887,0.0011061628973294546
2010-08-02,0.028216941516490346,-0.001357508946317476,0.0004329643491447488,-0.00025773051582689277
2010-08-03,-0.0021291373448721895,0.0006518463653006901,0.00389472861932183,0.0006144410445576565
2010-08-04,0.0014225367431426328,-0.001767342203713218,0.006293675061456394,-0.0003683991971357159
2010-08-05,-0.002604362475483568,0.0012114679749946067,0.0022275713974577727,0.0009841921220101746
2010-08-06,-0.0011868751746370032,0.0019548052810269834,0.007351623835511356,0.0011061437544630515
2010-08-09,0.004515384845983128,0.0,-0.0037338325329719924,-0.00098207308957321
2010-08-10,-0.00449508779467378,0.0016724826825720296,0.0028109184562654654,0.0004914217096025908
2010-08-11,-0.03897366226818899,0.0009275812388540583,-0.0033127240968519045,0.001105659473781273
2010-08-12,-0.0029671634905585886,-0.001575328030603007,0.012186810548876936,-0.000736898193586577
2010-08-13,-0.000991758424786604,0.002320294733251904,-0.00025257876690043535,0.0004916493995958948
2010-08-16,0.005213208293745275,0.0033337046098067535,0.008337590626369185,0.001348952399358394
2010-08-17,0.011113819740077524,-0.0011996163063465737,0.00016701447010558645,-0.00024384884795691786
2010-08-18,0.0017100654307160568,-0.001108836406591096,0.003924853617562674,0.0
2010-08-19,-0.015849860019670925,0.003236783617264205,0.001414058952080799,0.000612365581214025
2010-08-20,-0.00817644153606456,-0.0013819064895023159,-0.00348864665731885,-0.0004898519734239937
2010-08-23,-0.004996426330836523,0.0010145526709266495,-0.0015837495996745554,0.0003684770928020775
2010-08-24,-0.01456157641721656,0.003966843413702126,0.004842226055815635,0.0009797582121937598
2010-08-25,0.0,-0.0022968451554797875,0.008308408066874051,-0.0009787992256143907
2010-08-26,-0.0035670560304167376,0.0012888716583860926,-0.0032959914623202913,0.00024417771339568795
2010-08-27,0.020199688580839537,-0.005518616456591796,0.00041338502096799346,-0.001837238304710609
2010-08-30,-0.015789959331262704,0.00675151765445503,-0.0008263653611749744,0.001840619962209633
2010-08-31,0.0020372230111374012,0.0007348425537023751,0.009676603535758277,0.0004899215717109051
2010-09-01,0.030749800576943098,-0.0021350969645044238,-0.0031946214269242823,-0.001754379485927493
2010-09-02,0.011587843944723675,-0.0012908562876070562,0.004930548624238806,0.0008608828501608379
2010-09-03,0.008774321588623124,-0.0023101440020657504,-0.0035162343769447046,-0.0004912227412718906
2010-09-07,-0.012805092131941476,0.0028705119627983056,0.00689312599444758,-0.0003691009378498089
2010-09-08,0.00783153019120375,-0.0007387061765121716,8.151700472081025e-05,0.0004930735081929427
2010-09-09,0.006799307707316737,-0.004803503737270343,-0.009371701853630121,-0.0014738856269943534
2010-09-10,0.0021710521551785433,-0.002135526476429561,0.0013985340716866634,-0.00036992483782172236
2010-09-13,0.017087275801206614,0.0022330106897203716,-0.0009036441905699855,0.0012309394485676695
2010-09-14,0.003313240679917673,0.0036194070085588947,0.019733545817173015,0.0011056396384629963
2010-09-15,0.002122609486686855,-0.0018495271689633608,-0.0006450105130254569,-0.0008599720086016616
2010-09-16,-0.002118113558753021,-0.0016673197239263082,0.0055671679717606,0.0008607121969985698
2010-09-17,-0.004009504599815417,0.0012992013478296816,-0.0007221081591426426,-0.00036809628989153964
2010-09-20,0.0175229356024571,0.0003704217215734218,0.0026497657670527808,0.00073575016744587
2010-09-21,-0.003723425021492144,0.004262374559952153,0.009129489585757655,0.0017187290259090826
2010-09-22,-0.002569194907674044,0.00027688873353692856,0.0015077756431296496,0.0007355654024923108
2010-09-23,-0.008665459637378081,0.001107030558769484,0.0007924414099362842,-0.0002455686115985234
2010-09-24,0.02338750623623076,-0.0036856224827430673,0.0030878810785825994,-0.0008569203073168774
2010-09-27,-0.003462329889707294,0.003421509337721451,0.00023678884457156713,0.0012264146424600941
2010-09-28,0.0020847497693288197,0.0023957791461346467,0.008917276219480907,0.0011011087697250233
2010-09-29,0.0009244181477192637,-0.0007351755162348095,0.0007821546759059217,-0.0009788779222731359
2010-09-30,-0.0020782479512196916,-0.00036758663622704635,-0.0003125696528855082,0.0004899831731504101
2010-10-01,0.009025654265313321,-0.001153803231235817,0.00781799680532913,0.0008942659275894549
2010-10-04,-0.010091839929237456,0.001662643055242441,-0.0034907837674234,0.0004902739207841567
2010-10-05,0.023864916634611877,0.0,0.01969483611294076,0.00012220194484324765
2010-10-06,0.004525352318827336,0.0010147411709480192,0.0062599590124643445,0.0009792379491444514
2010-10-07,-0.004955557261547505,0.00045971314637460736,-0.01092483474757766,0.001222157142481528
2010-10-08,0.008150145601983017,0.0020263849747539364,0.009894980388411412,-0.0007332488744266064
2010-10-11,0.0006738507810257754,-0.0005512179774337378,0.004784973465747688,0.0015885510945283787
2010-10-12,-0.0011222101511674243,-0.0010118636245206591,-0.0024944182403267012,-0.0017080389806177765
2010-10-13,0.012357233459363792,-9.138110342843397e-05,0.01598969765837266,0.0008560927316967337
2010-10-14,0.0015530057604753456,-0.003682138586958539,0.00507192241838883,-0.0012206652976693988
2010-10-15,-0.002880498357377137,-0.0020326879640629736,-0.007940685151901716,-0.0006116263925618481
2010-10-18,0.0026666657302962804,0.003517810880158123,0.004488376244684789,0.0020792546721319916
2010-10-19,-0.020389869222945278,0.0008304109235706125,-0.03105449960421236,0.0001222748790765671
2010-10-20,0.014479351905795967,0.0011983907107622205,0.00929987478434402,0.0003658789266349771
2010-10-21,-0.0008917863330690778,-0.0015657259552365188,-0.014087770334554661,-0.0003657451082074159
2010-10-22,0.0024553068087147523,0.00046133200494047344,0.002008144777821741,-0.0004885892877136699
2010-10-25,0.0033402755771332338,9.215872533085978e-05,0.008633395612906769,0.0003665084300479293
2010-10-26,-0.003550896356444677,-0.0023037558220712073,0.00022926081694740752,-0.0013421276858642806
2010-10-27,-0.006682155092675446,-0.0019396233090306358,-0.010391202319783521,-0.0012224588306217754
2010-10-28,0.005157373647239005,0.00249908384002806,0.013279811333891667,0.002202215829668397
2010-10-29,0.0,0.002123280529306548,0.010515007362563056,0.0009768193235759615
2010-11-01,0.0013382126202496902,-0.0004068738019601392,-0.0052782157594233325,-0.00017056592900543954
2010-11-02,0.009578840990511983,0.0017560223109700512,0.004320856065270329,0.0009775120760950884
2010-11-03,0.005516259682131652,-0.00018474284175662437,-0.00694390618764662,0.0008543271341598935
2010-11-04,0.02260280899623135,0.004797373891067158,0.03389823825188132,0.0004890177126375406
2010-11-05,-0.0019310755780144184,-0.002754430812263675,0.00257300673863492,-0.0008538224406152706
2010-11-08,-0.0038703031692184364,-0.0004610608032451502,0.010265389693213,-0.0006105962145089849
2010-11-09,-0.008202120475572228,-0.004881621622440435,-0.015894922781312437,-0.0021981010977394355
2010-11-10,0.002611877382294958,-0.0008322558624618281,0.012169106865093537,-0.0006123152007474486
2010-11-11,-0.004775700860853993,-9.282800798382507e-05,0.003060318800163886,0.0
2010-11-12,-0.010250767173420994,-0.0039835945819108876,-0.0288391770673464,-0.0018362019436708454
2010-11-15,-0.0008814065921413095,-0.0054884499750972315,-0.009499620384983976,-0.0035580878520902193
2010-11-16,-0.021173349070302883,0.002431506345099921,-0.010949984657092626,0.002338839313081653
2010-11-17,0.002253286170904145,0.00028081377684219255,-0.004504820435149881,-0.0003680578300117032
2010-11-18,0.022032464083064474,-0.0002807349426027228,0.013115442483800255,0.00036819334645588064
2010-11-19,0.001760058320252611,0.0011201861043435013,0.0008327701824608624,-0.0007373440279788701
2010-11-22,-0.004611992267082865,0.0024230038547341515,0.009682290535891758,0.00221340552149929
2010-11-23,-0.02360462634316174,0.0010228449944762463,0.006967395597379689,0.0
2010-11-24,0.01355649459707342,-0.004829463623270636,-0.0017112638945114833,-0.0022085171773844614
2010-11-26,-0.0091390819917887,0.0020530785378738425,-0.007974304097743579,0.0004917097414105509
2010-11-29,-0.005624578603921404,0.0006523216446820967,0.0030049875640467683,0.0006147231033259981
2010-11-30,-0.007918557563071249,-0.0006518963985512327,0.014306072509137735,0.0008601870347775264
2010-12-01,0.025769244744253683,-0.005214634281373365,-0.00029532777044438685,-0.0035768136107078297
2010-12-02,0.017119195243839203,-0.0019760222252456217,-0.0013296493431664835,-0.0004939960972817348
2010-12-03,0.005245783341146559,0.001979934620059298,0.021227887875435947,0.002222038810081095
2010-12-06,-0.0015221742571712715,0.003670368344577124,0.007532362069704757,0.0007389080501969403
2010-12-07,-0.002613468821552112,-0.007782365961110149,-0.018762134993171364,-0.0036911659022634824
2010-12-08,0.001965266454089676,-0.004819447697942514,-0.012527521713312728,-0.002840789093518814
2010-12-09,0.004140324555167441,0.0018037404336168628,0.004303003634872571,-0.0004943883859982456
2010-12-10,0.0013022543413716559,-0.0018947658312481463,0.0002955495779344286,-0.0009919349704177183
2010-12-13,0.007151999276717946,0.0006643825787033819,0.004726381894541776,0.0014880439400120071
2010-12-14,0.0015066782126147427,-0.005599579851273129,0.0009554547674208713,-0.0019812624329114126
2010-12-15,-0.009454829910277351,-0.0017178320582418305,-0.010867938075622141,-0.0011161794845298
2010-12-16,0.004772481368116699,0.0019119619297005563,-0.006607271045376617,0.0008695303119949926
2010-12-17,0.002158685439709984,0.005439228217075431,0.002914575867006164,0.002109919130635518
2010-12-20,-0.00150784758133371,0.0006641632989883295,0.006780951436685445,0.0009911111709812737
2010-12-21,0.008670631240954574,0.001896508285502252,0.0015543387826104649,-0.0006191724633903828
2010-12-22,0.0019439544032002765,-0.0011355297455357682,-0.0019953019350200663,-0.0003711872077413192
2010-12-23,-0.00043132663750078404,-0.0018962885973811128,-0.0028878147414700406,-0.0006195909034085734
2010-12-27,-0.0002153064190559828,0.0028496705567777614,0.0026734041330853664,0.0011339402633445683
2010-12-28,0.0017252976065236236,-0.00585167077411175,0.01629385926993998,-0.0021153230248247556
2010-12-29,0.003661318852046236,0.007070616565555854,0.0035709480309356056,0.0023694492268981904
2010-12-30,0.001072443004572765,-0.0007597351426685828,-0.004937970382814849,-0.0004971936455452353
2010-12-31,0.003214664845813342,0.004082505771475287,0.012333083678473855,0.001867192759612113
2011-01-03,0.007476923364934107,-0.0011342899248132365,-0.005190320172774543,-0.0004970333847467145
2011-01-04,-0.001060268042308965,0.0002844183413326373,-0.023550724637681153,-0.000248640274890799
2011-01-05,0.0,-0.004826791182737988,-0.0028200733418367596,-0.002363157462749732
2011-01-06,-0.00636791752975463,0.00018955449486779408,-0.004018704366714254,0.0012471075345423799
2011-01-07,-0.003631820416553966,0.003234553654966943,-0.0018680415196855593,0.0028635710562481265
2011-01-10,-0.0023587975959076246,0.0026528757170565243,0.004042471019095828,0.0006205122739144642
2011-01-11,0.0032242084344646926,-0.0019853834812790794,0.0058903114649804245,-0.0006201274772034138
2011-01-12,0.016280538021184343,-9.433609401565679e-05,0.004076814445393762,-0.0008696254084498145
2011-01-13,-0.0006320104728138043,0.0035994546307613895,-0.010409003338437195,0.0012432734478269314
2011-01-14,0.007593322857710527,-0.0020763918697356276,-0.010145472431108082,0.0006205405739114767
2011-01-18,0.0031399683819290924,-0.0006622801851740023,0.00557683488401306,-0.0011164618005384819
2011-01-19,-0.007721178515719851,0.00018930106123260515,0.0021734884271975563,0.0012411787421959808
2011-01-20,-0.006519394678098478,-0.0037846432813322117,-0.01884538026814475,-0.001735236974738985
2011-01-21,0.002116724141376869,0.003134684895565565,-0.001295717781246375,0.0003726033941962026
2011-01-24,0.006337310179572286,-0.0005682820311361247,-0.005113318897864261,-0.000372464612617307
2011-01-25,-0.0004198997671335247,0.0031261143507796962,-0.0019944346856293205,0.0006207676408882534
2011-01-26,0.004410197192620702,-0.003305940063993207,0.00814755963770164,0.0003725668571972207
2011-01-27,0.00250873569819432,0.0017066918525416863,-0.024626435397597568,0.0004964194893188889
2011-01-28,-0.02335757720670506,0.0014183690640163782,0.01836940880571558,0.0018598554155893066
2011-01-31,0.010249784831485753,-0.0018894338939130506,-0.003147095992869553,-0.00012318222915197463
2011-02-01,0.02029169553514998,-0.0021267428486755335,0.007161068526499337,-0.0013516774096659079
2011-02-02,-0.002071664618343516,-0.0011410997204924778,-0.002675887579124292,-0.0013662709575708032
2011-02-03,0.0018682713319486677,-0.0037140275136909873,0.013415101885317249,-0.0018663594260753813
2011-02-04,-0.0010363172561846934,-0.0033459483182715077,-0.004084669429638699,-0.0022431560631840375
2011-02-07,0.00456374720649011,0.00038365239756021907,0.00015182297672700074,0.00024912670470844667
2011-02-08,0.005368575978355494,-0.002876289486343442,0.011087536414601473,-0.001996555430596292
2011-02-09,-0.004724016356649541,0.001827128066478334,-0.0005257027621342614,0.001500771171618842
2011-02-10,-0.004745900416497362,-0.0028798828561527046,-0.0016532742811616874,-0.0012492029570334573
2011-02-11,0.004353768335960906,0.003946778854280408,-0.003989452427152318,0.0001249460497312338
2011-02-14,0.0008261455689597685,0.0004790475172375963,0.004761106326723441,0.0
2011-02-15,-0.00020647349828184502,0.0012457953155959878,0.007672089476301602,0.0010002916130900097
2011-02-16,0.008046381006455716,0.0,0.0009704029381796264,-0.00037467748506359033
2011-02-17,0.0030698126971211437,0.0023927793090454674,0.007009598358195257,0.0016255583965538722
2011-02-18,0.004692959900278515,-0.00038148722350495046,0.002740005882498453,0.001122628863922559
2011-02-22,-0.026807572561910242,0.0036293946016707768,0.006498704676349387,0.0016201900951957615
2011-02-23,-0.0033390262778918434,0.0007613897573843786,0.008951509874549624,-0.00024900661873350494
2011-02-24,0.0010473851685235402,0.0001895398941160753,-0.0074903557591639025,-0.0006220223035900974
2011-02-25,0.012340213130985322,0.0026621112090166044,0.006594440089741527,0.0017439809009955898
2011-02-28,0.007850988141610893,0.0018972776059893448,0.0020381334207675295,0.00012458945795468246
2011-03-01,-0.013734644470298374,-0.0008055800489658038,0.01721629416053716,0.0007224121093907243
2011-03-02,0.004572905957755724,-0.0016150995525140432,-0.0007855503200063785,-0.00012487281862183508
2011-03-03,0.016345625101519934,-0.0035203976663067404,-0.013078915487442111,-0.0032355626206839183
2011-03-04,-0.0083467277429089,0.0026731258730208207,0.009124554993410916,0.00337135927853649
2011-03-07,-0.010470147342161229,0.0004759137461205487,0.0026551496302960054,-0.0008713880602014834
2011-03-08,0.008298584999433478,-0.0007617612183946632,-0.0025765860807780427,-0.0004983703083371038
2011-03-09,-0.00041128350720942564,0.002382566795385843,0.0003588049048421915,0.0011211785157849707
2011-03-10,-0.02181977210758501,0.00351516712397526,-0.011763857302689251,0.00199146374789283
2011-03-11,0.002735636945566222,0.00018864390041883894,0.0032662911685206186,-0.00012355604385705377
2011-03-14,-0.00881418370060194,0.0005680180818359304,0.0046302950658096975,0.0008688810041910244
2011-03-15,-0.015880005270289543,0.00037886559071909076,-0.01865185313629869,0.0003727838205487277
2011-03-16,-0.024526456542073638,0.002837512660131214,-0.00022014220559418707,0.0011170300789118404
2011-03-17,0.01565933395887531,-0.00065982329407821,0.005358159851040822,0.0006196933792530501
2011-03-18,0.011726479926509104,-0.000377571921766795,0.010221171672682772,-0.0002480850651823685
2011-03-21,0.017385677187274462,-0.0023605518175352502,0.005564821129095288,-0.0021060848120779685
2011-03-22,0.0012657474242943056,9.481648680043087e-05,-0.0006468042136366092,-0.0002478298081003416
2011-03-23,0.0008426549819682272,-0.0004738182793458945,0.009277189916009121,0.00026050245931652505
2011-03-24,0.010947707573556231,-0.0027449090008715427,-0.007980583913447803,-0.0018639695950991575
2011-03-25,-0.005206288128057568,-0.0008539324656634539,0.00028726681354784844,-0.0007462935522789538
2011-03-28,-0.00293064443603408,-0.00047531373017284384,-0.005170194234553005,-0.0002493176501338068
2011-03-29,0.008188176491299437,-0.0012361391280258927,-0.0023818867349306716,-0.0004985002844589692
2011-03-30,0.008329474429835448,0.0017137973807761497,0.0033282065894868484,0.0
2011-03-31,-0.0012386530418423414,-0.0011404668177310562,0.008581542201770542,-0.0006235010123538665
2011-04-01,0.007650925460724212,0.0013634460070424126,-0.004719030882519015,0.00012508958965740113
2011-04-04,0.0028725878413404793,0.0016207041712061887,0.004597696865513701,0.0013734767687643146
2011-04-05,0.0008186629536868217,-0.0020927410194815366,0.015803824168639347,-0.0021199702075058724
2011-04-06,0.005111338272221211,-0.002954981445503768,0.002323138500281763,-0.00037589296501405745
2011-04-07,-0.003864807292287775,0.0015294546152311295,0.0009129766790669791,0.0011262835249341574
2011-04-08,0.0016336625015391792,-0.0019086506609284903,0.008069673704311775,0.0
2011-04-11,-0.004485271089478382,0.0009554875979895794,-0.007100127011412383,-0.0006251100968748258
2011-04-12,-0.008806071997938703,0.003822826106266497,-0.007220967356311059,0.003126466373389203
2011-04-13,0.003305588461996134,0.0010460232648941137,0.0020478305549249676,0.00037370364265232325
2011-04-14,0.001235833831748634,-0.0009500563752823377,0.013460209614263308,-0.0002500134941272325
2011-04-15,-0.001028322148385441,0.0036157796903466544,0.008622526348759818,0.001247272743986505
2011-04-18,-0.01420641998474137,0.001707575878541423,0.006066801830465485,0.0007461900085150575
2011-04-19,0.008354375605040154,0.00198782835055189,0.0,0.0013681256065420921
2011-04-20,0.017605772276667153,-0.0014180269457853,0.0039060327062796496,-0.0009932714969405065
2011-04-21,0.006920320075287867,0.0006632538051591919,0.0016382627519730963,0.001118452647435264
2011-04-25,-0.002021411930558603,0.0005672684881208312,0.0008858499329242875,0.0002484967302551766
2011-04-26,0.009924885845375986,0.0036856457999658865,-0.0033362174076743134,0.0006218614282225143
2011-04-27,0.010228659013419295,-0.0008476780406589945,0.0192648720546722,0.00037171189343987443
2011-04-28,0.003374927406440298,0.002356271979864877,0.00415556560762953,0.001115558928591831
2011-04-29,0.002967769741938797,0.0008461857152908259,0.01702034219935955,0.0008682704774201078
2011-05-02,-0.0013809640384410127,0.0005275239956703537,-0.012863368890775995,2.385656328129926e-05
2011-05-03,-0.008099394616623012,0.00028232535915972967,-0.003523693679893136,0.0
2011-05-04,-0.008563937713832237,0.001882504941196128,-0.01434486979737204,0.0002485910334770747
2011-05-05,-0.014061978369540262,0.0022552373467996656,-0.028836354362946848,0.0004956442130839012
2011-05-06,0.0034638457381317433,-9.369381272184008e-05,0.012755292503549676,0.0008674938346640015
2011-05-09,0.006700426518835956,0.0011245390571943403,0.01431522221175574,0.000866228354562848
2011-05-10,0.007664556455299287,-0.0017785650881065873,0.00352821954433602,-0.0014834302819518586
2011-05-11,-0.014411609722921659,0.0017817340180272812,-0.009195406805110662,0.0008668929131905312
2011-05-12,0.003655664749620424,-0.0014976652424343317,0.00034122460794838716,-0.0006197456642352828
2011-05-13,-0.015783409128978243,0.001593973312178365,-0.006548819694799257,0.0011152834875811646
2011-05-16,-0.0037005456715025753,0.002154693029022381,-0.0017854134237942354,0.0007417745173541324
2011-05-17,0.0024765525114598397,0.0011203251600413466,-0.004333697772470724,0.0003709649151935057
2011-05-18,0.00823345690515831,-0.0015862378178870262,0.0059416925363608986,-0.0011117771806291588
2011-05-19,0.004287848922201798,-0.0007476634709238095,0.0003433227395142069,0.0003709834847236415
2011-05-20,-0.010774964831395395,0.000935117032357935,0.012633104523076089,0.00012421382014382587
2011-05-23,-0.018495659887390214,0.0008412603041472178,0.002305216117890696,0.00012394191721409875
2011-05-24,0.002931477091589363,0.0003729101226388476,0.005141003161891922,0.00037017689762786077
2011-05-25,0.003966579026232875,-0.00018606308989843612,-6.726231295683949e-05,0.0007405284457131511
2011-05-26,0.010189490618750519,0.0021466280136730465,-0.0024229412162809494,0.0011115396800198685
2011-05-27,0.005145950830539592,0.0009322501923503257,0.009985128291392531,0.0009874215695191424
2011-05-31,0.017817137592898824,0.0002795217520010773,-0.0004007853027178099,0.0
2011-06-01,-0.022938040161170292,0.004320554429899648,0.001804358951899454,0.0014195999890083133
2011-06-02,0.0035012606471838126,-0.003995027073600554,-0.002734998679831291,-0.0009861978251319847
2011-06-03,-0.005541045968363245,0.0013056322354589867,0.004816061676943928,0.000987171371391371
2011-06-06,-0.013000070826301835,0.0001863520946316921,0.0017307582527172904,0.0
2011-06-07,0.005017580452887582,0.0020491702459495276,-0.0003987078701302993,0.0006158790740486975
2011-06-08,-0.00956935047302565,0.0008376742499598411,-0.0040553159006586625,0.0011091244957328605
2011-06-09,0.010711835081717247,-0.001486565823916819,0.005006341447316709,-0.0013541796864000588
2011-06-10,-0.018911016317129548,-9.29218540024479e-05,-0.008767216304689351,0.0006169914153861811
2011-06-13,0.0008472277543327689,-0.0013029495496396093,-0.009849914008281502,-0.0002461471217712896
2011-06-14,0.012063658742755168,-0.002701601922983521,0.0060905046387151884,-0.002095093190357278
2011-06-15,-0.02216666448508009,0.0025220982544789106,0.0030268174734946474,0.0025928132902848233
2011-06-16,-0.0023521868220423015,0.0006522323312112555,-0.0010058603902615149,0.0
2011-06-17,0.002357732649710842,0.0009314738636216902,0.006511386270756869,0.000369225474199375
2011-06-20,0.0038495501774569174,-0.0013025080569656344,0.000600215662433401,0.0
2011-06-21,0.017043131669054468,0.0009307512712406485,0.004865665090172611,-0.0003690891970656862
2011-06-22,-0.007588363278619559,-0.0006506956673926201,0.0015256765369389136,0.00024564042423014243
2011-06-23,-0.006834527304859783,0.0032595526371723693,-0.017550891177319783,0.0008616331369755148
2011-06-24,-0.00817191427565811,-0.0009285338021791656,-0.014021854404774547,0.0009838940353636971
2011-06-27,0.008022413624679814,-0.0017652458725417874,-0.003623675640655799,-0.0011062539314851128
2011-06-28,0.01247555809591816,-0.004001667388125796,0.0034996897040917574,-0.0022128569324605385
2011-06-29,0.013172093940107432,-0.0029911274662317577,0.006427702046695627,-0.0006168362998398846
2011-06-30,0.01174258068498002,-0.0001870220875452855,-0.008017344302908236,-0.0006161953506560458
2011-07-01,0.013471303756612985,0.00031986974456277295,-0.007328817289169565,-0.0010139308955203763
2011-07-05,-0.0030671399636656993,0.0038529181578208505,0.018629768463946483,0.0018565920177415762
2011-07-06,-0.0028720774058803578,0.000561732481149102,0.008670315904364623,0.0012340298313464615
2011-07-07,0.00905154386420337,-0.0028068713341449225,0.001611646151856716,-0.0014797120303259303
2011-07-08,-0.008766469643457064,0.005160755570193576,0.007375166936172128,0.002100285755336051
2011-07-11,-0.025092758261093806,0.002707236310566463,0.00891844484452986,0.0018490880824941769
2011-07-12,-0.006117862819628339,0.0008377319590266996,0.007784207157971679,-0.0004919807769403484
2011-07-13,0.012099206137313967,0.0019541366783892844,0.008967697053566592,0.0011074538907693832
2011-07-14,-0.008389472163817802,-0.0025076827943880664,0.0025950038800326425,-0.0007376765584823364
2011-07-15,0.006345338160732794,0.0013966831651730516,0.004270762849635679,0.0
2011-07-18,-0.013240973629425223,-0.0014875188865952627,0.008827386616724331,0.0001232170894278628
2011-07-19,0.015761736569877005,0.002141680395387091,-0.012199039233320219,0.0004917899634522271
2011-07-20,0.0031447434824720677,-0.0015793808758912675,0.008793486215885604,-0.00036847044903232096
2011-07-21,0.01734983362826359,-0.0015815597587296448,-0.007627242717723082,-0.0015995833146518201
2011-07-22,0.0018493409372972724,0.0021435546953127993,0.008331675197810862,0.0003695790219762074
2011-07-25,-0.00594732981203594,-0.002883111878919098,0.007814509728797825,-0.0004932267286097414
2011-07-26,0.001444015524496356,0.002331541060998976,0.0027329855381899026,0.0008637956847674655
2011-07-27,-0.021631442770177145,-0.001674855809143505,-0.0036762490673009074,-0.0009851973430861083
2011-07-28,-0.004422419123937038,0.0019578100051644842,0.0008270556701654996,0.0009861689140799879
2011-07-29,-0.002749319457030941,0.005951496849849525,0.006165687241006967,0.0023389366564827707
2011-08-01,-0.008907526956486,0.0024107778290995974,-0.003600935558821683,0.001008490088208136
2011-08-02,-0.023111734237724835,0.004254777729148618,0.024093349114550966,0.0022131314198241547
2011-08-03,0.0028480518814735234,0.0010130310382827634,-0.00018572795011984056,-0.0003680196145465775
2011-08-04,-0.05570143338100009,0.005336059464560172,-0.00526352142301223,0.0018407755142282323
2011-08-05,0.003469899516002739,-0.0065892500223841965,0.006909864383522146,-0.0028167675189318953
2011-08-08,-0.06915653359095286,0.0004606438707546179,0.03319935157457499,0.0014739399630925298
2011-08-09,0.052253759403895206,0.0058931062430553904,0.008915782292353791,0.002820440181832806
2011-08-10,-0.04659927536016506,0.00814767051908949,0.035407159712308234,0.0012233837200723574
2011-08-11,0.04542100724129838,-0.012440454557422709,-0.021938376623234723,-0.0026876008220644287
2011-08-12,0.008500742085772561,0.004413538490218638,-0.004568074842148606,-0.0006119587819656269
2011-08-15,0.023647842130633867,0.001556192110458099,0.010766616567110976,-0.00036757718757285396
2011-08-16,-0.015553732496104145,0.002102306182301561,0.012339901510646678,0.001225054067065079
2011-08-17,0.0062732119531465624,0.0016417273424811363,0.002874885034866992,0.0015922077679164648
2011-08-18,-0.04525502417361538,0.0014568058217345747,0.01891986633643583,-0.000855688562422352
2011-08-19,-0.019105116066738703,0.000454965854205458,0.012547803917521527,0.0003657929017359951
2011-08-22,0.005424134682791237,-0.001272972304733555,0.025784937306684297,-0.0008545302125790855
2011-08-23,0.03359484907548205,-0.0023656205756942272,-0.03748847882459627,-0.0009792101059536984
2011-08-24,0.004033376232657426,-0.005655504880593409,-0.033883065990334194,-0.000613649593055543
2011-08-25,-0.017722250893649205,0.002018385076203444,0.004136363175726965,0.00171666693769712
2011-08-26,0.012027831775526021,0.001373537363518862,0.02964725337814067,-0.00024439374086726584
2011-08-29,0.028285976023774806,-0.0010978862844893689,-0.020172433686990066,-0.00012295334179723838
2011-08-30,0.0004623324744832402,0.003111919929108087,0.029961508609777754,0.0013475346529674415
2011-08-31,0.009242376438895583,-0.0009117326545283744,-0.007705219630282367,0.0
2011-09-01,-0.006868184876303918,0.0032206140987853793,0.0008439899586658584,0.0014451121479597262
2011-09-02,-0.02374371844368317,0.003010847447763254,0.030190647795535153,-0.001101174390672477
2011-09-06,-0.01747314241054121,0.0026381358692815216,-0.0018555532988803192,0.0002450172363694936
2011-09-07,0.028358029694849796,-0.0023599319374011385,-0.031820624711029866,-0.0003677511678669143
2011-09-08,-0.014722835380895472,0.000273665061931494,0.026711066628809732,0.000490347034091343
2011-09-09,-0.0298860394001077,0.0013637052271777694,-0.006105278176431583,-0.0004901067117187852
2011-09-12,-0.0004890727436628328,-0.0019970117729691816,-0.022302151894618927,-0.0006117350543681788
2011-09-13,0.008316917852317918,0.00036267036051618184,0.010584678420606952,-0.0007352132089897268
2011-09-14,0.011887543762226782,0.0001825124296455094,-0.007449236150323779,0.0007357541451558092
2011-09-15,0.016542714129254454,-0.002908481126407847,-0.015856964679878405,-0.0004896370984822651
2011-09-16,0.0023584280582791273,0.00145796320348901,0.009346358600104132,0.0004898769604158026
2011-09-19,-0.016470334670621756,0.0021859908241694814,-0.015451918647760743,0.00036792225502257914
2011-09-20,-0.002153225210240195,0.0019980484178243607,0.014251925771726182,-0.00036778693802286266
2011-09-21,-0.028770241207543013,0.0016319577419927622,-0.01245876923776712,0.00036792225502257914
2011-09-22,-0.041224343462074264,0.0028964624490501745,-0.026153542150526787,0.00024409743930542405
2011-09-23,0.009526566898980793,-0.005144288163212329,-0.05471753820180614,-0.0017135647768810047
2011-09-26,0.020657587081347017,-0.0022690976616285274,-0.013892372830456634,-0.00024572075845552543
2011-09-27,0.01899085414921231,-0.0013629390177496425,0.01935526726943304,-0.00012276414535961067
2011-09-28,-0.019863107939093627,-0.0008198337533978917,-0.027454420270526025,-0.00036821120857932765
2011-09-29,0.013760410132391376,-0.0003645772507739897,0.009473791550213662,-0.0013494244738772032
2011-09-30,-0.03455062804983078,0.0037384874059185336,0.0022828193869255387,0.0007373091408284793
2011-10-03,-0.02862984701526483,0.004085018120517203,0.018347521194908234,0.0010206631766584984
2011-10-04,0.019210463202011585,-0.003081489455950104,-0.02062628718772741,-0.001965340042644814
2011-10-05,0.020397602586940344,-0.00336305176327667,0.011545339579202452,-0.0007393644151862944
2011-10-06,0.023279283048951438,-0.0016426062547633125,0.006459292210774237,-0.0019714913476253093
2011-10-07,-0.00914933188768674,-0.0020096057200529316,-0.00816258192126873,0.0013582524123842976
2011-10-10,0.03868198989243421,-0.0020137564536070185,0.025694256721133568,-0.0029581715206661308
2011-10-11,-0.0009605434678275904,0.0023849427064108752,-0.007166032573826864,0.0021017261943689913
2011-10-12,0.01563253228439554,-0.0019220808624507146,0.007156004686264872,-0.0014802993281166632
2011-10-13,-0.002131422395333593,0.000550327783317428,-0.005880138964710846,0.001977273089967424
2011-10-14,0.018984691658853192,-0.001649241738475249,0.00677751585978581,0.0006157623746092522
2011-10-17,-0.02282292740326286,0.003947332031227546,-0.00477355451916972,0.00036971202413838
2011-10-18,0.019542420914503422,-0.0010977429946636974,-0.004796450637787775,-0.0001228537051992662
2011-10-19,-0.014960215921909215,0.0014645373412793816,-0.012172523883343,-0.00036936719778368765
2011-10-20,-0.001660987736323949,-0.0005483593849936463,-0.013135615868301143,0.0009860408029480627
2011-10-21,0.02305664981881428,0.0005486602479898295,0.011092095788866496,-0.0009850694842429286
2011-10-24,0.015334777602698413,-0.0015542564565758088,0.009403209377038424,0.0006162834297451791
2011-10-25,-0.017848942665184664,0.005126300256840688,0.028381517477150453,0.001478118552840746
2011-10-26,0.014678356090414013,-0.002731541926424552,0.010930597249971585,-0.000123226810812338
2011-10-27,0.040872515783591634,-0.0038360867720211855,0.0128435438092247,-0.0004916387235851527
2011-10-28,-0.003309149628147101,0.0039422681753384925,0.0004128107588905472,0.0006151831689835685
2011-10-31,-0.03607778931395256,0.004748627653979209,-0.01344180429743358,0.002213272508528874
2011-11-01,-0.03030985777456774,0.004802441881070818,0.00023908536989014628,0.001328819900950462
2011-11-02,0.01799664360326414,0.0,0.010036997411712711,-0.00024627675894739465
2011-11-03,0.020935082484972112,-0.0021765147833326948,0.015734080802807693,0.0007369305536630844
2011-11-04,-0.010024842479512519,-0.00027310867860019794,-0.005066358671109827,0.00036819394346498946
2011-11-07,0.007134339024891467,0.0008183128055851974,0.024173189795036576,-0.0014714775513661182
2011-11-08,0.010740081430254955,-0.0013630485399991343,-0.008286644094448237,0.0007360026191418623
2011-11-09,-0.044991826141499436,0.0017285959003014995,-0.00841348161901967,-0.0012271351489467897
2011-11-10,0.008522696417228692,-0.0019068337837939708,-0.005404823007986281,0.001106851900046335
2011-11-11,0.023004666033332066,-0.0011824550167784942,0.01647778038025005,-0.0003690052027147672
2011-11-14,-0.01193208243655186,0.0008195679993554528,-0.004368876387059961,0.00012277374791902496
2011-11-15,0.0027869388510504134,-0.0012742179586608948,0.000923808688964245,-0.0009822586587132642
2011-11-16,-0.01690585959095403,-0.00036465961623632914,-0.010671470333423416,0.0004921489487468289
2011-11-17,-0.018845743804671078,-0.0005471372770838867,-0.025712719634799708,-0.0007373553777114683
2011-11-18,0.0014404883031335913,-0.00018182389848642178,0.0031118431758150322,-0.0004918908745021877
2011-11-21,-0.02493425848089692,-0.0001826845274066624,-0.024579377384584156,-0.00012309642873753468
2011-11-22,-0.001966974624075468,0.0007297335215554757,0.0110703214592891,-0.0009843870749521866
2011-11-23,-0.02340485855024521,0.0009121996231478136,-0.0029036097914703074,0.0011085899398941557
2011-11-25,-0.004792998773141655,-0.0013665875843194009,-0.00867565321048791,-0.0007379466605733631
2011-11-28,0.03726230981829137,-9.102364152901998e-05,0.01976750983463549,-0.00012299762086553923
2011-11-29,0.003910040473497967,0.0003653690548133248,0.0015003300286513532,-0.000246721204217093
2011-11-30,0.04795503254982858,-0.0025532368126884863,0.019475071338128425,0.0004929315688002589
2011-12-01,-0.0032516955958392657,0.0003484425674691316,-0.0029389289699039978,0.000418519834640696
2011-12-02,-0.00046610343832376167,0.0025727681430676164,0.0011200992509403651,0.00037024679559238827
2011-12-05,0.009792315982814603,0.0010993424102734295,-0.014721469156617206,0.0003693516009268816
2011-12-06,-0.0018470758322285397,-0.0009157838217376257,0.00513976400859284,-0.0006161587052027073
2011-12-07,0.005551839225604205,0.0018333498523264158,0.007254140051337954,0.000986171044463413
2011-12-08,-0.026915369081118468,0.0010059349232007797,-0.02018889192543405,0.0007374633130783348
2011-12-09,0.019149113388890804,-0.0005483746067413975,0.002530414385808033,-0.0002453455476596478
2011-12-12,-0.022268514029016195,0.00027418307056170654,-0.026502335126668997,0.0001238071727893697
2011-12-13,-0.013285786361610374,0.00201091504108164,-0.021853252823497593,0.00024550156708369464
2011-12-14,-0.01082048669725566,0.0024623289594947195,-0.03508991900081848,-0.0004918288102682133
2011-12-15,0.006319981029845101,-0.002092775041050876,-0.0036627481249873473,0.0
2011-12-16,-0.001207448716580739,0.0033738505295564103,0.019037575406193996,0.0013533367665323759
2011-12-19,-0.012333920012835176,0.0009997525730252033,-0.0023191433373703774,-0.0002463016310109145
2011-12-20,0.0329550539865493,-0.0013620490657133555,0.013624334453907316,-0.0007377630806535418
2011-12-21,-0.0007195263894872461,-0.002545098025544479,0.001146693460756243,-0.0002453455476596478
2011-12-22,0.009114918169760289,0.0015487183240536773,-0.00712656114710053,-0.00012267132716747842
2011-12-23,0.006893297959038813,-0.001182989825630587,0.0017303530125498678,0.0017442418183837294
2011-12-27,-0.0016523464312174774,0.0018045366509706895,-0.008956521773084813,-0.0018520854199587378
2011-12-28,-0.014187951527216192,0.0017284592648894037,-0.02504683229674176,-0.00012415170366186778
2011-12-29,0.011993445314709694,0.0023610495027850398,-0.004568644951223,-0.00012404086897288558
2011-12-30,-0.00047438095158691684,-0.0012687640705628667,0.010975184218875667,0.000867194272982319
2012-01-03,0.019207886536503294,-0.0019947560683973853,0.025856915150634707,0.0
2012-01-04,-0.00023247502998746672,-0.001363925382991682,0.005066755734988382,0.0001225610477650907
2012-01-05,-0.00395607905182227,0.0013657882162074753,0.006827847741614601,-0.0002469841725150079
2012-01-06,-0.007710309566543949,0.0008180682602223488,-0.0036760161968690808,0.0012371816131002689
2012-01-09,0.0035319401748186152,-0.0008173995715768934,-0.0044529068818790485,0.0004943619674724342
2012-01-10,0.008916082703239736,-0.0002732360287838187,0.01367411750574088,0.00024674396214119376
2012-01-11,0.00348799161582658,0.0035458629923974527,0.006492680176876542,-0.00012321562432038302
2012-01-12,0.00046370895570269077,-0.0008154005484084514,0.004446713358861265,-0.0003700702403013345
2012-01-13,-0.008107307665329189,0.0022661115264257514,-0.006983478874407978,-0.00012434730264621052
2012-01-17,0.008407035975747101,0.0002715429607587083,0.007786045057981195,0.0021008739539887245
2012-01-18,0.01551654869096497,-0.0012652587998306375,0.006853620582651931,-0.0008636219753662688
2012-01-19,0.008438122989054664,-0.0016305726292521472,-0.0023515152751236723,-0.00012263624767561154
2012-01-20,0.0018086849618721423,-0.0025397025402036366,0.005272336540625755,0.000863593453706013
2012-01-23,0.003837767940356729,-0.0008183382412095819,0.006725466086455523,0.0
2012-01-24,-0.0029233213084456366,0.0008190084671579889,-0.007048352105060052,0.0
2012-01-25,0.00924636540107393,0.001454880504262901,0.02722056546902296,0.0016029625191975594
2012-01-26,-0.0011170830894057238,0.0019978744491588873,0.005107595919167762,0.0013537524272124735
2012-01-27,0.0011183323595729266,0.0016309379768419952,0.010163190678665446,-0.0014747330964424155
2012-01-30,-0.008044684234922772,0.0028943047761793572,-0.0055631321217690655,0.0014769111461900852
2012-01-31,0.002027883454926327,0.001714522580989808,0.0076176801082890044,-0.0004904283715978508
2012-02-01,0.01281451931684785,-0.0017606356079361563,0.001476581439991298,0.0010464427657148612
2012-02-02,0.00466172664262321,0.00027140735701114416,0.00878748239335847,0.00012236671895915485
2012-02-03,0.01414048803454282,-0.00045225675817228694,-0.019935712372232683,-0.0012299702264885193
2012-02-06,-0.004139581830265637,0.0007242231058914861,-0.0027440152442257393,0.001724944491286351
2012-02-07,0.003718827426778759,-0.0009948573449803932,0.015073599610379684,-0.0001237942893325128
2012-02-08,0.002833704134532544,-0.0008129621254094888,-0.0070712844420862675,-0.0014751943958144498
2012-02-09,0.00021794086545234848,-0.0016312195145800068,-0.002848639332576064,-0.0012323364739547094
2012-02-10,-0.01260402968711416,0.001361077508982289,-0.005237500657275795,0.0008635554723872563
2012-02-13,0.011003559740934366,0.0003618901178525924,0.0022136838491002564,-0.0009855939776939326
2012-02-14,-0.004788689664080414,0.0008143655882264511,-0.0023282156434702994,0.0008635988048160126
2012-02-15,-0.002405754275214722,-0.00036156659999786456,0.0059239200699465755,0.0009862798050330746
2012-02-16,0.012277855141450411,-0.00018039058633967375,-0.0006543371004235077,-0.0008625676482468814
2012-02-17,0.002815904566418226,-0.0012677474202393846,-0.0038690112885975125,-0.000738771983407327
2012-02-21,0.0019436764343023771,-0.0015402329270970405,0.021930074903464325,0.0004936950130147721
2012-02-22,-0.002155402142830609,0.002813923668836038,0.01122674611729324,0.0003684412006501603
2012-02-23,0.004320446257793709,0.0008141441147084816,0.00046259876214471696,-0.0008615751593842313
2012-02-24,0.004947068071283756,0.00027112669572448844,-0.004565995407547319,0.0
2012-02-27,-0.004280792583858606,0.0031646606017197154,-0.003077273369589517,0.0001231883016068469
2012-02-28,0.009458626917800972,-0.000721170443509167,0.010425210114951122,0.001108809270554456
2012-02-29,-0.005962717141386964,-0.0009915767216381877,-0.053029061708074865,0.0
2012-03-01,0.007498023602753534,-0.0020190433979565547,0.014121415904973178,-0.00015997279898027905
2012-03-02,-0.006166622820666823,0.002177101669416537,-0.001620576624883352,0.0007408471322278842
2012-03-05,-0.00534848304225044,-0.0014485527673298026,-0.004148145103987089,0.0001228399441906003
2012-03-06,-0.026242214110948292,0.001994407888548322,-0.0178086148924681,-0.00012282485639203422
2012-03-07,0.011265816883489155,-0.0009050952151438141,0.005716090670033314,0.000245491868058334
2012-03-08,0.016382360038435406,-0.0022623499000272718,0.010083687876597303,-0.0008624881803404039
2012-03-09,0.0015044831560226957,-0.00018183821123329835,0.006655409678363311,-0.00036906098718703095
2012-03-12,-0.0019314921947739538,0.0009072179477831455,-0.007873527588344698,0.00012283571839355467
2012-03-13,0.01634061540009535,-0.0033539385988927695,-0.016780784815864758,-0.0012337890723134182
2012-03-14,-0.004230768981895561,-0.005459227292563651,-0.01682067576220847,-0.0019750314622065668
2012-03-15,0.006798316011279226,-0.0004569623948278423,0.00946289676961598,0.00012327863785088766
2012-03-16,0.0018990786123236347,9.139318539541641e-05,0.001365788541111801,0.0006182048589329359
2012-03-19,0.00421248561668186,-0.0032029870724344933,0.0017978504689784014,-0.0008650149676641128
2012-03-20,-0.007340552070330575,0.001469018854863613,-0.009035159899535072,-0.00037176993011267534
2012-03-21,-0.00464837539511509,0.002383641149171334,0.0004996054993768873,0.0003719081943960312
2012-03-22,-0.00870312629515635,0.0009143918463050404,-0.0039947529044891406,-0.00024765780853108765
2012-03-23,0.004710648217637559,0.002283737464100044,0.012282956477502438,0.0014856224681969454
2012-03-26,0.013214415473113084,-0.0007290981134074892,0.0177675672560913,0.0004941376393019503
2012-03-27,-0.0031553227318779076,0.0010945474891124185,-0.007055890793102537,0.0007411231093694681
2012-03-28,-0.005697235836971015,-0.0001816968398962171,-0.010597959618425579,-0.0004938417320748956
2012-03-29,-0.005517939008722661,0.0027340270498299457,-0.0014240340248994343,0.000494085732228644
2012-03-30,0.007255343216724164,-0.0015456425018133269,0.0052083106662228484,-0.0007405742526767067
2012-04-02,0.010381567228804789,0.00011900105711748488,0.005058027072021742,0.0011629525902365767
2012-04-03,-0.010065168811969283,-0.004288226506930726,-0.01871856515317416,-0.002100861166694945
2012-04-04,-0.016945124253086363,0.0021083170718496635,-0.01676147780356274,0.0004950502209959406
2012-04-05,-0.0012932988468287165,0.002284851664793086,0.006996951833534437,0.001238458865132186
2012-04-09,-0.007982664467095946,0.004378932593564144,0.006695708261895694,0.0014837724822762688
2012-04-10,-0.01913875916375829,9.080036710606976e-05,0.010855311785985977,0.0009886772880729477
2012-04-11,0.010421305780707213,8.997875586325144e-05,-0.00018621215493686005,-0.00012349390818700012
2012-04-12,0.017774999463031405,-0.0009987251614896886,0.010119758799926215,-0.0007409923334756874
2012-04-13,-0.015308370092473433,0.003090859652400635,-0.011370564716820963,0.001111466564242658
2012-04-16,0.002408834596222764,0.00018159519509253208,-0.0024246153239028123,0.0
2012-04-17,0.014416494650661305,0.00018064934157324686,-0.0013087791666472892,-0.000246050529011721
2012-04-18,-0.00322962264645954,0.001268272103490009,-0.005865849868369688,0.00024611108477445853
2012-04-19,-0.005185064125549865,-0.0007244889835742452,0.0007532177454423472,-0.00012365134727687632
2012-04-20,0.0036915920440419026,0.00018183637098401206,0.0006899618353195525,0.0006175191858615037
2012-04-23,-0.011899529447552237,0.0009954592747911661,-0.0029458817957397354,0.0
2012-04-24,0.00503633958048999,-0.0014463995918049255,0.0014458773932806146,-0.0006171380912498581
2012-04-25,0.01176446676783871,0.00045258488932198304,0.0020087386020055664,0.0
2012-04-26,0.004737240926819597,0.0015386397403192031,0.008833502726736775,0.0008642889193313241
2012-04-27,0.003643767956081234,-9.005371856085631e-05,0.0021735459614287134,0.0003696159891322104
2012-04-30,-0.0036305391139943577,-0.0003618664049139797,0.003098277264045768,0.0002462153843652004
2012-05-01,0.004929482366658577,-0.00036290846689246425,-0.003459337420944286,-0.0002591596524746942
2012-05-02,-0.004478578892144758,0.000998183381183404,-0.004525235266453653,0.0003702347056637745
2012-05-03,-0.008569138629346273,0.0010860112844008896,-0.010087771057537998,-0.0003700976826571667
2012-05-04,-0.01685394929275119,0.000994792497744701,0.0031452475068289854,0.0008641102919182408
2012-05-07,0.003296568724937332,0.00036141993614569046,-0.0024455972073937904,0.0002456935826111728
2012-05-08,-0.01117170703772874,0.00072278055556807,-0.019361338921316418,0.0002466327569532467
2012-05-09,-0.00974745232036589,0.00027087215691379285,-0.00980768448267233,0.00012359824661611896
2012-05-10,0.002461106701976634,-0.000992861739465889,0.0019421444253708842,-0.0007394370748791124
2012-05-11,-0.0037942009737663707,0.00072278055556807,-0.007818095757993637,0.0003695859162893278
2012-05-14,-0.014561061192178482,0.0022565284374922445,-0.014521983348483536,0.0
2012-05-15,-0.010683804264992491,-0.0005401221291799763,-0.010506815031071648,-0.0002456332321022492
2012-05-16,-0.008272163903148444,-0.00018010444849936302,-0.0018698996195085638,-0.00037047742912033055
2012-05-17,-0.015755242091462396,0.0006303280847612669,0.022347090779173184,-0.0004930694919815792
2012-05-18,-0.004943335698246121,-0.0002695823013936227,0.011452879352412237,0.0003702347056637745
2012-05-21,0.01797939118594294,-0.00018037392763325943,0.000646980541909592,-0.0007397577498110541
2012-05-22,-0.002323943728716582,-0.0024332725099099894,-0.016618119410660492,0.00012381174508613313
2012-05-23,-0.003960061311868768,0.0011736858225717128,-0.0030247679400885463,0.0003693249366958362
2012-05-24,-0.0021047085969906343,-0.0008116456842011122,-0.001384985238363945,-0.0004929392995559612
2012-05-25,-0.0042182954767359115,0.001535429945100919,0.00838774838488221,0.0006171818419784536
2012-05-29,0.014120929501532542,-0.0005417137191063848,-0.010872337457110914,0.0001230476117353163
2012-05-30,-0.01879801632492939,0.003337708965847286,0.005893254962718419,0.0007395076838092596
2012-05-31,0.001182644372802466,0.0029674070385061757,-0.0019090812845146132,0.0004938902169380199
2012-06-01,-0.025041095570361493,0.0024974374150916745,0.038781196888100666,0.00046873306329509035
2012-06-04,0.0029073884315784504,-0.002330176348145585,-0.0011428106398809756,-0.0009858941064726512
2012-06-05,0.00724813906829902,-0.0020653578723669463,-0.0011442151423203262,0.00024607642725271717
2012-06-06,0.026385041661332265,-0.0029702927577616167,0.0004455092560180507,-0.000246015888541784
2012-06-07,0.0018694877839362523,0.0015344562261314643,-0.01723813115026185,0.0
2012-06-08,0.0009333564026596797,-0.00045017588009887977,0.0014886454856897213,0.00036845868696011586
2012-06-11,-0.012584225505519409,0.0009009583212780115,0.004071640277957922,0.0003706335804640748
2012-06-12,0.014396442266541465,-0.0008103535624419678,0.007080368815616023,-0.0017257572309976599
2012-06-13,-0.007445012835349707,0.002614876438468583,0.004218256263578635,0.0007402724337628452
2012-06-14,0.009376638635298029,-0.0007191631359362294,0.004009705335992431,-0.00012334995995810782
2012-06-15,0.011611621566266717,0.0023393385318632998,0.0005704997647584253,0.0016052471821930148
2012-06-18,0.0009183373728318678,-0.00026956320150994806,0.0005701744803514597,-0.00012310506796053833
2012-06-19,0.013761252815944314,-0.0011670537989173502,-0.004875508449193711,-0.0007405310219595895
2012-06-20,0.001131559898744472,-0.001528485637417476,-0.0075719166052243825,-0.0006164944745309375
2012-06-21,-0.02556997044864351,0.0013507165554338396,-0.025325363321968553,0.00012428726968427561
2012-06-22,0.00681895137873445,-0.0014391283498158547,0.004078378501268132,-0.0004952129106241543
2012-06-25,-0.018215700384270894,0.0031521910363314642,0.00733749424571517,0.0014824366420080892
2012-06-26,0.005708880864750743,-0.0010774552718439967,-0.007414148220444616,-0.0003695768298485058
2012-06-27,0.008987716680168845,0.00044908159207346365,0.001376010487393442,-0.0001239454877129953
2012-06-28,-0.0016410796307282371,0.001167969356778542,-0.011646919832302038,0.0007410798145519593
2012-06-29,0.030054216430782654,-0.001346069374390857,0.027408138404537707,0.0
2012-07-02,0.005926744208303525,0.0019181499214118158,-0.0006444107348563266,-0.000234820783317935
2012-07-03,0.009743746808200893,-0.000719141357416575,0.015281516744723334,0.0004948435899778669
2012-07-05,-0.008976391440538856,0.002607800510114444,-0.011304546946454441,-0.00012346255123163452
2012-07-06,-0.011322804278801946,0.0007171883104790666,-0.012654072807009586,0.000986200124001968
2012-07-09,-0.0022901271507156373,0.0019721257864646624,0.002146812555150701,0.0004929259085859616
2012-07-10,-0.006657940706488841,0.0004469527496002712,-0.012269536951600046,0.0004935552782845409
2012-07-11,0.0011555587267053635,-8.943019634954918e-05,0.005520944005105832,0.0
2012-07-12,-0.008079110373921727,0.0017886644101845484,-0.00261460971900751,0.0002458463762786689
2012-07-13,0.014661289928117105,0.0003567167874276578,0.010157959820154439,0.0002467197878919247
2012-07-16,-0.001376082459769279,0.0008035178475966909,0.00045418012518472217,0.0004923842576456394
2012-07-17,0.005282444052818747,-0.00035709683841333995,-0.0047986866023365105,-0.0002462887017438131
2012-07-18,0.0073110229630752865,0.0019623527156347187,-0.002736679257213992,0.0004920764981077852
2012-07-19,0.005443726490977463,-0.0008011903966090861,0.0021561700390366756,0.0003691246366284151
2012-07-20,-0.014211718800953954,0.0014250620825748683,0.0018906850756352789,0.000983616851362834
2012-07-23,-0.015789651729249066,0.0008892726403024742,-0.0041647647379081665,-0.0004912319842269586
2012-07-24,-0.008835520156527221,0.0012447655177405537,0.003202022460124132,-0.00012366065106272917
2012-07-25,0.001876722088020033,0.00035455613522361595,0.014004649795792412,0.0006152101400354049
2012-07-26,0.02224313635368813,-0.0006213886842494354,0.007066269136341896,-0.0006148318892227334
2012-07-27,0.020384953271501693,-0.0030182861532455085,0.004911583802304831,-0.0009823226056570045
2012-07-30,-0.00044898799933412725,0.0016922182238168215,-0.0006982392728160924,0.0013530637188499117
2012-07-31,-0.006737506446233277,0.0009778263410094024,-0.00597082656640302,0.000490731425902613
2012-08-01,-0.0011299094617269745,-0.0011574218191801044,-0.008626788012826792,-0.0010564272354927073
2012-08-02,-0.009506460083896107,0.00017878114200287065,-0.006510213425354183,0.0
2012-08-03,0.024223084625271785,-0.002405249824985023,0.009212989839486152,0.0
2012-08-06,0.005577642222472257,0.0015182221361964565,0.004821600676860438,0.0001220841302627118
2012-08-07,0.007987535896217368,-0.002675014279514887,-0.0001279863856068486,-0.0004915710390385186
2012-08-08,0.0,-0.0012517478456266495,0.0012797347696722472,-0.0002468080671477191
2012-08-09,0.0024212681109492262,-0.000268177366029132,0.003259264951112506,-0.0007383678146520856
2012-08-10,0.0017565785572868364,0.0016116831818622224,0.0012101864830207365,0.001109023681953536
2012-08-13,-0.002192065885423533,-8.963652834448332e-05,-0.0075708565852385945,-0.00012292254219736787
2012-08-14,0.0004395309666631597,-0.002324008015395451,-0.00551317764002035,-0.0009849936466665987
2012-08-15,-0.0013174615215002516,-0.003226064844689458,0.003223103102315328,0.0
2012-08-16,0.010993845246575429,-0.0012586245932529883,0.0059756643744985904,-0.0001237435639963591
2012-08-17,0.0002175121444281114,0.001170452696319213,0.001021995813774046,0.00037028058777255346
2012-08-20,-0.00043492968636738016,-0.0003601099238786931,0.003445592661605268,-0.0007399759120447769
2012-08-21,0.0006526783987623741,0.001348976143386471,0.009983513792826137,0.0008633944242182334
2012-08-22,-0.0002174175625075936,0.004311666353822297,0.010766174119276384,0.0013555744780406886
2012-08-23,-0.007827969018311842,0.0007148307823334754,0.008409157592958794,0.000614296683425497
2012-08-24,0.003725739304698328,-0.0007143201642916264,0.000494174015419846,-0.0004908996641451724
2012-08-27,-0.002401488101413607,0.0013409780569393348,-0.003766133270076133,0.00024609849084034074
2012-08-28,0.0,0.0008035291810915002,0.0017352428001844444,0.00012261522243761647
2012-08-29,-0.0010946834612775014,-0.0009814568668832235,-0.006495935756759552,0.00012235175981900603
2012-08-30,-0.010736393344804473,0.0006257181052644611,-0.0004358432469381279,0.0007389266418296181
2012-08-31,0.006866054581191605,0.0031245523555083476,0.02305006759133854,0.0015967125258440351
2012-09-04,-0.0028594501498135916,-0.00018766594947106086,0.001583208530649749,-0.0015844401459984558
2012-09-05,-0.0017648271828200057,0.0,-0.0010335492057460538,0.0002464141956419752
2012-09-06,0.02232036249698166,-0.0023183417851577737,0.0035299241657396063,-0.0004919625234984792
2012-09-07,0.010592607544281707,0.00017832923341210005,0.021529523105697113,0.000615224802845038
2012-09-10,-0.007486996707592897,0.00017879270842713346,-0.006827411176709486,0.0
2012-09-11,0.00711227965191874,-0.0011614991935958718,0.003646366398665668,0.0002465092944052838
2012-09-12,0.004280207810340997,-0.0018787243196143333,0.00011914397372314589,-0.00036936273765009187
2012-09-13,0.017472580832490037,0.0023301765965315635,0.02018818143529133,0.0006149841734477413
2012-09-14,0.00691067115626165,-0.0041129521720153495,0.002860343822002953,-0.0008608082806235151
2012-09-17,-0.004991552981744141,0.0016158508429453544,-0.008149063622843289,0.0001228658039211794
2012-09-18,-0.0014631775052618146,0.00062743341580207,0.007746522133214695,0.0006156185567363082
2012-09-19,0.0006279799046431389,0.001970682926480505,0.00011649354949172519,0.0002457362771666194
2012-09-20,-0.004602541270130156,-0.0006256085264307876,-0.0015721687657199723,0.0
2012-09-21,-0.000630276278499653,0.0016103663166895377,0.0028576747517099488,0.0004918477506179464
2012-09-24,-0.0027345059029436625,0.001072577478724135,-0.005291949445103139,-0.00012318031752023284
2012-09-25,-0.009067731388591294,0.001605757903489602,-0.0016369410950092256,0.0
2012-09-26,-0.006384147376952365,0.0009798604320923054,-0.005621635473730624,0.00036878087401137627
2012-09-27,0.010923246285236887,-0.0006231075340378256,0.014898997795603108,0.0004915472153246281
2012-09-28,-0.010805218225395152,0.0014256414103228643,-0.0026110999060248163,-0.00012315148933428333
2012-10-01,0.00535446703134923,-0.0003838942229981157,0.0023270341375569714,0.00019710380633264357
2012-10-02,0.0025567642256967282,0.0008026914270169438,-0.0011027174532514117,0.0007361921105415448
2012-10-03,-0.0004251474900645036,-0.000356049642029177,0.0018012640766977839,-0.0008588879248078163
2012-10-04,0.00871597026058235,-0.0014260855990387844,0.006960135274945767,0.0
2012-10-05,0.0012644297535198135,-0.0020512848856110155,-0.005702468116373205,0.00024581979415283506
2012-10-08,-0.005262051074884422,0.0015187804816780837,-0.0033020048751752906,0.0001228796908161467
2012-10-09,-0.012272315908345655,-0.001070727564465579,-0.006160985410008202,-0.00012286459325294707
2012-10-10,-0.0032139707171796594,0.0016083565739375416,-0.0008772977978495078,0.0001228796908161467
2012-10-11,0.003868941001405446,0.001249680967167377,0.0028097108207538746,-0.0002452959108620867
2012-10-12,-0.0017126869194317162,0.0008013919971989747,-0.007354714637855864,0.00036856039307497923
2012-10-15,0.006647913045944254,0.0005344244811720245,-0.010055224506803517,0.0002455132560756912
2012-10-16,0.012143237498951631,-0.0016021217506214658,0.006355758993983995,-0.0004914009778768103
2012-10-17,0.007787928726349591,-0.0031187731885484737,0.000708270089035512,-0.0012291064287930364
2012-10-18,-0.002715133989247387,-0.00035794478175066313,-0.004423734987025862,0.0
2012-10-19,-0.01528790917921119,0.0012521174934418955,-0.010782582723043554,-0.00036921668730505175
2012-10-22,0.004678783323846192,-0.0013399826513750268,0.003653354530106512,-0.00024540866308697673
2012-10-23,-0.01629969278015808,0.002236696829024165,-0.012829747772893363,0.0007380812071662302
2012-10-24,-0.00043032896198313964,-0.0007152040493739742,-0.0034455182897020764,0.0004929926562995401
2012-10-25,0.004951617215805948,-0.002142602941469951,0.007036295388904268,-0.0013534357881127557
2012-10-26,-0.00342811335168558,0.0026843509793608167,-0.0005421731981886113,0.0007386687017840732
2012-10-31,-0.0015042629430439547,0.0014292825572328471,0.005424029379860196,0.0009845571727111757
2012-11-01,0.013347456480391928,-0.0013135483624131528,-0.0045555025984209685,-0.0007373974631149638
2012-11-02,-0.008285252221135297,0.0006262890119899112,-0.020894809825163896,-0.00012331042258728608
2012-11-05,0.0008565705380236821,0.0016980034546199008,0.0038744747870573804,-0.0011067080900312165
2012-11-06,0.0032107895789306173,-0.0028555489982083904,0.018807862553296584,-0.000369518221076226
2012-11-07,-0.013228173658293096,0.002327494017026366,0.0011425281895340866,0.0014779986183250937
2012-11-08,-0.010378328449851093,0.0012494536042897408,0.009009549825869767,0.0006156365867604485
2012-11-09,-0.0008740405027028997,-0.0005349103311522718,-0.0010119540650425085,-0.0004920080586757747
2012-11-12,0.0010932864864710012,-0.00026720434523708203,-0.0022048049089982147,0.0003696214425794597
2012-11-13,-0.005023867213500122,0.0017845312058983875,-0.0020901215354142133,-0.00024659166464424676
2012-11-14,-0.012733364242504486,0.0002670946737526325,0.00023933743071213875,0.0006149273886923989
2012-11-15,0.0011118750468919192,-0.0009791184001801678,-0.006282176951012075,0.00024581979415283506
2012-11-16,0.0035539591406388293,0.0003563472721768157,-0.0012643233169258306,-0.00012244636193159408
2012-11-19,0.01947766414047969,0.0007125390442965784,0.011996564840836887,0.0
2012-11-20,0.00021702521313349266,-0.0018699802404569255,-0.0028593300857844284,-0.0002460990361956572
2012-11-21,0.0032561998661022606,-0.0016950190864467585,0.0010155813941403746,-0.0003691465333387489
2012-11-23,0.015577486105381455,0.0006253904373965113,0.012234441881278757,0.0
2012-11-26,-0.0021303154917223788,0.0003577060159387635,-0.0010613049579774048,-0.00012272258537893155
2012-11-27,-0.005550730783062341,0.0013387495706451702,-0.004249459912872733,0.0006149273886923989
2012-11-28,0.00687008340023465,0.0001789437358767909,-0.012803055990465051,0.0001233433324816513
2012-11-29,0.006609533213577157,0.0012478551259880177,0.003782585484718659,0.00012246135687932203
2012-11-30,-0.0004234772552453858,-0.0005343953224044018,-0.00675911995172096,0.0006136556045643893
2012-12-03,-0.0014834376456452913,0.00014298809117674338,0.000481793613877457,-8.469477555728133e-05
2012-12-04,0.00021203632127764216,0.0006272287687880684,-0.010293184034235181,0.0002455057232284563
2012-12-05,0.0048802824873042105,0.0008955917312336581,-0.0018246141290523266,-0.0004918187731636214
2012-12-06,0.0027450517403235786,-8.943976541053722e-05,0.00231540881134662,0.0006147820107629265
2012-12-07,0.0016843449832448787,-0.0008950667740825757,0.004012180316774305,-0.0007374212102576605
2012-12-10,0.002102313728967964,0.00017915407240409742,0.0038750264922358113,0.0
2012-12-11,0.005244178052064896,-0.00035765442368407285,-0.0009047596653337653,0.0003696325906514808
2012-12-12,0.002086958894076618,-0.0027766468752721263,0.0007244816202742754,-0.0003694960128831637
2012-12-13,-0.005622603670943693,-0.001616967782767098,-0.008445491459192933,-0.0004918737772786619
2012-12-14,0.00020913346716744385,0.0017989702568670385,-0.0014600610908572786,0.0003686379228167169
2012-12-17,0.00732856378510971,-0.0024245739035314573,0.001888731794135401,-0.0008609317847125819
2012-12-18,0.010202841306310662,-0.002340175053273552,-0.014351742734815875,-0.0009845308890913396
2012-12-19,-0.0037406072271366497,0.00171372419090976,-0.002406215358110364,0.00036974122641342255
2012-12-20,0.008135200284794752,9.024980810790062e-05,-0.012122003118760882,-0.00012287089139606522
2012-12-21,-0.008690295615090049,0.0009006375034865677,0.003756377133691924,0.0003687819735302966
2012-12-24,-0.002504737949169944,9.016046192167337e-05,0.0018087275171267958,-0.003818287755739669
2012-12-26,-0.002720314424302428,0.001352778721047443,0.0009961627877814738,0.00037148997655211957
2012-12-27,0.001259251792383731,0.0005402818636381923,0.002363508432004169,0.0008654722411720606
2012-12-28,-0.007544443517088828,0.0015300869799010908,-0.0038471727592938043,0.00036991240725248176
2012-12-31,0.015202643572375774,-0.001797479572686722,0.009218955078005298,-0.0002468483662787513
2013-01-02,0.019966852725745055,-0.0011704754685673002,0.007097851290946089,-0.00012295760826763757
2013-01-03,-0.004281884394603419,-0.002523818904865305,-0.012073305404241008,-0.00037059593429411564
2013-01-04,0.004300297772527717,0.0010841755392703156,-0.004714606211065564,0.00012382642295483137
2013-01-07,-0.004078134999658922,-0.0005407593799661159,-0.006295249004336423,-0.00024743572125274227
2013-01-08,-0.004914494302593275,0.0009029070342985168,0.007087781062064646,0.0004944343957735686
2013-01-09,0.00349837783484519,-0.000721772828202405,-0.0004359246792099425,0.00024631829033228136
2013-01-10,0.010662197951348817,-9.086767056820655e-05,0.00928400637657445,-0.00024625763257335453
2013-01-11,-0.0004056339484909133,0.0009937020707351252,-0.0056797023904903154,0.0004934443853503723
2013-01-14,0.00020300032253706135,0.0009019298928807373,0.002980229323326755,-0.00012347105200072317
2013-01-15,-0.0008117354621310913,0.00027092733541334013,0.006314252289550515,0.0002472831771906936
2013-01-16,-0.0012187440283666362,0.0005404251745972921,0.0005536192128581252,0.0
2013-01-17,0.00691352980668225,-0.002161617894910206,0.00430379485582244,-0.0008635693882599327
2013-01-18,0.001413828495354874,0.0011734334199333674,-0.0015917340429129068,0.0
2013-01-22,0.002621171321942173,-0.0005407676412856333,0.003556329904214506,0.0006168800636607852
2013-01-23,-0.0014075406408960989,0.0010827130762938175,-0.00281048121356553,0.0002472831771906936
2013-01-24,0.0018125180865760093,-0.0013525689041558042,-0.01096751713306432,-0.00012376627288956943
2013-01-25,0.006232145077010864,-0.002435629406137396,-0.004770191309598659,-0.0014809073259076655
2013-01-28,-0.0033964286222296636,-0.0014467425810370527,-0.0022409002429438774,-0.0004936214848750842
2013-01-29,0.006415371019762084,-0.0006344620085497743,0.004367160997889918,0.0003704611815427139
2013-01-30,-0.003187238194336084,-0.0004522555763053493,0.0074538599123976645,0.00012335838634536245
2013-01-31,-0.002997552531041059,0.0009062111655699923,-0.006103985931695921,0.0008651438045776949
2013-02-01,0.009019794391238234,-0.002169386327241507,0.0015508685157126223,-0.0003209867873386063
2013-02-04,-0.014104097143646577,0.002820199740288798,0.0034066464054138823,0.0007417082353176063
2013-02-05,0.006648914026758934,-0.0020863011946787857,-0.00024687213662233365,0.0
2013-02-06,0.0006006898965313923,0.0017270693912341262,0.0026549312049666263,-0.00037129364059163006
2013-02-07,-0.00400093375702959,0.00036296668739344007,-0.003386926866340456,0.0006190111556236833
2013-02-08,0.005422767484233093,0.0002715314313246342,-0.0016682465384403322,-0.0002474264451297614
2013-02-11,-0.0015981756730214514,-0.0009978226890489106,-0.011573994499016527,0.0
2013-02-12,0.003801917394359755,-0.0001798628776215061,0.0011897460553353945,0.0
2013-02-13,0.0021922510494611913,-0.0010001897185260011,-0.005253588974277079,-0.0004944162766385984
2013-02-14,-0.0019887310193026364,0.001817837252413801,-0.004401112447727451,-0.00024686428902964686
2013-02-15,-0.001594155161260824,9.121274281675973e-05,-0.016356245638453393,0.0002469252460548521
2013-02-19,0.007385385956746315,-0.0011798085301911732,-0.0027606104965699485,-0.0004945986938815761
2013-02-20,-0.010501625980893103,0.0006360090077455194,-0.025043451643549264,0.0006180879393631322
2013-02-21,-0.009210942914404718,0.0005448465874482444,0.0077918162754770925,0.0004953456401441958
2013-02-22,0.0097006494601517,0.0005439550798385095,0.002293317486000923,0.00037075075319426
2013-02-25,-0.018614510945949125,0.003807200776559938,0.008955972453781325,0.00037055125832829994
2013-02-26,0.005914810522678504,-0.0002706506334626546,0.012180931238955583,0.00024634268930734393
2013-02-27,0.011962453238150816,0.00027072390505900046,-0.01056198875682579,0.0001237304980972187
2013-02-28,-0.001402381844666234,0.0009041428893208359,-0.010157257228600503,0.0006176452978765568
2013-03-01,0.0010031936780119377,0.000351468822131773,-0.003660114762050637,0.0003825114927062945
2013-03-04,0.002204754362083561,-0.0007228999278973136,-0.0009183901036885489,-0.00024693517437224255
2013-03-05,0.009199988250715885,-0.000813690440311321,0.0005252910666555533,0.00012362207726623886
2013-03-06,0.002576374156657568,-0.0010860673845571878,0.0055780996028989005,-0.0006177860262206458
2013-03-07,0.0027673587277687872,-0.0020840571358817783,-0.0035240703595200706,-0.0006167412849394927
2013-03-08,0.0033509993723133125,-0.0029052514807551555,0.00013101232655099437,-0.00012456639165236982
2013-03-11,0.002357701168492543,0.0005459493459136766,0.0018335326238412275,-0.00024637050436682184
2013-03-12,-0.004704310977496462,0.0018210223538386305,0.00784362968269714,0.000494228393371543
2013-03-13,-0.0005906957140590086,-0.0008174849212730928,-0.0034373096238732304,-0.00012312371314304738
2013-03-14,0.0055172687116458174,0.0010905079981993193,0.0001300859898183404,0.0
2013-03-15,-0.00039190037437852876,0.0009081134977408922,0.0020822965868685372,0.0004937347511682066
2013-03-18,-0.008625578845752768,0.0009079824655351398,0.008961070667613535,0.0004946077335110655
2013-03-19,-0.0033616997774782442,0.0014496937288359657,0.00450506452725441,0.00024684058314639046
2013-03-20,0.006944230421221498,-0.0010862641893260028,-0.004548992218975756,-0.00012360679673728558
2013-03-21,-0.010837358978172285,0.0001814056715223611,0.005663930684613572,-0.0001231880980582245
2013-03-22,0.0079682938328558,0.000362251335214836,-0.004479980468749978,-0.0003710979377371526
2013-03-25,-0.005731090642813075,-0.00036212015670467057,-0.0019929125844543316,0.0004944847152306142
2013-03-26,0.006558846149735675,0.0011775886515008605,-0.003349679554628948,-0.00037024626150161666
2013-03-27,-0.0011842642873630682,0.0020821982073804257,0.004136500676053423,0.0003703833945687407
2013-03-28,0.0033605422223359493,0.0,-0.0058573870914927495,0.0
2013-04-01,-0.007290403236787202,0.0009051958121393255,0.001424417125607702,0.00022244534264359572
2013-04-02,0.00674855810492514,-0.0010853904108065748,-0.014482482185829704,0.00024731313493697726
2013-04-03,-0.008477797975163792,0.0010865697632080895,-0.011152640752650878,0.0002478096975202515
2013-04-04,0.003976867799834416,0.0028029983430251093,-0.0029191431956356872,0.001111614854292009
2013-04-05,-0.003763414194757897,0.002885564374793592,0.016767611850665,0.00012364377843754326
2013-04-08,0.004175021096812559,-0.0017074872523245022,-0.004253608447543744,-0.00012362849254354824
2013-04-09,0.004553696359526738,0.00035970916205418924,0.007754946420753139,0.00012364377843754326
2013-04-10,0.013007706977096412,-0.0020706466046805927,-0.016890546496319603,-0.000493523952216024
2013-04-11,0.004863732200377058,0.00018070310793638633,0.001990069995076782,0.0002471314458853957
2013-04-12,-0.003872249036130704,0.0032466678082945233,-0.04700434266845255,0.0004940788826675035
2013-04-15,-0.023129410867646305,0.00045021445378279346,-0.0878082643808128,0.0
2013-04-16,0.01492245618271859,0.0,0.011347235708379255,0.0001231030226307439
2013-04-17,-0.01744742869853,0.0,0.0005270486733528479,-0.00012308787014192468
2013-04-18,-0.00419011310911499,-0.0001800047407770622,0.010762459449999096,-0.0001237216307846678
2013-04-19,0.00961737289661424,9.031211298737851e-05,0.008711825334020373,-0.00037015905517445713
2013-04-22,0.003770981816730412,0.0012587765075868784,0.01793749652236576,0.0006172427279020898
2013-04-23,0.009885163592912027,-0.0004489978504778058,-0.007396584908027859,0.00012364454895164023
2013-04-24,0.00469829728755089,-0.00017958205770929325,0.010885375374223738,0.0
2013-04-25,0.005455795108895156,-0.000449377998664402,0.023560091643163306,0.00012307265287936353
2013-04-26,-0.0015501886479338811,0.002067031247768414,-0.005083677157950217,0.0006175755432415997
2013-04-29,0.009316635741023926,0.0006277818099464927,0.009864447899536888,-0.00012384675434984338
2013-04-30,0.0036538437787432265,-0.00017930944595923037,0.003302889744367654,-0.00012305859764871752
2013-05-01,-0.008047463263333055,0.0004676737247377716,-0.011627117828906464,0.0007524744714706433
2013-05-02,0.005987964064330109,8.914124117564981e-05,0.005740185352492544,0.00024701247094860435
2013-05-03,0.010944597818938195,-0.0036802104091890886,0.0011978450615743874,-0.001479732719340765
2013-05-06,0.0013300614791746934,-0.0016215818875362498,0.0004222504056590193,0.00037020309158553033
2013-05-07,0.003793563011419643,-0.0005419607843136776,-0.012451558843968757,-0.0004934008486544572
2013-05-08,0.008503259126395823,0.0009033327081580111,0.014816938016144476,0.0
2013-05-09,-0.006558255743709274,-0.0013535311423397145,-0.011582262231585427,0.0003703106254842048
2013-05-10,0.001886237741637764,-0.0019870714739246287,-0.008593079156717032,-0.0014812506511424628
2013-05-13,-0.0003766685201744835,-0.0009055400485878939,-0.00838118464598625,0.000123780630752357
2013-05-14,0.00621470038928007,-0.0023550223795036906,-0.004478762912597967,-0.00012376531100410926
2013-05-15,0.0037432474929242066,0.0014529691505487108,-0.02307519579215711,0.000123780630752357
2013-05-16,-0.005593606860857303,0.002720069020323068,-0.004011056416375558,0.0008639425461489658
2013-05-17,0.008062795123469524,-0.0024410479598578894,-0.02252210527369891,-0.0003694289273366014
2013-05-20,0.0027900401272002995,-0.000997934011675028,0.030899424480465454,-0.0006176545230089925
2013-05-21,0.0022261544239716713,0.0008172443486667014,-0.01657778504530205,0.0004945033102494722
2013-05-22,-0.009809313766367511,-0.0033546638219448255,-0.007074069889109635,-0.0008657267041658478
2013-05-23,-0.006168233796021383,-0.0003642984369165436,0.02023645687084974,-0.0004953685487492088
2013-05-24,-0.004701728096219604,0.0,-0.006314583609401292,0.0
2013-05-28,0.0030230423486519165,-0.0061879152004391536,-0.002018458618119001,-0.002103183537903508
2013-05-29,-0.006593619121232797,0.0013727882703653549,0.010038177262336356,0.0
2013-05-30,0.0034134845385314083,-0.00027350569325002017,0.013869280514663629,-0.0001244596578365842
2013-05-31,-0.017387901420037544,-0.0019216224109847024,-0.020336494816085793,-0.0004967204462670294
2013-06-03,0.0036545460047243683,0.0005053012322180361,0.01933987733947884,0.0005102661624367677
2013-06-04,-0.0036412389295421566,-0.0022032944127777787,-0.009376593881796569,0.00024863642826167265
2013-06-05,-0.015387703243663342,-0.0005513417561890943,0.002144557820634496,0.0003723962072095244
2013-06-06,0.0072282252655853085,0.002576709266543409,0.007452733729297778,-0.0004962813658979659
2013-06-07,0.010473022099907414,-0.0031207131625357043,-0.023804292309807185,-0.0011178861914846738
2013-06-10,-0.001151555215882949,-0.0020252832915426122,0.0049520083144831695,-0.0006209968304788926
2013-06-11,-0.011337398606151128,9.154481118511804e-05,-0.005151578533889478,-0.00012467470416199777
2013-06-12,-0.004859296382244249,-0.0016595605050809814,0.007504690431519689,-0.00012475247056553673
2013-06-13,0.01445343342214267,0.004896972582905779,-0.0037988417641410255,0.001368714685745509
2013-06-14,-0.009048828689248833,0.00027631802000338546,0.005159168194085684,0.0008698210320077226
2013-06-17,0.010685464350172147,-0.0007360131335926168,-0.004909532390677707,0.00012306115810489793
2013-06-18,0.006536185408082762,-0.0003678286874052583,-0.012259844040283574,-0.0004955364778357341
2013-06-19,-0.016997578443852523,-0.0067183626029577725,-0.011655252312203657,-0.0029802209503924093
2013-06-20,-0.03011480362070207,-0.0066712664313732795,-0.053526288841325154,-0.0023655243837588102
2013-06-21,0.0030047580072278812,-0.005595731298892237,0.011731428766484253,-0.0011237140125045508
2013-06-24,-0.016776494830681887,-0.004033988525032894,-0.008956439178321896,-0.0024995833298429027
2013-06-25,0.011984425141889465,0.0011301861947541347,-0.003711765378358045,0.0007521990478371876
2013-06-26,0.00943418757792669,0.004233668724909823,-0.04203452166594779,0.0012514493935795734
2013-06-27,0.009525099300424777,0.004214906063903845,-0.019783533666219544,0.001500325121523316
2013-06-28,-0.0025929544049139164,9.326920081043077e-05,0.02734171211137726,-0.00037465990043006325
2013-07-01,0.006399938178337505,0.0013834315535683483,0.016959085154188536,0.0007006185736020409
2013-07-02,-0.003577078290204261,0.0,-0.00891599295095069,-0.0003750373819930708
2013-07-03,-0.0005983526331388989,-0.001400005232342738,0.005747561803178369,-0.00012585048225721707
2013-07-05,0.006186548223350297,-0.01093352962233951,-0.021948000437012505,-0.0031231713466034483
2013-07-08,0.004759750058279444,0.005196147724491729,0.01202477637713506,0.0020056959534369145
2013-07-09,0.007303611196017634,0.001034406873418492,0.009287930637690511,0.0002494519124376371
2013-07-10,0.0009798937780503003,-0.0026288272736992857,0.0027358165656277134,-0.00024938970169952057
2013-07-11,0.022121976281336497,0.006683906845965426,0.027201331116488037,0.0033778878170538373
2013-07-12,-0.003255982907431454,-0.0011228183266382974,-0.0008853880573321815,-0.00062343121633468
2013-07-15,0.004419537746164215,0.0021535079225276643,0.0004028281065351358,0.0011231630966896944
2013-07-16,-0.0022955976232772457,0.0015889579305867763,0.0057174994582687155,0.000373946907761713
2013-07-17,0.0036434755657510642,0.002144461594752567,-0.01257106015291043,0.0007474274373306944
2013-07-18,0.0038210970692400537,-0.0018609034373368027,0.0055952192921973065,-0.0001243226422705801
2013-07-19,0.0005708330775922033,0.0026103844286158306,0.008870239941716207,0.0006224995082173557
2013-07-22,0.0036142734016277878,0.001302800754841238,0.029813729592696125,-0.00012469609602328013
2013-07-23,0.0011371852591719467,-0.0005576023541155051,0.006752642042110235,0.0
2013-07-24,-0.0039756739161895815,-0.0032530196839026804,-0.017192222970528803,-0.0016173327916929603
2013-07-25,0.0026608729274095744,0.00037362716994171485,0.009334756673011979,0.0009966927469389208
2013-07-26,-0.0017060549434123606,-0.0002801661626467,0.0008549048878288001,0.0004985347993782252
2013-07-29,-0.005316973567853878,0.0,-0.002407187152758228,-0.0004982863862746933
2013-07-30,-0.0019094651132671725,-0.0003721794639687248,-0.0027244189319679535,-0.00037374550190594213
2013-07-31,0.00019153748464728615,0.000745847513151876,-0.0012487983048118378,0.000747957266629351
2013-08-01,0.013960568508261328,-0.005649306590262526,-0.010550160079556559,-0.0015578210812096094
2013-08-02,0.0030180250761899785,0.0033800698130457274,-0.001974567560183438,0.0022466278150146124
2013-08-05,-0.0015046106606153575,0.000468543956682943,-0.005223200846164788,-0.00012471939690028577
2013-08-06,-0.005838006318203859,-0.0010294246056129497,-0.013762893950199584,-0.00037383177570093906
2013-08-07,-0.004167526869764959,0.0013115268888304055,0.0014519666322767577,0.0
2013-08-08,0.008179641853007347,0.001402457518600908,0.02182842570410881,0.00037397157816010385
2013-08-09,-0.0003774998233078142,0.0006530792946017883,0.0,0.00012473495376852384
2013-08-12,-0.000754913619176123,-0.0006526530604014091,0.017893774724416334,-0.000373412112553817
2013-08-13,0.005100073765541557,-0.004015433778132849,-0.010764399957271187,-0.0017439871626622194
2013-08-14,-0.0026309614215580535,-0.0013122349242906672,0.009863802703161229,0.000374391123771467
2013-08-15,-0.010740570645614289,-0.003568706552572465,0.020852732103924465,-0.001496817184828969
2013-08-16,-0.001333177274748909,-0.002826772463903393,0.006758291238125214,-0.0003746872823888747
2013-08-19,-0.008201669080677987,-0.0031181724579569803,-0.004299346178506691,-0.0007504042330136462
2013-08-20,0.0011540893645958228,0.0029388883467174054,0.0033330994600069275,0.001126076971510459
2013-08-21,-0.009604121528822063,-0.003685946720610178,-0.002868928899801504,-0.0022484355698801917
2013-08-22,0.008921074296839304,0.0012331602351991489,0.0056030150173187465,-0.000250437781621371
2013-08-23,0.006343728997560305,0.003315902565525608,0.01573673952496346,0.001001439283671024
2013-08-26,-0.00477555474882041,0.0017940714843529548,0.004077116950649051,0.0006255622970468
2013-08-27,-0.016698404227514785,0.0026390367042499197,0.009597660251366102,0.0005004990631796158
2013-08-28,0.0009759723307862789,-0.001880296809213644,-0.0002924554744629937,-0.00012598255001283754
2013-08-29,0.001755152362927337,0.0019777612772129416,-0.0061444777662679195,0.0005008733768887552
2013-08-30,-0.005450874947678819,-0.0015970818270347742,-0.009199970890717113,-0.00012524921974976788
2013-09-03,0.009982275435366006,-0.0024726927103830842,0.013370993292570743,-0.001800745450974861
2013-09-04,0.008720864320156618,-0.0014174020672044207,-0.012901294021836374,-0.0013782124073239421
2013-09-05,0.0019215719830159017,-0.006724345930989473,-0.01826828046165707,-0.0012548259105060744
2013-09-06,0.0032597285661606357,0.003719161371056323,0.014750355470928067,0.001508234383257534
2013-09-09,0.012423597450111679,0.001994858190533799,-0.0017889694021170355,0.0010036208181527506
2013-09-10,0.009250550260088808,-0.0018016726882571499,-0.016204899631104497,-0.0013791966320251259
2013-09-11,0.0035541028504086913,0.003418655147373606,-0.00030369320824075174,0.0008785071987080784
2013-09-12,-0.005032670899149716,-0.0011354991573057083,-0.030599839579955712,0.001253881915478372
2013-09-13,0.003371838947032968,0.0014210385638069312,0.0011749160180953844,0.00025013756004388377
2013-09-16,0.007095211115687006,0.0020815996872192155,-0.010718218978665095,0.0015013242111632241
2013-09-17,0.002409985088422273,0.0009435404995439267,0.00039543735045155515,0.0
2013-09-18,0.020343980058051825,0.008395972447775124,0.04355726882874267,0.003500789532471016
2013-09-19,-0.0027190852411304034,-0.0012165445212927173,-0.0019695062317609535,-0.0007479160646567395
2013-09-20,-0.006361294509762749,0.0,-0.028766610364533873,0.00024876656612171644
2013-09-23,-0.00237789557904744,0.0007495002658246541,-0.0032040953082860257,0.00037495294440015314
2013-09-24,-0.002016812842634441,0.002340472020252893,0.000862411663815621,0.000248425067095992
2013-09-25,-0.0016533968332126392,0.0014001383021697844,0.0088515556290778,0.0003737253672677632
2013-09-26,0.0034965465146259422,-0.00018580741061891004,-0.007764519160924133,-0.0003735857487966454
2013-09-27,-0.004217998844465387,0.0005591348454243583,0.009233901688096902,0.0003737253672677632
2013-09-30,-0.00699824514263736,-0.0008389371358985542,-0.006125521729428818,0.0004974726452144917
2013-10-01,0.00816055999803078,-0.0007376412399897614,-0.028007462498232272,-0.00021059610615059565
2013-10-02,-0.0003680553294773681,0.0013085608407807925,0.019825036466045276,0.0009960879105161968
2013-10-03,-0.0069930930292517735,0.0007470734596095596,0.0009444573342345386,0.0002482625189770271
2013-10-04,0.005374451522436319,-0.0008392400266660216,-0.005110878473967517,-0.0011187331597890537
2013-10-07,-0.008479176117020537,-0.00018701192150727408,0.008772628001741278,0.0002487271742228625
2013-10-08,-0.01003932675864605,-0.0004673155652185068,-0.0018802715834939088,-0.0007476715319099103
2013-10-09,0.001690220263145914,-0.0007477325302788218,-0.010125595761985129,0.00037486073141312914
2013-10-10,0.020434951903692156,0.0011224380788830146,-0.014590468308459559,0.0001244721882571742
2013-10-11,0.00606284642014332,0.0003735253968606411,-0.013438466355977674,0.00012383596520448847
2013-10-14,0.0031044517579670305,-0.0018675328469530683,0.0018760469803933422,-0.0003734479906176702
2013-10-15,-0.00527936600355694,-0.0004677567628572632,0.007327212508852821,-0.00024953435052366135
2013-10-16,0.0100657872185681,0.004305900090823878,-0.0015356214034694116,0.0009972686588854973
2013-10-17,0.009603580096800846,0.0027960161435667263,0.031406809330291274,0.0018681554169310832
2013-10-18,0.005563055579915099,0.0016734724548435054,-0.004473392740662718,-0.00024919264740497216
2013-10-21,0.0007140830441993984,-0.0009279871947756035,0.0010248709844409287,-0.00012444155381596822
2013-10-22,0.007490373684033713,0.0035293268373215447,0.01858554826403047,0.0013676645614491
2013-10-23,-0.007611686922960215,-0.00027747547729517485,-0.00502546710134677,-0.0002484503866044818
2013-10-24,0.0037459863648867664,-0.0003704354076055072,0.009402373394382657,-0.0001243798257902773
2013-10-25,0.0010662500792808505,0.00037057268084761397,0.004311107341768539,0.00012439529805585714
2013-10-28,0.0007102798942617561,-0.0004621224065285423,0.0007664482567892872,-0.00037214938920537843
2013-10-29,0.003547570672787881,0.0012035494088888932,-0.006050806532669206,0.0007448853896050434
2013-10-30,-0.003711868298063803,-0.0018505070720002958,-0.0013099958645943488,0.0
2013-10-31,-0.005500408330874396,9.368461906067438e-05,-0.014351914754235806,-0.00037232011785581776
2013-11-01,-0.00017830353787373632,-0.0024145222896131413,-0.0061844444084760974,-0.000547023711435779
2013-11-04,0.004639438056848411,0.001023228036448165,-0.0011027915952256384,0.0006221156799588456
2013-11-05,-0.0063945279221315765,-0.0029747377561424315,-0.001971453393369016,-0.0002489266854295291
2013-11-06,0.005541970728833556,0.0015854421878720437,0.005056885287565871,0.0011189326574474467
2013-11-07,-0.015289281946719968,0.0007443974612255655,-0.008176048043114226,0.0002485249088417518
2013-11-08,0.00992967295198044,-0.006232652851092757,-0.014901750382376844,-0.0016138980155148142
2013-11-11,0.0003577477655922756,-0.0005623121874779313,-0.0032989703632274603,0.0001242466809823206
2013-11-12,-0.0028592895549622854,-0.0003745153619236774,-0.01146367778198043,-0.0008707948001888122
2013-11-13,0.006093269978243443,0.0026238986623352556,0.003266651987325009,0.001245067927664767
2013-11-14,0.004987472650466396,0.0030837994481938136,0.01155879679757943,0.0013657864100138362
2013-11-15,0.007266773318965081,0.00027972016770405617,0.000402374290726204,-0.0007429808882625233
2013-11-18,-0.0010556570163088308,0.0019564927575337343,-0.011422121721614165,0.0007435333193086535
2013-11-19,-0.0026420181066261206,-0.002696162261599744,0.00040679757316963716,-0.0001230886501513151
2013-11-20,-0.006181704966322754,-0.0027971019355652604,-0.02301744019441898,-0.0004969265454687344
2013-11-21,0.006575456347171382,0.0010289294503333934,-0.001498504004828649,0.0002491741854306895
2013-11-22,0.004413672194533369,0.0014005305721134231,-0.00016678565994454608,0.00024793763914043865
2013-11-25,-0.0029880463456529727,0.0007460786532829111,0.004503009704574623,0.0002486177704787984
2013-11-26,-0.00105796407220915,0.0002791453865869098,-0.005312961933526483,0.0001239999607054454
2013-11-27,0.0028237916528139895,0.0004658465138835943,-0.0030045118616964794,-0.00012398458662166156
2013-11-29,0.0017599110060535494,0.00037268377036725475,0.010380025726374864,0.0004959380590849882
2013-12-02,-0.005797278683492779,-0.003795357720141057,-0.02584917312405066,-0.001328556441973494
2013-12-03,-0.004947812040822619,0.0012172662058289596,0.0032318187404347665,0.00012441254954076442
2013-12-04,-0.002841342365124455,-0.00261827720328045,0.016954900097682968,-0.0006211197789244283
2013-12-05,-0.004630873952154779,-0.0021559571876867967,-0.013837913015870562,-0.0004975882159627965
2013-12-06,0.011808937270407993,0.0016903074965244347,0.0021132712895250982,0.0001241649735312933
2013-12-09,0.001591673573915653,0.0012202542900507929,0.009869237780065765,0.0001245827822882184
2013-12-10,-0.0019421233865001275,0.0015922731854565164,0.01754091590969642,0.0004977740021872012
2013-12-11,-0.011498278019275165,-0.0015897418820859377,-0.007880471900160724,-0.0006220316343629184
2013-12-12,-0.006979479689281254,-0.001499147807354384,-0.02126427007980758,-0.0011189551434525047
2013-12-13,-0.0003601174168818,0.00046884122470580714,0.009214610951512325,0.0004983317380067298
2013-12-16,0.007932172507426394,0.0007501966752208045,0.002596793391862917,0.00012428865336877593
2013-12-17,-0.003935137925898502,0.0016867776668063605,-0.008689121015236556,0.0011199449457925947
2013-12-18,0.016258837092085754,-0.00046818390889924455,-0.00876528362539053,0.00012363937924741997
2013-12-19,-0.00124721387672444,-0.001684123811001581,-0.023722480240186083,-0.0012421778694070573
2013-12-20,0.004459450457111824,0.0016869648687052319,0.00975442213515798,-0.0007467538036300958
2013-12-23,0.006570948240654628,-0.0004676002881678354,-0.0031913294703355133,-0.0008724215339586117
2013-12-24,0.003175558367722653,-0.0014048628880530822,0.004585954665539571,-0.0002504378320642431
2013-12-26,0.004045156350347634,-0.0005629971599764305,0.005512484048749489,-0.000875325160654139
2013-12-27,0.0031527527405113,0.0003759788453796542,0.0032551386822530226,0.0003757695918951143
2013-12-30,0.001920797229175708,0.0009392418440639094,-0.014771203179331227,0.0006258818920401588
2013-12-31,0.0041827651180432746,-0.0009383604966206605,0.006326400561529777,-0.0001256687394358691
2014-01-02,-0.014231276519916736,0.0006571374032673383,0.0161901240867246,0.00012568453405270574
2014-01-03,-0.0005281416315687792,0.0003761937593846909,0.010932211148536819,-0.00037557957417777565
2014-01-06,-0.003170610155450837,0.001313922484601493,0.0017604081051298959,0.0008766609196810826
2014-01-07,0.005301100729443009,0.0004690722833866623,-0.0056903791228098966,0.0006247433713315598
2014-01-08,-0.00035128033927900315,-0.002998549014778251,-0.005891238428211154,-0.0020002602246605994
2014-01-09,-0.0008794953365057756,0.0014095802975417904,0.0028783976463331307,0.00012565484550908224
2014-01-10,0.0065118837244522165,0.005066864083043354,0.015195028411862932,0.0021286012598666915
2014-01-13,-0.00961699369929625,0.0009342663470626178,0.0063195949886565295,0.0008741365408462265
2014-01-14,0.008827397572982232,-0.0014925522163621308,-0.009337277183627424,-0.0006237760352537647
2014-01-15,0.004200419811606126,-0.0008404905865054824,-0.0019183895963796882,-0.00037503179967457445
2014-01-16,-0.0008713385935957829,0.0023372382716986273,0.0010863885127820883,0.00012532595279313163
2014-01-17,-0.0034886490705453577,0.00046649745483295924,0.009516648976840125,0.0
2014-01-21,0.002625796106322076,0.0004668787548409714,-0.0101712011397469,-0.00024969135460251035
2014-01-22,0.0013966605267170529,-0.0021444653600560803,-0.00426060584660215,0.0
2014-01-23,-0.008891345863222488,0.0026154381228749024,0.021813897314074238,0.0016242975483118371
2014-01-24,-0.023746756153660176,0.0021428696066188024,0.00410542734412811,0.0007486028183887328
2014-01-27,-0.0052252179443481594,-0.0021382875352492503,-0.010875801955168796,-0.0008725312021385934
2014-01-28,0.007426159189937165,0.0016771237626600488,-8.268961893331817e-05,0.0003738531221839647
2014-01-29,-0.01060775913717904,0.0029749464831156924,0.012567212160504493,0.0012468039093032068
2014-01-30,0.008177643474660767,0.00018628828871936065,-0.02204625255756343,-0.0001242718945522192
2014-01-31,-0.00955319810818367,0.0018536052721773721,0.002671785119756409,0.0009968314141071133
2014-02-03,-0.021292133879415642,0.003393804763667685,0.010242346527122859,0.001195784042031356
2014-02-04,0.009483222914210776,-0.0024021274942863657,-0.002720094229185621,-0.0004974787670071201
2014-02-05,-0.0007368354976360347,-0.002501220034932805,0.0024795690309509233,-0.000871067408160342
2014-02-06,0.01658999005324935,-0.0004641409226673332,-0.0004122602966475375,0.00024812345833247207
2014-02-07,0.011604641609115784,0.0015792485960388625,0.007670738383060538,0.0006235486527153
2014-02-10,-0.0012549021801129268,0.0010199932145777968,0.0061389867499452855,0.00024901735887805643
2014-02-11,0.013639883861446878,-0.0019457525341701754,0.011714956580352931,-0.0009961297243642475
2014-02-12,0.0015934016133418716,-0.0016707559491299095,0.0005628794988796759,-0.001245709445878096
2014-02-13,0.004242569814693731,0.0021386814941166676,0.008518826295861315,0.0007483579040368227
2014-02-14,0.004048630248904672,0.0,0.01322817507664209,0.00012454042914522567
2014-02-18,0.0038565711116840262,0.0006494148277731426,0.0019661816515914587,0.0011221442536935022
2014-02-19,-0.006112154046205909,-0.0007418199196480568,-0.00886973994723983,-0.00024951070679057885
2014-02-20,0.004568636940071258,-0.0005567779687241092,0.010532999654813135,-0.0007465599979669113
2014-02-21,0.0006995460412670962,0.0009287778283679771,-0.0001567135055292601,0.0007471177662048412
2014-02-24,0.006991848482139629,-0.0009279160005601916,0.011051917556613278,0.0
2014-02-25,-0.00295089275740279,0.002692989478215946,0.001705567961347132,0.0006223903478050907
2014-02-26,-0.0012185148734611406,0.0021299669632528495,-0.008513319761305871,0.0003740033230630324
2014-02-27,0.005577538036027008,0.0010162228416568109,0.0007024926817724708,0.0002488315148132525
2014-02-28,0.0020802291522628025,-0.0005545385673042524,-0.004524135846074251,-0.00012512409217269038
2014-03-03,-0.01366550604573702,0.0025916835819286277,0.02092141108046075,0.0008844810998003272
2014-03-04,0.01666081251718632,-0.0036916112467330064,-0.012357054979777349,-0.0011200298444800083
2014-03-05,-0.0008625545120406475,0.0005550673978660381,0.0016320075055982208,0.0001256007636132317
2014-03-06,0.00656102307010431,-0.0022212099186530443,0.009930939447266862,-0.0009967923449109017
2014-03-07,-0.003430604170346241,-0.0027838312579109292,-0.008296856773808758,-0.0007474766341074579
2014-03-10,-0.003442413729241811,0.0,0.0003099275393667611,-0.0004992049264926912
2014-03-11,-0.005526820437952273,-9.327171578876747e-05,0.005653184387327759,0.0004994542565182059
2014-03-12,-0.0013892146411554895,0.0022330736234539295,0.014631094159512248,0.0007480357733695708
2014-03-13,-0.014086987444232646,0.0025999923759696397,0.003415393334794903,0.0009977869312858267
2014-03-14,-0.0031753422402649445,-0.00046287225318353276,0.006731709737936908,0.0001244757997478363
2014-03-17,0.011148323571425367,-0.0005563560192415329,-0.010969246032428437,-0.0007471931428039147
2014-03-18,0.006650586487957133,0.0012060596390559564,-0.007748437231769989,0.000623198484986931
2014-03-19,-0.009387975755816846,-0.0044451966105918395,-0.019369153834579822,-0.0032369870102724185
2014-03-20,0.002281554914113304,-0.000743942683981702,-0.0017955791561766743,-0.00012537460919348486
2014-03-21,-0.002276361270869498,0.0013965885760820473,0.0047708478604697735,-0.0003749962283974284
2014-03-24,-0.0012285229873182368,0.0014862226810565815,-0.01782518014920287,-0.00012494254653072634
2014-03-25,0.007731789853837823,-0.0010201566041334598,0.001822819435546963,-0.0002495451553937711
2014-03-26,-0.003313242539232264,0.0031584037405105736,-0.007910766324103369,0.0007498742217324494
2014-03-27,0.002799014851854631,0.0007402795839266396,-0.006538611755630641,0.0001253903299571757
2014-03-28,0.006978175700635081,-0.0014799573687015455,-0.00024077999982852205,-0.0005003238225852469
2014-03-31,0.007276807475777192,9.280120588206486e-05,-0.0076268221488628996,0.0008747215312068235
2014-04-01,0.007223986516544434,-0.0015318189660947779,-0.0017798011456744423,0.00017550827722367934
2014-04-02,0.0023907526924691336,-0.0016736209526654333,0.007537080069503599,-0.0010000362694649878
2014-04-03,-0.0020442697821494438,0.0007444286076707662,-0.003217515499202128,0.00025030572305140275
2014-04-04,-0.0073408396552985256,0.003164712455569596,0.0133150544727203,0.0010006013377832357
2014-04-07,-0.007050451154422044,0.001484142516392284,-0.00525600091039935,0.00037458789308941753
2014-04-08,0.003463708113964792,0.0012045656350716527,0.009446742784294582,0.000624964455571142
2014-04-09,0.011391262062641738,9.297166698307713e-05,0.0018241205774742753,0.0012477288915113682
2014-04-10,-0.019112467723240045,0.002313243045622304,0.0054623372630875355,0.0006239806923460378
2014-04-11,-0.007654946724115375,0.0009226704683060749,-0.0006298860696725139,0.00012368351433655889
2014-04-14,0.006837208252788773,0.00036898318873723746,0.0072480750550174555,-0.0008718363061436252
2014-04-15,-0.00017420088316111304,9.184380861348984e-05,-0.01845913678934663,0.0
2014-04-16,0.012191176835193218,0.0005528764242208606,0.0003984624480757315,-0.0002496480732685491
2014-04-17,0.003096963157471322,-0.0032238370171721042,-0.006292822285853816,-0.0011219088085934192
2014-04-21,0.002229646012962716,-9.217986189746785e-05,-0.004088193476797342,0.0
2014-04-22,0.003765411218083381,-0.0001851638134025002,-0.003702503963152415,-0.00012474853540833664
2014-04-23,-0.002898732399974402,0.0010165230758119037,-0.0001615498728680942,0.0001247640995469812
2014-04-24,0.0006840424281380209,0.0009242637519621955,0.006464087011591069,0.0001254892491266979
2014-04-25,-0.007348033733022619,0.0001843481270495939,0.0069846079289843654,0.0006238495690573664
2014-04-28,0.0029266775415874857,-0.0006468179541816443,-0.004384940209038013,-0.00012496351632773628
2014-04-29,0.00652256487103875,0.000462803154489988,-0.00016012686984467894,0.0
2014-04-30,0.0032401067869225475,0.0020298918965691026,-0.005125735916385876,0.0007483326142612157
2014-05-01,-0.0005101659854370721,0.0014570951349037742,-0.003381083278200081,0.0004745162637089795
2014-05-02,-0.0005098459807445499,0.0011983529595764875,0.01017766135521958,0.0
2014-05-05,0.0,-0.0003686360787679144,0.009275577200982044,-0.00012427193558317562
2014-05-06,-0.004594438724059624,0.0007359793777130808,-0.001901424983746236,0.0
2014-05-07,0.003931669818741934,0.0,-0.014367400696601584,0.0006232238827970082
2014-05-08,-0.0006812965703810736,0.0006443633935924176,0.0,0.0007477846656047671
2014-05-09,0.0010224339010771466,-0.0009190474562864592,-0.0005637408058022375,-0.0002488496702465204
2014-05-12,0.00834049086118549,-0.0008285975939292811,0.006768766942896631,-0.0002495886710994766
2014-05-13,0.001350368763093357,0.0016580803364329988,-0.002721337927335199,0.0008736245185214653
2014-05-14,-0.002359958521144123,0.002850177619693861,0.009711068212604923,0.0008710781032457149
2014-05-15,-0.006252034341454937,0.0021080630147813917,-0.008266440948327514,0.000497633001285136
2014-05-16,0.003910447194496625,-0.00109778188970866,-0.0021639548796237307,-0.0003726244729138628
2014-05-19,0.0011859059769214753,-0.00036619972634255316,0.0006425849883910928,0.0003727633736694269
2014-05-20,-0.007612777536293414,0.0004579173471355169,0.0008829716546379096,0.0006228222108266568
2014-05-21,0.008182737866479162,-0.0003660689227135139,-0.0024059912253092675,-0.0002494281048811553
2014-05-22,0.002705468850793924,-0.00045865390285959595,0.0022509750033825604,-0.000249060496647302
2014-05-23,0.0032037982537787,0.0010081774828549772,-0.0012833563412588678,-0.00012406990565283493
2014-05-27,0.005043012921373435,0.0009157345270529582,-0.02136377492949504,0.00037323875658179517
2014-05-28,-0.0018397585172208464,0.0027439127786146322,-0.005334440164288967,0.0008707292510992115
2014-05-29,0.0055293667088092135,-0.0005474359183085253,-0.0021451692523306587,-0.00024816894875756557
2014-05-30,0.0,0.0009128929475699099,-0.004216984669547674,-0.0003726219804625064
2014-06-02,0.0016664650475772813,-0.0030425906504660816,-0.006061640414213421,-0.0008583568206861347
2014-06-03,0.0023290235920396807,-0.0026565937648364013,0.002589851260583753,-0.0007483741755365259
2014-06-04,-0.001991436096506871,-0.0003680813995744492,-0.002083159699607484,0.0002497678640747125
2014-06-05,0.006485690049367054,0.0012869074611783216,0.007515042667209704,0.0003746811905678271
2014-06-06,0.005287475622912652,-0.0005502527872790486,-0.00041441281485321557,-0.0004989166889629582
2014-06-09,0.000657428108225,-0.0009188914439081097,0.0003316550478809077,-0.0006226814292825678
2014-06-10,0.0006571563453106055,-0.0014707011989816277,0.006133426062251646,-0.0006242382733545604
2014-06-11,-0.0052527578078901405,0.00073638486091121,0.00016479341429698202,0.00025023293516035494
2014-06-12,-0.003630254810532141,0.0019322341570846557,0.010130925709896266,0.0006235487889694191
2014-06-13,0.00231844705631179,-0.00027534811625573585,0.0026092604078342685,-0.0006231602181699936
2014-06-16,-0.0003302910040975382,-0.0005518218252447138,-0.00439167956691644,-0.0003750401026431094
2014-06-17,0.0006612031915684824,-0.001837433338715555,-0.001143599017664032,-0.0007480836935177537
2014-06-18,0.008259055175877883,0.0026700418859770814,0.0031893964143092646,0.0008736538768174817
2014-06-19,0.0022933784836480786,-0.0014694320263547445,0.034808872064872265,0.0003748877183582522
2014-06-20,0.00032696692159417395,0.0017470552266223294,-0.0034662236721584305,-0.00037474723022412615
2014-06-23,-0.000817110291088663,-0.0009175097776211727,0.0027667863566884776,-0.00024906333472540787
2014-06-24,-0.006868398653029462,0.00174463568612504,0.0010248709844409287,0.0006241064951284514
2014-06-25,0.002437708773720404,0.0013759075256316589,7.870929730446896e-05,0.0004988630205955413
2014-06-26,0.0009994607076597717,0.0019234489837305357,-0.002047362085279003,0.0006224836723349725
2014-06-27,0.001996525541525962,0.0,-0.0005523529785370629,0.0003748805563794644
2014-06-30,0.0006642356870143473,9.218785927567197e-05,0.010895228044559557,0.0004977487024648841
2014-07-01,0.007633759553569819,-0.0012274103618713506,-0.0026553917191390886,-0.0003748607015422456
2014-07-02,0.001976139354607387,-0.003483537748758314,0.0,-0.0009969725896430415
2014-07-03,0.004930960467989243,-0.0006446061830188698,-0.0042286084497846765,-0.0009974755627711884
2014-07-07,-0.0045795271206294785,0.0002766607293591683,-0.001101030316222662,0.00012483971823651352
2014-07-08,-0.008215750089632268,0.0020248419188260147,0.0003936628332492642,0.0004997273934443935
2014-07-09,0.0041419437223004785,0.0008263258329446188,0.0060596257567928635,0.0007488168085381108
2014-07-10,-0.006764625617201703,0.00045872326105800276,0.005475570778272321,0.0004986122645092017
2014-07-11,0.0004983222856851377,0.0013762185015113726,0.0018671659071103353,0.00037400324173009203
2014-07-14,0.005977208340661289,-0.0008245187018741662,-0.02376143490914273,-0.0006229214327291288
2014-07-15,-0.002145840834319457,-0.00128394496214157,-0.009465498169358044,-0.0004988567226582585
2014-07-16,0.005293030957888689,0.000826940175591151,0.0035333047917720517,0.00012525296548848708
2014-07-17,-0.012668666355079017,0.002935590797964238,0.016964032139549223,0.0009973486216674488
2014-07-18,0.009998320579566622,-0.0010979026970302508,-0.007553695114762116,-0.0006229214327291288
2014-07-21,-0.0024750739372707553,0.0003662405844964134,0.0016649416399394656,-0.0004988567226582585
2014-07-22,0.004796533440495576,0.0016468495416597229,-0.004749077817894021,0.00062398973675859
2014-07-23,0.002304661569416222,0.00018309080491474283,-0.0009543114301425737,-0.00012480615410481732
2014-07-24,0.0004927543396140432,-0.0031066552880396614,-0.010109888908559905,-0.0004988567226582585
2014-07-25,-0.004267881823407538,0.0019251328391129974,0.011580236904513708,0.00012525296548848708
2014-07-28,0.0014834715978007118,0.00018279084244987587,-0.0016694417914320248,-0.000374051844052814
2014-07-29,-0.004444218254094245,0.0010059402942685924,-0.003025998385664419,0.000123562023123025
2014-07-30,0.0004959357201159698,-0.003562993030188033,-0.0029552326374293614,-0.0008727603691028873
2014-07-31,-0.01850914630488143,-0.00128394496214157,-0.011535707925047989,-0.00012482413522663105
2014-08-01,-0.0042095921055432806,0.0037714691063506223,0.008023323354133804,0.0022754931876787232
2014-08-04,0.0071017999183384806,-0.00018393453789156133,-0.003135547501692204,0.0006233956391172857
2014-08-05,-0.01175297433007283,0.0,-0.0009677806214606344,-0.0004984058072869946
2014-08-06,-0.0008490911604006612,9.140323524858829e-05,0.014531326248904408,0.0007482271517902372
2014-08-07,-0.006631875090446937,0.0019256824070468248,0.0040582648496965135,0.0008726676574613013
2014-08-08,0.009757102494391656,0.00036516678043296835,7.92687922512858e-05,-0.0003735692261850332
2014-08-11,0.003559806634348961,9.079954310453608e-05,-0.0018226749543046594,0.00024901655328335437
2014-08-12,-0.0003377995321001137,-0.0004557916397632811,0.00023816115842256735,-0.0004983383509532535
2014-08-13,0.005745345033915994,0.0020114611541395266,0.0016667917138923904,0.0004985868158848827
2014-08-14,0.004704089884227436,0.0005478560611145156,0.0008716371870964856,0.000746373127574973
2014-08-15,0.00016740613758181588,0.0024624120245280157,-0.006571088731714414,-0.000745816470203553
2014-08-18,0.007189380541787305,-0.002092447066992631,-0.004144120645117932,-0.00012441596088152984
2014-08-19,0.003984010638289348,-0.001367957423168309,-0.002240707277115117,0.000124431442138917
2014-08-20,0.00033049130947770955,-0.0010965018070813182,-0.003689437627099168,-0.0011207860685028548
2014-08-21,0.0026448054425229905,0.001737687516631059,-0.010787344663637177,-0.00012529221293244852
2014-08-22,-0.003461962171196875,-0.00018261747732173372,0.002522828734679683,0.0001253079130381085
2014-08-25,0.006120663509227686,0.0008212536906269108,-0.003652930990489689,-0.00074807001802768
2014-08-26,0.0011510044468505676,9.153954874663306e-05,0.004969860037219664,0.0007486300457195671
2014-08-27,0.0016424354983384237,0.0012760408587435546,-0.00024320048372894476,0.000124371398040779
2014-08-28,-0.0029514415841302988,0.002004191211465667,0.0055141121217852085,0.0
2014-08-29,0.0018089847189894925,-0.00036367826909500245,-0.0011290273358744995,0.0006231300191597011
2014-09-02,-0.0006565243468478199,-0.003051705005436056,-0.01784271817844607,-0.0009726356063272101
2014-09-03,0.0034493725947133402,0.0010963144581010997,0.004110152024072278,0.0
2014-09-04,-0.003273959046547148,-0.0012769430065279197,-0.005485044294521457,0.00012507490218283124
2014-09-05,0.004270063807738644,-0.0005489798766491472,0.004774400606131213,0.00037450244893899587
2014-09-08,-0.007031759567559415,-0.0010050229934448485,-0.010896233231708075,-0.0004993746923018794
2014-09-09,-0.005270206470334049,-0.0013730405647381927,0.0011596072704027627,-0.0011235250663428342
2014-09-10,0.0031457763558080387,-0.0013749283972012138,-0.0050467493711445766,-0.0009995732097167753
2014-09-11,-0.003135911479621556,-0.0010095787046456861,-0.006569107778930827,0.0006251045276421952
2014-09-12,-0.004966801614921024,-0.0020213917546749727,-0.009123662477173111,-0.0006247140160822173
2014-09-15,-0.0008322923345419619,-0.00018379086871045391,0.002196335041923403,0.0007506299963289109
2014-09-16,0.006328224520332659,0.0,0.0016015040659451696,0.0003744493703563556
2014-09-17,-0.0029786336446119277,-0.0011048900756730484,-0.010855852020951628,-0.0007494174390353381
2014-09-18,0.0063072168120941186,9.157652487301604e-05,0.002041839900460918,-0.00024948058707652265
2014-09-19,-0.0029689661079318475,0.001659599621712804,-0.00585840081981337,0.00012483294595533323
2014-09-22,-0.008105709169811681,0.0013807567843699964,-0.002049687174615289,0.0006248250234639485
2014-09-23,-0.006337801034121737,0.0009188153339143579,0.006418485321299405,0.0005004946542179756
2014-09-24,0.006210200656682874,-0.0006431903013525142,-0.004676831883499655,-0.00012430833900034521
2014-09-25,-0.016180280808109293,0.0019293595154221688,0.0029047102009922554,0.0006238928084307815
2014-09-26,0.006951822394401619,-9.224990557443746e-05,-0.0028111579586888036,-0.0004992575317626091
2014-09-29,-0.00572502907124306,0.0011007183391165132,-0.0002562684087009659,0.0002503986561672722
2014-09-30,-0.0025402985463535144,-0.0006410416172796252,-0.007006747871292629,0.0
2014-10-01,-0.01307287077672381,0.0055909630549857425,0.004818841433659182,0.0022369285305849917
2014-10-02,-0.003956903115553523,-0.0016435476097235169,-0.00025690485706331145,-0.00037396096499708875
2014-10-03,0.005699874801397886,-0.0004574423589891463,-0.018245650954213488,-0.001247881771127557
2014-10-06,0.005151893792261442,0.0009152070890836583,0.012389827775788786,0.0012494409256826877
2014-10-07,-0.015205917834957616,0.0038388922155629945,0.0028441078559553468,0.0007486309539430636
2014-10-08,0.016481617084590283,0.002823123052673626,0.009539365800353972,0.002244090230502538
2014-10-09,-0.022529511891213994,-0.001997400788176451,0.0014471624004321892,-0.0006219252968252542
2014-10-10,-0.015191282220017088,0.000727641895198694,-0.0004250514452333043,0.0004975807019436118
2014-10-13,-0.006914920054708951,0.0029094085009979676,0.007908838626913939,0.0018666810636915887
2014-10-14,0.0014284121206336042,0.0022656836169159256,0.0005906150591197257,0.0
2014-10-15,-0.007131359000133508,0.0018094589535839756,0.0033729786510761084,0.0022362098409711706
2014-10-16,-0.002873066760466947,-0.0008123628199047106,0.001932963787401043,-0.0004959079374681208
2014-10-17,0.01404651385909128,-0.0013555779143831215,-0.001929234646691591,-0.0009921252004125858
2014-10-20,0.007103325909254554,0.001176130439400902,0.006807338453066025,0.00024746959593913154
2014-10-21,0.014812390518035068,-0.0009038505326761648,0.0018363404482848456,-0.0003716612673356767
2014-10-22,-0.007645410431051158,-0.0005425723586954811,-0.005665725080780226,0.0
2014-10-23,0.011206434284753097,-0.0023534714370726517,-0.006871122171836941,-0.0011166791575668578
2014-10-24,0.005714178189107466,0.00036362465873773786,-0.0014343416618317617,-0.0006217628475725379
2014-10-27,-0.002754922425550421,0.0003625376835818539,-0.0024503668717051896,0.0003737908008116797
2014-10-28,0.01260369875747025,-0.001541825475931513,0.00033881853595230105,-0.0004975093385299889
2014-10-29,-0.004433230627765905,-0.002178177937808612,-0.0143098631147065,-0.0014922932603729233
2014-10-30,0.007535671535303878,0.0016376306720349287,-0.010480209452138567,0.0
2014-10-31,0.013258427443828324,0.0,-0.021963701064975805,0.00012459462380309816
2014-11-03,-0.004193815042367266,-0.0018927161179281837,-0.004526913897145546,-0.0006853074368706746
2014-11-04,-0.004716932224961168,9.084326699992928e-05,0.0006241613363515697,0.0
2014-11-05,0.004062478636095879,0.00036544804658733554,-0.021653896620413504,-0.0006242411291325078
2014-11-06,-0.0010115914765637113,-0.0017323227127755692,0.0008197134269072315,-0.0002497298830662631
2014-11-07,0.0023622022966256484,0.00337835503949635,0.02812162399457141,0.001373918733800883
2014-11-10,0.0021887495569115067,-0.0023660661947730866,-0.02221830671070646,-0.0007478590240451721
2014-11-11,0.003359592551871904,0.00045558680452684186,0.014303837082656479,-0.0002502486869293552
2014-11-12,-0.0031809021577551277,9.188066206200496e-05,-0.004819715379460576,0.00025031132701025527
2014-11-13,0.001511619230238681,0.0004560081031490526,0.0015246472551149193,0.00037335193233500874
2014-11-14,0.00134153494433642,0.0009106429455192355,0.025073906131185764,0.0006245311118857622
2014-11-17,-0.0015070739870655103,-0.0011827587582554644,-0.0036690675676288587,-0.0004988969995511905
2014-11-18,0.007379638414412026,0.0009105086645828653,0.008768083938990978,0.0003740228347368646
2014-11-19,-0.0016646530659822911,-0.00236702551162582,-0.011907889702234109,-0.00012440329406215866
2014-11-20,-0.0006672762315099723,0.0018252122355981726,0.010380016731246,0.00037411311080104426
2014-11-21,0.008677975861709042,0.0011844945819736719,0.0046143024245213216,0.00037342261217077066
2014-11-24,0.0024821955907436966,0.0003638889080157526,-0.0024265428614084206,0.00037413937394958907
2014-11-25,-0.0004951146806700946,0.0021826348458882094,0.002345553311048576,0.00037393831503296227
2014-11-26,0.003962958922520965,0.0008170274433461078,-0.0019066874375581744,0.00037306523966917915
2014-11-28,-0.006085666078414098,0.003083392959894349,-0.02648491624493876,0.0009944085517059609
2014-12-01,-0.00628842992389389,-0.0022480912508970885,0.03987156539441128,0.00027461103787462804
2014-12-02,0.0043301960450838894,-0.0019980229286939988,-0.012352053686644049,-0.0018659882911156167
2014-12-03,0.002652817652072148,-0.0009098803366605068,0.010335265309313835,0.00024852194841207265
2014-12-04,-0.0023151733708307587,0.0030061514642261145,-0.003868344971663107,0.00037476793169521905
2014-12-05,0.000994337472846274,-0.0042692650908612295,-0.012512918386347494,-0.0029899345345563155
2014-12-08,-0.009272962892542758,0.002462486035010203,0.011797592156958414,0.0005000006433042437
2014-12-09,-0.0031757461589030367,0.0015471861732041514,0.020815371286221795,0.0006242444951483073
2014-12-10,-0.015090606362181624,0.0017264415501188068,-0.00194604748441074,0.0008736051539706136
2014-12-11,0.000681053540713128,-0.000363235335229084,-0.0022888830549503414,-0.0008728426341467754
2014-12-12,-0.016842476212274415,0.0031760396728628404,-0.002379121195415723,0.002121988448950951
2014-12-15,-0.010901593862212233,-0.00271330806728165,-0.025721865073372374,-0.0017443655600045682
2014-12-16,-0.0029738128323321122,0.002448953901059925,0.004895511509587669,0.001372775632425105
2014-12-17,0.016954854018382814,-0.0012670595161348164,-0.005915618296901348,-0.000872081444281747
2014-12-18,0.02175432553194856,-0.0026269830341074663,0.007701101852319869,-0.001745501833764429
2014-12-19,0.002725327077412354,0.001635357933433168,-0.003300085781823392,-0.00025009092823491397
2014-12-22,0.005945591396978811,0.0015414284930703737,-0.019342978620211615,0.0
2014-12-23,-0.0003378527137655185,-0.004617643022119644,0.0016880924643276618,-0.0015898807368885937
2014-12-24,0.001858052937034671,0.0010865804878179564,0.00026608816627016196,0.0001251225068388262
2014-12-26,0.004046232553279516,0.0004554017303359803,0.018267316212737805,0.0003762409139538292
2014-12-29,-0.0021828735367089847,0.002095455824717929,-0.010101921480555665,0.0013788471682143477
2014-12-30,-0.0065631071481836445,0.0010913793383564574,0.013460005313124634,0.00037539779211703816
2014-12-31,-0.008978724136229577,0.0002728558277258486,-0.014062457987002785,0.0005005262413511069
2015-01-02,-0.002393261935588198,0.002815578427023846,0.004402183412038685,0.0
2015-01-05,-0.019705171478219485,0.0021724341840716477,0.015077149308345472,0.0008756510087977176
2015-01-06,-0.01031286484142524,0.0025301610777956896,0.011398960794795743,0.0008754351954785022
2015-01-07,0.0130696128008283,-0.000180336944749393,-0.005891414149803653,0.0008732644365669895
2015-01-08,0.015690304152979007,-0.0015320573535362314,-0.00420851895976293,0.00012493967403504058
2015-01-09,-0.0061793486412249354,0.0024371676557402022,0.011385196369055883,0.0009972565527769373
2015-01-12,-0.005699314126052513,0.0008107905151060191,0.011086435260788896,0.0002499650201388537
2015-01-13,0.0006949062017398422,0.0002701385821268776,-0.003373767752371082,0.0009965016690138828
2015-01-14,-0.004686945845051138,0.0024287106175835405,-0.0016080097792615655,0.0016184871419782088
2015-01-15,-0.002267005681065637,0.004577929165738404,0.025175902263040006,0.001987437295295491
2015-01-16,0.011711172789648838,-0.0038416620997047124,0.013064281211881523,-0.0007438410446877208
2015-01-20,0.0022459374385885855,0.0017034844451506714,0.013712049879254229,-0.000993032319361653
2015-01-21,0.007412759916859191,-0.0017906731020638222,0.00024159749942587183,-0.001117337382101069
2015-01-22,0.01163557958588779,-0.0005371722342681906,0.008049585228834255,-0.00024971072436374975
2015-01-23,-0.006089218713953737,0.0025122454737527278,-0.007985306821000182,0.000621998302833271
2015-01-26,0.006807276444448007,-0.0004478217512299265,-0.00998152990144674,-0.0003719938279193036
2015-01-27,-0.006930388778968455,-0.0005374771473961593,0.011464376669647391,0.0004972918494698941
2015-01-28,-0.013276316020089607,0.00421169038523872,-0.00787784039319106,0.0009939677155101911
2015-01-29,0.009487466611799888,-0.0008025203315095153,-0.021552390797103027,-0.00024873122167368145
2015-01-30,-0.013499971081149531,0.0035716951556319376,0.022275544587827323,0.002484284832249939
2015-02-02,0.01299181635553004,-3.5701402395726944e-05,-0.008343449208254805,-0.0008186674361312374
2015-02-03,0.015561076448608713,-0.0038326451890270397,-0.011190942147351168,-0.0012405647943024567
2015-02-04,-0.0058932920818941525,0.0015208683294827274,0.0043783458565487265,0.0004967693892379277
2015-02-05,0.010839970764190854,-0.002054317902433711,0.0017272502164005221,-0.0001239181824280733
2015-02-06,-0.008377943301347668,-0.005818635152833873,-0.025864204796777424,-0.003851655256603803
2015-02-09,-0.0035485230235523524,-0.0001807214882734165,0.004467285755423989,-0.0002499836483507156
2015-02-10,0.008478975195646665,-0.0010806730969048495,-0.005873936049321848,-0.0008731189834358943
2015-02-11,-0.0025222418605896912,-0.00045039923203593624,-0.011817350480741395,0.0
2015-02-12,0.012474416460642956,0.00018046669175753038,0.0023062837940568404,0.0006247157747658605
2015-02-13,0.006327044202872445,-0.0011719751742205187,0.005454295543013465,-0.00037452226455880755
2015-02-17,0.0008274646651449391,-0.0040630244898497425,-0.01669775525216033,-0.0008739076459475248
2015-02-18,0.0019836900970275906,0.0028101095096317863,0.002844532329830063,0.0014989841494088552
2015-02-19,-0.0001650916628395116,-0.0008135581584219898,-0.0034381460295276334,-0.000623377687615112
2015-02-20,0.0067657065540176475,0.0001812105601586289,-0.005692631086866906,0.0
2015-02-23,-0.00262242953148506,0.0018091351131970246,0.0013011929863573357,0.0004993670819659624
2015-02-24,0.004601592511226826,0.0044241506688502685,-0.0014727381832787545,0.0019960444987487946
2015-02-25,0.0004906719687105543,0.0007189029462266738,0.0038174111040851777,-0.00012408966930077536
2015-02-26,-0.001634978946606247,-0.003593525562789246,0.0031979494930112207,-0.0013703902103194832
2015-02-27,-0.00245664086644648,0.002524549297460821,0.0007754283408443197,0.000623631995685825
2015-03-02,0.003940258342261416,-0.005079912702427247,-0.004132260173905,-0.0010230643884906465
2015-03-03,-0.005233084174486757,-0.001267834880111951,-0.0018153447779967191,-0.0012481290259325206
2015-03-04,-0.004602948567271059,0.00054380479824645,-0.0031176981600916642,0.0005001197185996453
2015-03-05,0.0009908228624444515,0.0004536792367015874,-0.0009556129768769628,0.0009999225055481453
2015-03-06,-0.013529021879482461,-0.006521133864850537,-0.02730434251868208,-0.0023721922378504567
2015-03-09,0.0013378898128939554,0.0025531014823900744,0.000983377523255502,0.0008759761702219482
2015-03-10,-0.01820610515920995,0.002363272601794808,-0.004912057209624399,0.000750179577899468
2015-03-11,0.0005106133117929179,0.001995784158673519,-0.006013266738071565,0.00024962839409514714
2015-03-12,0.011732438346295115,0.0008152594852994799,-0.0002708693390236494,0.0009994841568832236
2015-03-13,-0.006386592298368798,-0.00189946647629613,0.001445050857576513,-0.00012508494870422382
2015-03-16,0.012009507489805227,0.0021744377000192383,-0.0006313103946443688,-0.00024910435467684344
2015-03-17,-0.0010026669794290788,-0.00018073149826036694,-0.005414660114975933,-0.00024965402864252084
2015-03-18,0.016228817101113124,0.007326365136837154,0.019598980855210835,0.0038703598921365767
2015-03-19,-0.008561133688395839,-0.003501835967113287,-0.0007119500676271429,-0.0018661378871114298
2015-03-20,0.014944975748355072,0.003063331785276624,0.011399045051747603,0.0018696268686457795
2015-03-23,0.0009818948081716794,0.00017934299839605927,0.006339713151693793,0.00012407314837825645
2015-03-24,-0.0029421715515332014,0.0026951812994413515,0.002449897428068226,0.0
2015-03-25,-0.010491749778191672,-0.0018807348606953989,0.001396558108890389,-0.0003724768850584814
2015-03-26,-0.004970340886896185,-0.003590045782149498,0.00653708688272836,-0.0003734661191269195
2015-03-27,0.0009993035830311303,0.001440929623785392,-0.0036370435238182175,0.0007463605352842073
2015-03-30,0.008649500561557,0.0004498650545330385,-0.01138534318086215,0.00037320556497721924
2015-03-31,-0.010224720108084284,0.0017083065810667986,-0.0007911765968406925,0.000994580522538202
2015-04-01,0.002999193908556963,0.0032448922084360454,0.017068403567705115,0.0006347832989410662
2015-04-02,0.005980292907651341,-0.0013435430932456915,-0.0027681634865752702,0.0002484677569150051
2015-04-06,0.008256122013302614,0.0006281785564430376,0.012231121417765056,0.0016151845157006406
2015-04-07,-0.0016380468448138341,0.00017927368706027735,-0.004970450072155241,-0.0007449237213836835
2015-04-08,0.006397777340894972,8.966738155113951e-05,-0.00551200918339656,-0.0007442683618026358
2015-04-09,0.003912232588086262,-0.002510368375938432,-0.006928232816320268,-0.000994530656890591
2015-04-10,0.004383761698971034,0.0,0.011336906536289382,0.0
2015-04-13,-0.0053346997151667574,0.0010783395309124089,-0.007157039081814864,0.0006226476752253518
2015-04-14,0.0037380091543144367,0.0010772713022186853,-0.006079528851422933,0.0002484677569150051
2015-04-15,0.005504969555131023,0.0013450001953261292,0.008650802539753588,0.0008690576050567334
2015-04-16,0.001449484075173535,-0.0005373333054006224,-0.0034653168571547877,0.00024855354970010346
2015-04-17,-0.012381582552136838,0.0008072251354163118,0.004955226470251928,-0.00012388277796382408
2015-04-20,0.005373072977534088,-0.0007164686037910428,-0.007612433088526105,-0.0004968030409575608
2015-04-21,0.002914858374182705,-0.0010755200240850638,0.005753103431764384,0.0
2015-04-22,0.004359926395451685,-0.0029604449050637527,-0.013433831333510171,-0.0013663424255287993
2015-04-23,0.0036978207245192962,0.001530212507899531,0.007291591124513719,0.0008712701400115375
2015-04-24,0.003523842096626595,0.00170670710866494,-0.01404151891618688,0.000620772742708553
2015-04-27,-0.00031935581587116957,0.00035780156575015987,0.02016805588455428,-0.00024794918174042557
2015-04-28,0.0019160619777127685,-0.0038545433399183038,0.008670770693864016,-0.0007454250055083378
2015-04-29,-0.00573688923477278,-0.0022500505889507805,-0.007048909841977813,-0.0002494078760036933
2015-04-30,-0.01041861030894875,0.0,-0.017660816187341055,-0.0007456215573202751
2015-05-01,0.009070442032035997,-0.002837400921627875,-0.0034370263986326366,-0.0009218170072508025
2015-05-04,0.0022469784777492396,-0.001903753354206339,0.009020132884241638,0.00012454857971500033
2015-05-05,-0.0126519064781212,-0.0009076233673920298,0.0028045547686559313,0.00024955188435660247
2015-05-06,-0.002757589111489822,-0.003362501922460237,-0.0005243625201353241,-0.00087169610634108
2015-05-07,0.00016267791734114745,0.00246186055726616,-0.00821967852736405,0.0006227493307571219
2015-05-08,0.015937517031693105,0.003275048790676527,0.004849259924502469,0.0014965219692788523
2015-05-11,-0.005923008143649766,-0.006347529746578595,-0.0038606864674344266,-0.0014942857378438257
2015-05-12,-0.0020931618619721704,-9.06983278939899e-05,0.00854400802548061,-0.00012453306929816055
2015-05-13,0.0025818810460791486,-9.136933758646659e-05,0.01790395678391099,0.0006239574142232751
2015-05-14,0.010622880380572353,0.0015514321440188716,0.005405381698172951,0.0009966776400534005
2015-05-15,0.0019110275498943619,0.004191756999111895,0.002986844796122101,0.0009955640078360695
2015-05-18,-0.0007947490186690498,-0.0038117798364322164,-8.510283616403047e-05,-0.0009945738459118392
2015-05-19,-0.0017498688584240973,-0.0034610807747127437,-0.013869956602948319,-0.0017424340530544091
2015-05-20,-0.00015938546798055508,0.0015541277850203983,0.0016395067944336983,0.0008729199143806543
2015-05-21,0.003984664035500796,0.003103053671844158,-0.003359746584222556,0.0004983676683960603
2015-05-22,-0.003968849503621308,-0.0010921017790903598,-0.0007779753253159827,-0.0004981194217811291
2015-05-26,-0.013547872917163528,0.0024597028511119667,-0.014619332476808355,0.000374397724826947
2015-05-27,0.007270931310203288,0.0009997366087615145,-0.00017561471177085508,0.0002480897242873592
2015-05-28,-0.0017645414272268178,-0.0003638966665313603,0.0011414281685366845,0.0004978150171790485
2015-05-29,-0.007874152068752638,0.0003640291355202496,0.0007016473724792416,0.000248935191386801
2015-06-01,-0.0006478170187939059,-0.0027650119382404137,-0.0008764108278561666,-0.0010216104019439287
2015-06-02,0.0016209014465033977,-0.003920941267663625,0.004035079688356591,-0.0006229103629015187
2015-06-03,0.0035597650283556437,-0.003936849610145288,-0.007164072177032299,-0.0011224716542979074
2015-06-04,-0.009674460075672964,0.0021141260666766026,-0.007039801619628361,0.0004996732041235852
2015-06-05,-0.006024109944838041,-0.004402743981002599,-0.005317250031845466,-0.0017479524267841606
2015-06-08,-0.003931145299796657,0.0014740712854806048,0.002940144666210953,0.0005002373115585712
2015-06-09,-0.002466584227689639,-0.002851493788167514,0.002220840372015198,-0.0004999871993061067
2015-06-10,0.014836807145319098,-0.0024911697033409563,0.008509121495031247,-0.0006247186469329202
2015-06-11,0.0029238550157584253,0.005364180844983135,-0.004570193783136389,0.0009999433213252473
2015-06-12,-0.006964534836495284,-0.0011957354768676876,-0.0002648664906503839,-0.0003744597185464382
2015-06-15,-0.005219194262587434,0.0011971669718877642,0.004415790737229308,0.00037459999115374565
2015-06-16,0.00245906924920658,0.0016554725236619383,-0.003605061549348698,0.000625336174450819
2015-06-17,0.0006543303460668781,9.234705411476085e-05,0.004677010066397758,0.0006250669345548854
2015-06-18,0.00997061023157908,-0.0002753038470074687,0.012911736850284239,0.0004990608593056223
2015-06-19,-0.005988190726540221,0.003122776808637928,-0.0017342780850801987,0.0004989940585768959
2015-06-22,0.012048375120235821,-0.00494491155922272,-0.01285617895780966,-0.001371473413677493
2015-06-23,0.002252269352333691,-0.0022998175717574565,-0.006599788842205134,-0.00012481196172564601
2015-06-24,-0.007062544510107016,0.0015670567720427186,-0.0026574812063053788,0.0001248275416960709
2015-06-25,-0.002976642993109846,-0.001104455070966126,-0.0013322133525454083,-0.0005003416226138091
2015-06-26,-0.0009842525010362868,-0.0023975254085469855,0.001067192410014739,-0.000624068229352126
2015-06-29,-0.02545175424717505,0.005914716794999331,0.0045309359212182265,0.0027507782607365527
2015-06-30,0.0016850535315109383,-0.0006431465316134588,-0.006190828249150737,-0.00012491298103101123
2015-07-01,0.006055591766963131,-0.0025240706834992466,-0.0034706717105629226,-0.001935149261447
2015-07-02,0.000668679796203886,0.0013850564888684413,-0.0019646473844252554,0.0017512362973222118
2015-07-06,-0.011862867070529859,0.003597576568116212,0.002684282539629823,0.0009989483763797047
2015-07-07,0.001014303261457794,0.0013777078007777277,-0.011600887477117294,0.0001244635427306573
2015-07-08,-0.02027004655448128,0.0023855506606591526,0.002979362543296782,0.001496892466031241
2015-07-09,0.00827562261328163,-0.0036619622365170468,0.0024305003273175085,-0.0008721343540858406
2015-07-10,0.021204061170878807,-0.004226283655555885,0.0011673603870820948,-0.0017446402548038087
2015-07-13,0.007702432146010851,-0.0014758361394658914,-0.00448470723455352,-0.000998887690614736
2015-07-14,0.0061483568248617,0.001663294903542445,-0.002252455219495131,0.000999886464896571
2015-07-15,-0.0026425754632755094,0.0026746250714730913,-0.005237440968471563,0.0007495298825506147
2015-07-16,0.007286239691429053,0.0008282419276604003,-0.0036310957932229604,-0.0002496561694241839
2015-07-17,-0.0006576996638613108,9.178181277813557e-05,-0.010112979124889843,-0.0004994370263832204
2015-07-20,0.0001645525067051068,-0.0017457844805497391,-0.027151445340146352,-0.0008750887301740562
2015-07-21,-0.0024671840344456797,0.001656903687643263,-0.003121988752958438,0.0002504265542284667
2015-07-22,-0.005441058475704974,0.0004606192840048706,-0.005409506310776968,-0.0003742402249400367
2015-07-23,-0.004973477779521396,0.002847535031262227,-0.004484744341763047,0.0007502793273352903
2015-07-24,-0.010663328057093024,-0.00018295813184976417,0.009776637833459612,0.0004995684165927106
2015-07-27,-0.00926220034985381,0.0012830250369841867,-0.00465114258060384,0.0009981525804718672
2015-07-28,0.011898591978858342,-0.0010070561089928765,0.0015258061394580746,-0.0002492287062496601
2015-07-29,0.006215569261343035,-0.0008244671004296045,0.0014283139466164663,-0.0007481150108610279
2015-07-30,-0.000667989745743891,9.13566211848682e-05,-0.008557588110186587,0.00012492074903902584
2015-07-31,0.0013364789404011201,0.003942947884671533,0.006329756242044127,0.0012470495784859814
2015-08-03,-0.003169891151479809,0.001033542659544029,-0.007910052688847147,0.0009864849979999146
2015-08-04,-0.0010039482902360897,-0.002925253107374237,0.0020172823011603835,-0.002244550505200893
2015-08-05,0.0041881242648422745,-0.0018332688073653403,-0.0036429610038530846,-0.0008745916181279734
2015-08-06,-0.006673161307880204,0.0011942964811171297,0.004426047177157111,0.0006259317025876232
2015-08-07,-0.0016795968081330104,0.0017429403770368168,0.002490680503407061,0.00024926946994496824
2015-08-10,0.01312248407509009,-0.0012820472855539222,0.010224554985406531,-0.00012533164202344071
2015-08-11,-0.013284734995404057,0.0033011681776922153,0.005107840610028225,0.0016251472270174538
2015-08-12,-0.003534086713584794,-0.0006402060122800979,0.014022189288677822,0.0
2015-08-13,-0.0010133429590569731,-0.0021032509830453128,-0.00825985512434746,-0.0009976991317152129
2015-08-14,0.002366812245162553,-0.000458385341651657,-9.360037594363657e-05,-0.0009994231322162372
2015-08-17,0.00033719278542543307,0.001742171318021013,0.0026204846354274114,0.0011247854534870427
2015-08-18,-0.004720934949289934,-0.001830342273155372,-0.00018665773900006233,-0.0004990129171654756
2015-08-19,-0.009317276872419233,0.0031172024420433875,0.013444145581183786,0.001999171192233584
2015-08-20,-0.022058598404240737,0.001554087858294917,0.017411325071518213,-0.00012476322379695315
2015-08-21,-0.028501473682892353,0.0017338444708465683,0.006247689213677798,0.0012469403162636006
2015-08-24,-0.03779724989098243,-0.0003638934607912425,-0.005399068558895714,0.0001245024587874788
2015-08-25,-0.0018704413940261455,-0.00236992912682199,-0.01239478089494117,-0.000124486959854897
2015-08-26,0.033920444957656004,-0.004658764534019366,-0.013649738394807875,-0.0011207639988471962
2015-08-27,0.02138867993110205,0.001376543617231718,0.0005573064828525709,0.0
2015-08-28,-0.0008874234050669783,-0.0009169384957216087,0.009003931691107248,-0.0012470268851126898
2015-08-31,-0.007815308222322237,-0.0007342808164665371,0.001103981140304633,-0.0003743933382351905
2015-09-01,-0.032760410366766135,0.0029625790897906956,0.0034919799162251852,0.0016001199089477058
2015-09-02,0.017582602538074532,-0.001284285420891207,-0.005311302361437398,0.00024898746309087727
2015-09-03,0.0020011862626974075,0.00147002039572941,-0.00718105679403469,0.0
2015-09-04,-0.018878491403899966,0.0021091792204732673,-0.0032455349221680585,0.0006243411841795332
2015-09-08,0.026456943839548108,-0.0023791729382880433,0.000279084378947525,-0.0008727217917887664
2015-09-09,-0.009733244091121862,0.00036640555863676205,-0.012927822107945297,0.00024898746309087727
2015-09-10,0.006734595810615973,-0.0010999468623336117,0.0023556016816155267,-0.0002489254837660937
2015-09-11,0.0019889906962633486,0.001193393769762574,-0.002067997715628156,0.0008734841003978921
2015-09-14,-0.0048719750483868784,0.0002747725999519002,0.0005651616100608159,-0.0003737903301167522
2015-09-15,0.009972779220175587,-0.0044915951740123194,-0.0030126124190049675,-0.0023710072751187417
2015-09-16,0.014003599746188922,-0.000828378293322718,0.013314409937664529,0.0006257897046979544
2015-09-17,-0.0014165427330815605,0.006266229216807195,0.010250732723341871,0.002624090928238898
2015-09-18,-0.020390058405418743,0.0008242794272375065,0.007379350570420495,0.0013716950099924574
2015-09-21,0.0028958160336411964,-0.002654305467726048,-0.0062265388780913256,-0.0016181216097204132
2015-09-22,-0.017686041450057255,0.002386231339385647,-0.00681837162160448,0.0009972507878324155
2015-09-23,-0.004593288661716155,-0.0008239208417862853,0.003989241131120869,0.0
2015-09-24,-0.0035068028444377175,0.0012820723192523698,0.020975758801157207,-0.00012462277146185752
2015-09-25,0.0025932783864930364,-0.0017373170253206505,-0.006154405994415857,-0.0004978886404177763
2015-09-28,-0.02364699242282331,0.002382660751056198,-0.012658222571280353,0.0007475978854247778
2015-09-29,-0.0003782812195900487,0.0015541687385622893,-0.004058244045771819,0.0008712238284791507
2015-09-30,0.02101080244160869,0.00036510272073408956,-0.010372316278596583,0.00037349630622474095
2015-10-01,0.002224782817468407,0.0007773802726345203,-0.001216519302596475,-3.65574820557768e-05
2015-10-02,0.017202942337219085,0.0030145496090725477,0.021174875253005654,0.0023655244790850016
2015-10-05,0.01909447956991106,-0.0037347281709181335,-0.002018545050144094,-0.0011181903552516248
2015-10-06,-0.0008920802361011004,0.0024689040863359324,0.010021182319808863,0.0002493875273699153
2015-10-07,0.011073354832503934,-0.0007289515588777551,-0.0014564323795780432,-0.0006223194437809942
2015-10-08,0.008832144230777939,-0.0013690354728259635,-0.005104809244962594,0.0001245293381717527
2015-10-09,0.0017509805796509514,-0.0008235427683037644,0.015851231139897504,-0.00024896739702329196
2015-10-12,-0.0010487684753406334,0.002561477576427773,0.00396856499604703,0.0007472690409076055
2015-10-13,-0.01014846411851933,9.130452797334598e-05,0.00494118285707712,0.0003725724285921217
2015-10-14,0.0010606333448663907,0.0037401444167035613,0.017432477539802038,0.0017399306219600952
2015-10-15,0.016422315498560325,-0.001363499598542206,-0.004568989141737645,-0.0009919523939793118
2015-10-16,0.0017372912434561183,-0.001001227525331605,-0.0070615504042084165,-0.0004968296946389339
2015-10-19,-0.002948346650059608,0.0010022309865820311,-0.004178160099818973,0.0004970766570826513
2015-10-20,-0.0017394886293552458,-0.002001706958741689,0.006338214025568112,-0.0018637281048501375
2015-10-21,-0.0054017782995047225,0.002371335512211026,-0.008870752862782494,0.0007472690409076055
2015-10-22,0.014541034213455317,0.00018097221151136544,-0.0003580140904458906,0.0007458677139575709
2015-10-23,0.010533811570195839,-0.001727897136660994,-0.0017011588974217284,-0.0009944513335525818
2015-10-26,-0.003930470226462535,0.0004554721870333456,-0.0006277999535804213,-0.00012424186553194883
2015-10-27,-0.005489742521909147,0.0014574089227039622,0.0022435609738429285,0.0004978126014261175
2015-10-28,0.008970217240158895,-0.0030012160727931336,-0.008058752895948817,-0.0014923333384930793
2015-10-29,-0.003248393686883344,-0.004287062314940582,-0.009568492239339532,-0.001369458782988331
2015-10-30,-0.003945302410145235,0.0026562992555489995,-0.0038279088978543374,0.0004986294786728518
2015-11-02,0.011365764444134285,-0.0019679829831384943,-0.00649594413580179,-0.0012724260871738169
2015-11-03,0.003064794805324844,-0.0018343420129318666,-0.014826347133739204,-0.00012464819527913118
2015-11-04,-0.003734486197613851,0.0,-0.009441036684777915,-0.0017490406575474404
2015-11-05,-0.0020448032693730633,-0.00045949892942209747,-0.0031141061362016664,0.0003751915475491696
2015-11-06,-0.003243876994127981,-0.004780853731557788,-0.014577820185771806,-0.0018763438943086852
2015-11-09,-0.010791213326884153,-0.0006468375158938944,0.0028818737382825255,-0.0001253732690361664
2015-11-10,0.0008655021985126687,0.0018488700412335746,-0.0021072913552456773,0.0012527979731025152
2015-11-11,-0.0017300781376099472,-0.001291650305384362,-0.0033595553186392957,-0.00024973716102894006
2015-11-12,-0.012131617127855487,0.0009241118829097505,0.00019259022164841433,-0.00037639616098938955
2015-11-13,-0.010350747121814274,0.001938142803717291,-0.0027924980239610875,0.0012544998429828702
2015-11-16,0.013472768922680567,0.0008290798432419866,0.001448450457852024,0.0004992821078932952
2015-11-17,0.0003499439397391946,0.0007360766773283345,-0.013209938855231806,0.0
2015-11-18,0.011715231110420499,-0.0007355352669730086,0.0008794603332600293,-0.0004990329496702417
2015-11-19,0.0025924661882066324,0.00045988273556596404,0.011031897393842582,0.0
2015-11-20,0.002240967253124948,-0.0006432756979819487,-0.004538443721352925,0.0
2015-11-23,-0.003956078973434196,0.0002758670434144239,-0.008051161423458963,-0.00012648560797834385
2015-11-24,0.0008635992430854333,0.0009200582804254065,0.0066497192545516,0.0007513795881510799
2015-11-25,0.0008626102010749204,0.0004597948707600885,-0.004662942933256753,-0.0002500902818051154
2015-11-27,-0.0013790192832023873,-0.00027541081878168505,-0.011809477798990442,0.0
2015-11-30,-0.0029348490036739117,0.0003677869886371532,0.006617265866126543,-0.0003744121665433253
2015-12-01,0.009868674097593733,0.003504236901569202,0.003532188155604299,0.0014644236067797856
2015-12-02,-0.010114815846084424,-0.0011950863683518609,-0.015545525585325515,-0.000875277412516251
2015-12-03,-0.011084475662756721,-0.007360479381320673,0.010626672647533919,-0.0010014267714313352
2015-12-04,0.014361085390591999,0.003244555480174771,0.022209065049059173,0.0
2015-12-07,-0.008632709833632513,0.001478234284271629,-0.012978259158702654,0.0007515958236519182
2015-12-08,-0.009926943329588767,0.0003683531211964297,0.0016557725915762322,-0.0005009902077205419
2015-12-09,-0.005276800147462346,0.0,-0.00194473896697811,0.00012541630826223837
2015-12-10,-0.0007075611810872795,-0.0001835903928693039,-0.0008768154562138752,-0.0005015417731981664
2015-12-11,-0.019288440868261647,0.0024896713797795123,0.005460726883753653,0.002131849725858226
2015-12-14,0.0036087507487057024,-0.004692036448190495,-0.012801859053540698,-0.001751785245564852
2015-12-15,0.00988859164595346,9.26770838480806e-05,-0.002652561843328849,-0.0015027550408150958
2015-12-16,0.017446821361044362,-0.001756261641420731,0.012115872710852793,-0.001381231134601868
2015-12-17,-0.013823172419842988,0.0013884985422327745,-0.021897810218978075,0.0002516790496929211
2015-12-18,-0.014194333920524604,0.002126872826007986,0.0153233921943019,0.001255953483636052
2015-12-21,0.007780147999292275,-0.0009225146185044553,0.010878092908588544,0.0003761618081576934
2015-12-22,0.007774193605392554,-0.0007389385504968926,-0.005235103320787249,-0.0001243298026538664
2015-12-23,0.014352440500231989,-0.00018484763246739977,-0.0029237213719258692,-0.0005781357498632067
2015-12-24,-0.0012380136626854998,0.0004819019415991388,0.007232973422174549,0.0007540252085853627
2015-12-28,-0.003010307891617381,0.0,-0.0075692031595538944,-0.0001262631620102539
2015-12-29,0.009330923635614496,-0.00250022615158374,-0.000684459735229348,-0.0011303889669284084
2015-12-30,-0.007219843146743288,-0.000185066610727036,-0.007632082217105096,0.0002524191789778918
2015-12-31,-0.009932724156832662,0.0026920577715427996,0.0003944085609299819,0.0006277638355605131
2016-01-04,-0.0177355834376558,-0.00037024649672778853,0.014094227459880093,0.00037741647507805176
2016-01-05,0.0009121437277903599,0.0004626725375131979,0.0028185529910356166,-0.0001262631620102539
2016-01-06,-0.015123956126813498,0.0037955970884937518,0.014440762350867997,0.001131601440345742
2016-01-07,-0.023311844391489478,-9.189742215975905e-05,0.014139709399294764,0.0015062487158523652
2016-01-08,-0.011555242342793814,0.002213454529924608,-0.004427708091822691,0.0011275340266103662
2016-01-11,0.0011499471336320344,-0.002853114312671323,-0.008894799760520211,-0.00012568402215440422
2016-01-12,0.006508437016146784,0.0022156383326705775,-0.005060137388834152,0.0001256998206133897
2016-01-13,-0.02034978717968361,0.0023015628743678906,0.004893984653210337,0.001126082937563444
2016-01-14,0.014559950586380266,-0.00036751690324743347,-0.016233809757639994,-0.0003751197511588922
2016-01-15,-0.028319628521495832,0.0011951034225197166,0.010289314914859515,0.0011259022577310152
2016-01-19,0.005907795881461508,-0.0010096021280012746,-0.000960784707550344,-0.0007497975401963286
2016-01-20,-0.016053379588406802,0.0008267365920306968,0.013367949074563512,0.0011251782693575407
2016-01-21,0.005570961293688281,-0.0013774428446438058,0.001138797703897687,0.0002506223225247073
2016-01-22,0.025326239455913502,0.0007355744786039509,-0.004644969889963546,-0.001624028170626235
2016-01-25,-0.014858924770948523,-0.0005509005288607538,0.010285731724330338,-0.00012497063552119325
2016-01-26,0.016650426688938014,0.0012870181803623648,0.011406476843766722,0.0011259022577310152
2016-01-27,-0.008285121537462192,0.00018362341338029609,0.0037282274439893737,0.00012442371144594233
2016-01-28,0.005440084646834986,0.000825825987482709,-0.010678814187088714,0.0007505481134975067
2016-01-29,0.021449081004704107,0.0029354791394924362,0.0038482826092700595,0.0011225686162388282
2016-02-01,-0.0018916594861571046,-0.0012097975037188569,0.01028523735300313,-0.0008234450143042027
2016-02-02,-0.02122820351843524,0.0030277369956159816,0.00037013683482878257,0.0022491042690713225
2016-02-03,0.007745939943519131,-9.142468993572628e-05,0.010731831819877025,0.0006231789902468865
2016-02-04,0.0028825123058042745,0.0010058566499246968,0.012082377069329242,0.0006223105631708581
2016-02-05,-0.016670233195743456,-0.0009135047459273293,0.015827077912906162,-0.0004973588200577472
2016-02-08,-0.0163675976962967,0.003841792087779572,0.013443751249405,0.0014951601798249836
2016-02-09,-0.00554686626060108,-9.042559012673035e-05,-0.002196257541759894,0.0
2016-02-10,-0.00019921727071037232,0.0024593347172636726,0.007747818623272451,0.0006207046325306109
2016-02-11,-0.013349197277093272,0.0006370348465924991,0.0401886992042193,0.0002496254719341895
2016-02-12,0.017568679006519705,-0.002726086386850013,-0.005879363032051943,-0.0017399949392636893
2016-02-16,0.0200435056126671,-0.0024591830594432595,-0.030331226332987904,-0.00037298743073754803
2016-02-17,0.018093308204417236,-0.0005481111867290389,0.00618634429410414,-0.0004989225421703214
2016-02-18,-0.0042039428263775935,0.0030150092965886,0.02433319602449635,0.0012456171617509781
2016-02-19,-0.0017269700285409417,0.00018265620884161393,-0.006002190201855551,-0.0008707992929973818
2016-02-22,0.014033070651962465,0.0002730999598692385,-0.01777516528948675,0.000125391540938935
2016-02-23,-0.014786802992826531,0.00018220228438670105,0.014979681261872324,0.0006214775561377284
2016-02-24,0.0015392793240631697,0.00036424552576130864,0.003327072049028157,0.0
2016-02-25,0.010759110019974205,0.002547771408606625,0.0026358095143692584,0.0011203040259688546
2016-02-26,-0.0024711872388067935,-0.0018153835578672561,-0.006869043174790868,-0.0016156072235125052
2016-02-29,-0.005335388214726899,0.0011823443609884077,0.013064629590324062,0.000621940555348921
2016-03-01,0.02452120157826343,-0.0029943421918614543,-0.0073331317520045625,-0.0017559319903353021
2016-03-02,0.006357530392335109,-0.0010960332867719913,0.007726956678680841,-0.00024908295597902974
2016-03-03,0.007432100506772121,0.0011887650470772115,0.017273365743903035,0.0006237038344836243
2016-03-04,0.006270762598339141,-0.0015521082804141884,-0.0015737798071993048,-0.0007479900956622876
2016-03-07,0.0007331043281033622,-0.0002739448711484016,0.004977588099916774,-0.0007496318101597454
2016-03-08,-0.010805686848487706,0.0024691518572048654,-0.0046227304062674834,0.0009994369183108365
2016-03-09,0.005369151446190656,-0.00045588387636952277,-0.00829324916913754,-0.0004993697342284831
2016-03-10,-0.0005525252330563779,0.0004560918012679327,0.016056181130168712,-0.0009998396120679542
2016-03-11,0.020084895937122926,-0.0018252033733182627,-0.01720161594971703,-0.000249788843880272
2016-03-14,-0.0021675309791321373,0.0005489892619408021,-0.012896749587957723,0.00037577002609556764
2016-03-15,-0.006517054946280076,-0.000913675989044016,0.000763521980092996,0.0004993343011558959
2016-03-16,0.009475208774637256,0.004296755656961526,0.02229567034444102,0.0026232186604300267
2016-03-17,0.008844633489390574,0.002094433030108478,-0.003814570847019083,0.0012459777734552535
2016-03-18,0.0019680411162215083,0.0008172540724527,-0.002746975852867317,0.00024962828329777587
2016-03-21,0.0,-0.0021785172695597543,-0.007011719080860512,-0.0011202619969699068
2016-03-22,-0.0012497562119844208,-0.0006368997718599889,0.0029421526295789757,-0.0009956061421674267
2016-03-23,-0.010370337843108812,0.002185034809112585,-0.02263009809313088,0.00012423719413123813
2016-03-24,-0.0021678389378698704,9.031799406589158e-05,-0.0024011557999427113,0.0
2016-03-28,0.003078086095452681,0.0007267220628501825,0.0023209545157449885,0.0006234492158336824
2016-03-29,0.010469380763986402,0.0029950215406306935,0.01852490300494103,0.002865395844198426
2016-03-30,0.006252091841262297,-0.00036201292420146025,-0.013977800877817192,0.00037178758364619924
2016-03-31,-0.004793191135164521,0.0031679097918448917,0.004611451089358232,0.001242278650256834
2016-04-01,-0.0007134886358327597,-0.0008856836622799236,-0.006035354370591106,-0.00042187814945826574
2016-04-04,-0.003570322457435382,0.0009952593549562572,-0.006670647201412416,0.0001241201239099432
2016-04-05,-0.014331711366514455,0.0013559640746954038,0.013000448699038714,0.0018625860939167627
2016-04-06,0.011995724888709036,-0.00018101405942971827,-0.006119337058417829,-0.000743601636972735
2016-04-07,-0.012751417982173496,0.002167710874251272,0.01428081181871077,0.0013652386554692253
2016-04-08,0.010551108183679547,-0.0009911377561835355,-0.0015175811841288134,-0.0001241546137200622
2016-04-11,-0.0003601451834747138,0.0007213265167216321,0.013510077429689682,-0.00049614387707686
2016-04-12,0.012605937039421145,-0.0016225913389379398,0.0001666606070513943,-0.0011155216797075207
2016-04-13,0.012093133065246064,0.00045157942993934164,-0.010662277185778612,-0.0004960493299335234
2016-04-14,0.0014058277280719622,-0.0017138553101114784,-0.01397656040779005,-0.0002485060083881052
2016-04-15,-0.0015793359198530421,0.0028015007915611623,0.006916553277877435,0.0012420027706767645
2016-04-18,0.007205724686463633,-8.981201057933763e-05,-0.0015264612277036127,-0.00024837873820737766
2016-04-19,0.009422374232800124,-9.08251851842179e-05,0.015627688132066497,-0.0003723623488385286
2016-04-20,-0.0008642849153939203,-0.002433769495263083,-0.005101192515562847,-0.0014889895528406027
2016-04-21,-0.0048440696139954165,-0.0013551078855681409,0.0037824404776409803,0.0001235551755451869
2016-04-22,-0.00017410742047763161,9.02613092421678e-05,-0.012811914275298819,0.00012479503401841008
2016-04-25,-0.0036514734657114856,-0.001085606133913175,0.0028840781155776707,-0.00012477946216105096
2016-04-26,0.003490566726981781,-0.00045359265121136527,0.003975248058563308,-0.0013672467424342694
2016-04-27,0.0015648423035508063,0.002990936247834197,0.002864397439145794,0.0017430587521043428
2016-04-28,-0.009202750058497022,0.0019878283067336078,0.018901209532051544,0.0006215316660018733
2016-04-29,-0.004381254670036805,-9.085796979790839e-05,0.01945750344247421,0.0009931881171376666
2016-05-02,0.006160666467484699,-0.0006767431277617808,-0.0033158403319838436,-0.000571438115280154
2016-05-03,-0.014345652869329983,0.0018086757341342352,-0.002271979748055375,0.001366983504763386
2016-05-04,-0.009407175086631359,0.00045043946839551374,-0.006099544612754526,0.0007452596977335357
2016-05-05,0.00017910867721115942,0.002525268197939745,-0.0011455641166617792,0.00024704375342610163
2016-05-06,0.0028666422620282628,-0.0015288423441532917,0.009093148301192455,-0.0003713077033368206
2016-05-09,-0.0023224215802570836,0.0006304175079907548,-0.020539038586043668,0.0009923483154499202
2016-05-10,0.014323928020733456,0.000450691432279271,0.0027351995597273415,-0.00024825767385172615
2016-05-11,-0.007237360258177894,0.0,0.009423039824896007,0.000248319321028756
2016-05-12,-0.00017773925428088422,-0.0009002481511622973,-0.0078611125358784,-0.001239384187676107
2016-05-13,-0.011203947919179336,0.0018915499797571567,0.0045394140453900444,0.0003727294544209059
2016-05-16,0.012050206656718965,-0.0017082709284571562,0.0007394952589121484,-0.0007447046993344086
2016-05-17,-0.007641689469475299,-0.001351345685455696,0.0034482607423813594,-0.0012406094536406842
2016-05-18,-0.001253420416633344,-0.004149150364260001,-0.01734579222228738,-0.0018637926354052592
2016-05-19,-0.004662083400891248,0.0006336724406561522,-0.0019150352244893254,0.0003733110797521366
2016-05-20,0.006845594201414507,0.0006339123022951476,-0.0013348098643798378,-0.0003731717705954818
2016-05-23,-0.002326078621274319,-0.00018078076236394125,-0.002840166573309433,0.0002485352592136447
2016-05-24,0.013271433567086932,-0.000543081207669105,-0.017341037506874768,-0.0006219906881909099
2016-05-25,0.008318429353819878,0.00018091169970158028,-0.002728045068191687,0.0004974357269020846
2016-05-26,0.0019308955120906912,0.0015391656103180829,-0.003419400875365075,0.0004984437829480548
2016-05-27,0.0010512304530216898,-0.00018096677590817567,-0.008234680643287917,-0.0006217584507256513
2016-05-31,-0.002450376637240903,0.00063244656672512,0.003805525009163979,0.0002485352592136447
2016-06-01,0.0014036896775968533,-0.0005608444474708429,-0.0010339059082515867,0.0003491300797351382
2016-06-02,0.0017519692643033213,0.0025354590681667677,-0.0023288275554194104,0.00025011957759302206
2016-06-03,0.002797890445595419,0.005419881150126926,0.027751354156539287,0.003236583881619959
2016-06-06,0.00610404919127383,-0.0013473485405584018,0.0003364814640942626,0.0
2016-06-07,0.0039870274259012906,0.0008996259311404575,-0.0008408886281601191,0.0007450119272169875
2016-06-08,0.0037982891315895273,0.00035963585825471434,0.014812339174809175,0.00012363988687003058
2016-06-09,-0.0072242119466994215,0.0007190131336043404,0.005556461757929343,0.0004965211394498681
2016-06-10,-0.01749813702577363,0.0013467729541005724,0.004041219495006354,0.0011161127072851773
2016-06-13,-0.010580072422519127,0.000806632861976464,0.007392817000752894,0.0006185529780469157
2016-06-14,-0.006772309376315566,-0.00044786871493163183,0.0010599906561068462,-0.0007423508362160991
2016-06-15,0.003050469885707452,0.002151728787489926,0.007412264290884263,0.0016103147586761235
2016-06-16,0.0007154475170816355,0.0006260405971656446,-0.010511020767707824,0.00037079466539635675
2016-06-17,0.0026814673999402405,-0.000715285241203012,0.01282889140431287,-0.001236354098833381
2016-06-20,0.014084505874238484,-0.0027728561448085998,-0.005970132166106756,-0.000866056189060771
2016-06-21,0.004746843336097095,-0.0007176063940704802,-0.019235474102691663,-0.000247268696828562
2016-06-22,-0.000992643644594171,0.0006281072225895468,0.0004965672774475127,-0.0001244374612618948
2016-06-23,0.01845572338110868,-0.001704581742875022,-0.0065343333792947655,-0.0011150841489736552
2016-06-24,-0.05384219591901773,0.00539181349276463,0.049038376152841456,0.0033494628447860997
2016-06-27,-0.01860022912412862,0.004022353831566461,0.005396827818855421,0.0016072899232220106
2016-06-28,0.021767707907877742,0.0012467131963620481,-0.010735716822507735,0.0004931832950942905
2016-06-29,0.018916345041135152,-0.0007118283186459129,0.004149350816571085,-0.0009867088413585412
2016-06-30,0.013518604838407278,0.0020468860080997686,0.00500639622652943,0.000987683397299266
2016-07-01,0.0021342178063163963,0.0021529056155775717,0.015339625386899147,0.000988365783157752
2016-07-05,-0.012422655773453695,0.002662668950053515,0.008254789567508913,0.0006168378646933537
2016-07-06,0.0016173462009358985,0.0018596057036237568,0.005870043250717272,-0.00037044174971867516
2016-07-07,-0.0023323669909204314,-0.0007073141142701633,-0.003762499043616141,0.00012352634255408113
2016-07-08,0.015285070679458723,0.0015035158543466043,0.0060120143847071095,0.00024702217136263194
2016-07-11,0.008678789254703778,-0.0026491858021227,-0.009423926954219786,-0.0004930951902953895
2016-07-12,0.00965749196868293,-0.0030104034940133806,-0.016551874633622066,-0.0023445694229937697
2016-07-13,-0.0003477934001810956,0.001421001245569098,0.00920177573180525,0.0007426355016504349
2016-07-14,0.006089300745564019,-0.0008868208518199028,-0.007715129649756625,-0.00024783511351100795
2016-07-15,-0.0020754871111250406,-0.0036389065370782125,-0.003848311365095336,-0.0007412023965781556
2016-07-18,0.0031193078161209087,0.00017822381517307306,0.001576825791636871,-0.00012445506461000733
2016-07-19,-0.004663975812767784,0.002048445617669259,0.0013381467862105811,0.0009898372754937323
2016-07-20,0.005727117206792087,-0.0008885118322667918,-0.014307049036417885,-0.0006177108696270306
2016-07-21,-0.00293376288759839,0.0008893019876052843,0.015232503958900745,0.0009895881720571875
2016-07-22,0.003115369748042607,0.000177559029194585,-0.007462722347700734,-0.000494482501037341
2016-07-25,-0.0025877485985206228,-0.0011548244981153255,-0.006964758718206121,-0.0008655652147958603
2016-07-26,0.001729482781568592,0.0,0.0042241075487405855,0.000247992764111693
2016-07-27,0.001381641419814894,0.0029359980931840113,0.016111101422991103,0.0014835581978382972
2016-07-28,0.0005173610863711264,-8.896387485513024e-05,-0.002889909558035031,0.00012413701697200352
2016-07-29,0.00568771267797108,0.00266137426095292,0.010339903082906332,0.00148176826318136
2016-08-01,-0.0032561421375870703,-0.002331472976700555,0.0018607962561190128,-0.0007285047387071142
2016-08-02,-0.006189869771663248,-0.002931722168886264,0.00812570067976126,-0.0006176586527899541
2016-08-03,0.0010379645791012138,0.0010697370474808121,-0.004759425467430023,-0.0007420270541739216
2016-08-04,0.003629426522521184,0.001868606470939893,0.0016968857004249216,0.0014844457599525462
2016-08-05,0.006371495872940169,-0.003375632657366512,-0.01786395743940894,-0.0016056673840271207
2016-08-08,0.0015401321677714908,0.0006232747044916387,-0.000862411663815732,-0.00012362043033642411
2016-08-09,0.0056380751103299875,0.0025843200408457445,0.004080325118523742,0.0008661605497384262
2016-08-10,-0.0005095581343979028,0.0011549440914255804,0.004688953410549868,0.0006181168827787964
2016-08-11,0.006629271695491434,-0.0026635410736411957,-0.006922832969429749,-0.0014826114205305219
2016-08-12,-0.0016886924893535493,0.002403553207905862,-0.002114801025602908,0.001237422967489188
2016-08-15,0.004228756006773304,-0.0017754525903420637,0.0034536484045673,-0.0009889278170219784
2016-08-16,-0.004210948931186342,-0.000623444297529363,0.0049280733796905896,-0.0004948941838094356
2016-08-17,0.0010150225827187942,0.0018695297629871543,0.0002335080486637331,0.0006190424860252897
2016-08-18,0.003548394929428156,0.0014218520308648674,0.004747086461879935,0.0004948329027418819
2016-08-19,-0.003704442935175467,-0.0022181491796802177,-0.008829675348611454,-0.0008654109649012254
2016-08-22,-0.0011829208757370147,0.0015115407599457509,-0.00148474204574367,0.00024727142847336125
2016-08-23,0.002030499044914258,0.00026632414273897176,-0.00015649274735829444,-0.00024721030042917924
2016-08-24,-0.003714921915705882,-0.00035473645037120694,-0.011114635054762179,-0.00012387256426393822
2016-08-25,-0.0022034159834147804,-0.0010660160946547315,-0.0008706109240564919,0.0
2016-08-26,-0.00407686383284156,-0.0015988081498174989,-0.0014259708499476664,-0.0012372209501799736
2016-08-29,0.0044346429287907,0.0027589820057629666,0.0019833398964483884,0.0008666294305361699
2016-08-30,-0.0018680255028123982,-0.0005326482854780545,-0.010055457179525829,0.0002478679446795695
2016-08-31,-0.003912684404856592,-0.00017782276663991237,-0.001999520134694288,-0.00012378480633301603
2016-09-01,0.003586497394026278,0.0008722015192161869,0.0040872106204499214,0.0005082321163603076
2016-09-02,0.00782857897372713,-0.0013337277843376016,0.010216288370529014,0.0
2016-09-06,0.006923228332264442,0.002136850149828895,0.016907695537669243,0.0016102418915102668
2016-09-07,-0.0001676080794947854,0.0005332072765662499,-0.003418556588101307,-0.0002470766341873265
2016-09-08,-0.0026835648860963346,-0.0034631084952457813,-0.0053013792150961025,-0.0016078139973114691
2016-09-09,-0.02320908903427965,-0.0043659876949824206,-0.00658355954228651,-0.00037213259811685884
2016-09-12,0.011191594790993742,0.0008048713275441433,-0.0012623563085552014,0.000372271132340396
2016-09-13,-0.017708054119112804,-0.002771721525282933,-0.0066355664917512325,-0.0011155687274545523
2016-09-14,-0.0008668584795638035,0.0012552127170393224,0.0034194855282367875,0.0014881771081343143
2016-09-15,0.010583128610265113,0.0006271793425312033,-0.006419381491795106,0.0001239587377235285
2016-09-16,-0.0072102518551911965,0.0007156850716021346,-0.00247272219188599,-0.00024753160911172856
2016-09-19,0.0025935650214372608,-0.0008050863709557765,0.00207901920123299,-0.0001235004259758643
2016-09-20,0.003622152449345384,0.0003580545278480951,0.0009575705942728163,0.0002471497839009462
2016-09-21,0.015810207451280478,0.0025060237759084725,0.014588601451239303,0.00024827265807658705
2016-09-22,0.00727450939273977,0.002052730247759982,0.00235721740921524,0.0
2016-09-23,-0.0068861731546348,-0.00026702391514488166,0.0006271210413582029,0.000866785599640929
2016-09-26,-0.00896339013449432,0.0012472497467517218,-0.0007833801247610905,0.0006186301699702135
2016-09-27,0.005631497086517667,0.0012463216264060328,-0.007291260548213385,-0.000494739989670312
2016-09-28,0.006448345420410284,0.000266341202002085,-0.003159070582864132,-0.00024713769613748937
2016-09-29,-0.010453572288051993,0.0,-0.0011884132817953086,0.00024719878827639263
2016-09-30,0.006985826842609066,-0.0010664196230490974,-0.003410805950794571,0.0
2016-10-03,-0.0020304213640908175,-0.001131606213543579,-0.0025469571504198596,-0.0012753014606902147
2016-10-04,-0.004069104725348716,-0.003390526539927108,-0.03471112739159021,-0.000496800926446106
2016-10-05,0.005958603730147338,-0.0013428599066449554,-0.0015706575141682944,-0.00037254898012195614
2016-10-06,-0.0015232675900074266,0.0,-0.009273018119780652,-0.0008680249014717534
2016-10-07,-0.0040679586183896,0.0001798877741099325,0.000668512445361813,0.0007444813555277374
2016-10-10,0.004765089502177133,-0.0004485604963291312,0.0035076482865623593,-0.0006199593488708244
2016-10-11,-0.013888673969502108,-0.0015237049227182498,-0.005076569505331308,-0.00037272815783939706
2016-10-12,0.0,0.0003588011648345546,0.0015892497462293154,0.0002487758141980212
2016-10-13,-0.004294283905803331,0.0014359496537585947,0.002421921836488483,0.0006218441527849894
2016-10-14,0.0006902641004618015,-0.0017025542176989372,-0.0055819226506638175,-0.0007455595940363269
2016-10-17,-0.0029306491643918964,0.0017054578521582542,0.0026809625769763645,0.0014909269226361932
2016-10-18,0.008817551221011355,0.0016136885790403177,0.006183137214928136,0.0002480191924689734
2016-10-19,0.0034275842958038094,0.0005371791099404444,0.0057299655530487215,0.0
2016-10-20,-0.0015371599237535838,-0.0003576581523284661,-0.0030550965627722526,-0.000247957694201828
2016-10-21,-0.00034231767362824517,0.0006259687424630123,0.0007454362173064943,0.0
2016-10-24,0.003080185777411648,-0.0015196173429097293,-0.0022345797266349887,-0.0002488482919662527
2016-10-25,-0.0015353245248748149,0.0,0.007548139354159433,-0.0004949771312983131
2016-10-26,-0.004612977675481522,-0.001970977126161788,-0.00559809251948773,0.0001225609889083934
2016-10-27,-0.002059853803964451,-0.002511875752775672,0.0018213529185828747,-0.0009924564304042427
2016-10-28,-0.0032678249610058607,0.0,0.0047103519110967,0.0004969584576421937
2016-10-31,0.0003449342085926066,0.0012589653146533042,0.0029610183001298473,0.00012426683456912002
2016-11-01,-0.0062098426623919956,-0.0005399331689727171,0.006478603409139305,0.0002492141514276458
2016-11-02,-0.007290432054025908,0.0011712831786596656,0.007414617516698918,0.0004966446851017992
2016-11-03,-0.002797830066161189,-0.0013499271707181348,0.005338107937297831,0.0011188506309529611
2016-11-04,-0.0050849677527536885,0.0020718811532629555,0.0007240252267182168,0.000620336749840078
2016-11-07,0.020444150860408072,-0.0011684425356255357,-0.018007861361529542,-0.0009922546189216064
2016-11-08,0.005526805597865891,-0.0016201378305785719,-0.004175211869501427,-0.0012413726318650786
2016-11-09,0.0030916667724636415,-0.009285271820677399,-0.0006576934516286936,-0.0032321019745478186
2016-11-10,-0.0027397042745078704,-0.004094666855056994,-0.01488974658560116,-0.0011229171539716143
2016-11-11,-0.005494461749356416,-0.001827354574707729,-0.02212944906788228,0.00012476333062849676
2016-11-14,-0.002762329560897392,-0.004026990322933077,-0.008454294420749409,-0.0022470667610051676
2016-11-15,0.00865633022562906,0.0007348729682146171,0.00869866618655779,-0.00012496906344605652
2016-11-16,-0.00411939240459247,0.002204102582102241,-0.002988440021410743,-0.00025092390228553807
2016-11-17,0.004826021952144988,-0.003756831759636148,-0.005138293152093909,-0.0013761313505170625
2016-11-18,-0.004802843324826611,-0.0032187435120820673,-0.008780207102896176,-0.0011286071343483695
2016-11-21,0.007756007800318709,0.0008294421687511377,0.0037342622620732957,0.00025107831465853714
2016-11-22,0.004104596707041885,0.0009226630849898942,-0.00034608855246265335,0.000250417207507736
2016-11-23,-0.0023847689451582665,-0.0035008048579393547,-0.019819983532816443,-0.0013793714576958438
2016-11-25,0.0037562283739194235,-9.248660123484242e-05,-0.005651208738617575,0.0001254399754748725
2016-11-28,-0.003742171921567561,0.003513243502654584,0.010567466787642088,0.0006283784471461384
2016-11-29,0.00256118950184292,0.0011057795114182145,-0.004657349687858581,0.00025116960194471183
2016-11-30,-0.0025546465678724095,-0.003957424472835203,-0.013419234467324848,-0.0011296803135111277
2016-12-01,-0.004780469023363376,-0.0032953196108768124,-0.0018791864382340373,-0.0009055568084493926
2016-12-02,0.0017156350803306797,0.003158107357658313,0.005379222424209074,0.0011332417006093554
2016-12-05,0.006850315118741124,0.0008325030644524833,-0.005350441210868029,-0.00012614573646274607
2016-12-06,0.005443294042128954,-0.00018483653190137783,-0.0009861987578327902,0.0007549939535815842
2016-12-07,0.013703140181602569,0.0025912386808268906,0.003589711251758221,0.001005121338231163
2016-12-08,0.0018358383129135625,-0.0018462327268733425,-0.0023249765892274787,-0.0007527104869731183
2016-12-09,0.004664278125545929,-0.0030510184232656057,-0.010486673587394413,-0.0003770275549538349
2016-12-12,-0.0031503979712490526,-0.0009270521713402591,0.003804331187865717,0.0
2016-12-13,0.00798396868144291,0.0012995037230503215,-0.0033387723118656343,-0.000754159997529813
2016-12-14,-0.012046133612930943,-0.005468883212558562,-0.014667226454941784,-0.0030191562758908885
2016-12-15,0.00150319241476371,-0.0012117827465927267,-0.01369112807217554,-0.0006307555088693739
2016-12-16,-0.0020011462028870497,0.0006533617329640418,0.006614558767378709,0.0002529182364867655
2016-12-19,0.0011697526978462491,0.002611833650643103,0.004997623978540311,0.001135861347400846
2016-12-20,0.0035051579255986898,-0.0009305469066978045,-0.007367118973593101,0.0001263437225085262
2016-12-21,-0.0024677429811627016,0.0021409125250309025,0.0005566152526592649,0.00037706286333483163
2016-12-22,-0.001683067761122592,-9.277538587371126e-06,-0.0024107755207141146,-0.00041621456274643087
2016-12-23,0.0006744081100737986,0.0002795348310327128,0.0031601819765598727,0.00037911821436464876
2016-12-27,0.0013474474055661378,-0.0007452488185000217,0.005837091185366683,-0.00025256970173859195
2016-12-28,-0.004878612833542628,0.0015848928477846247,0.0027634769574851337,0.0007576604960881639
2016-12-29,0.001859548668212918,0.0030683903526322887,0.01313614088883086,0.0018912781024882364
2016-12-30,-0.0015185900631216054,0.0020401367950431126,-0.006165566230220687,0.000125683606602367
2017-01-03,0.007774238954373791,0.0010180837565207934,0.00784600497730814,0.0001264457558178833
2017-01-04,0.0085527603553468,0.00027733494656123625,0.0035303646722089077,0.0
2017-01-05,0.003824196915622302,0.004158962879925676,0.015515074970534615,0.0015103959615232476
2017-01-06,0.00016591446333347193,-0.003313224977155138,-0.00737255123072611,-0.0011308944114793995
2017-01-09,-0.002318725765307894,0.0016619814565412838,0.008232645807116912,0.0011321747816126493
2017-01-10,0.0,-0.0002761086644662569,0.0042602588509306205,-0.0003766859984351001
2017-01-11,0.00547800619814276,0.0011987307621490473,0.0030932255360247574,0.0005026962472718388
2017-01-12,-0.0004952737219028336,0.0003679891978194405,0.003612367067042932,0.0005023839342277459
2017-01-13,0.0026426685632889857,-0.0017491862495320198,0.0026336178800692167,-0.00037662860675780063
2017-01-17,-0.0031300662462869777,0.003412791452601427,0.01435950794847174,0.001632632387678079
2017-01-18,-0.0016525245257026366,-0.004320487173942955,-0.008459177733679324,-0.0021319503881452873
2017-01-19,-0.0028140095690782907,-0.0025850897395438555,-0.0008706024299159898,-0.0008795933564437197
2017-01-20,0.004150016136434731,0.0003706245507826278,0.0024397178433508415,0.0011321747816126493
2017-01-23,0.00016528450817943074,0.002775658315447238,0.006431967354547874,0.0016335207881381653
2017-01-24,0.0054547655422962915,-0.0015685806574322614,-0.004490925540628465,-0.0007530977003201711
2017-01-25,0.009863433353291429,-0.0026803428511239513,-0.008241493674922662,-0.0012547756956376999
2017-01-26,-0.0019535081064810944,0.0006491987998684667,-0.009272197003353688,0.0005026962472718388
2017-01-27,-0.001957257578020455,0.0008332991199708761,0.0020306880028346797,0.0003769372919115721
2017-01-30,-0.006373617583837032,-0.0004624868073264121,0.004229477187141839,0.00012539937461530926
2017-01-31,0.0014803500679649861,0.0024065606306822307,0.01386331327657886,0.0006278138554307588
2017-02-01,0.000492596117499966,-0.0014070351203988585,-0.0030290445198764004,-0.00040187098240895835
2017-02-02,0.001313241563722256,0.0005564021209065739,0.005555550404536813,0.0005027943799014167
2017-02-03,0.005737784743514718,0.00027744781163385746,0.0025034610211955854,-0.00037724934099203633
2017-02-06,-0.0037489949840399106,0.002870737724544492,0.013519329475210284,0.0017594702310874677
2017-02-07,-0.0008181273137977119,0.0010151555499378073,-0.0020390643159919897,0.0002510731380698239
2017-02-08,0.0026198828806436314,0.0028587919107605497,0.00621491028966048,0.0011282946417976447
2017-02-09,0.0040829167893980944,-0.002390424913527478,-0.00761487018603868,-0.0011270230277543591
2017-02-10,0.004066388352998329,-0.0001847847875923181,0.0026430007347089113,-0.0006272274616265783
2017-02-13,0.004697850973031548,-0.001474701119997257,-0.006802682251218939,-0.0003766322768437025
2017-02-14,0.0020961316177030564,-0.002216236727391685,0.0011129901542927811,-0.0008785832527542503
2017-02-15,0.0048270466259052736,-0.0015729109655469031,0.004447076385095894,-0.0007540916454094049
2017-02-16,0.0001602427181885968,0.0021313922644663474,0.0053640263872474225,0.0012574095428390386
2017-02-17,-0.0006405768745776363,0.0022193752108856657,-0.0033875467452245678,0.0010054278550042373
2017-02-21,0.004325499503482488,-9.185244075149424e-05,0.000594830851824435,0.0
2017-02-22,0.00031911341325541187,0.0006457792220604386,0.0013588421410561935,0.0006268674183751433
2017-02-23,0.00047851741855620133,0.0016605908867888264,0.008735465586520608,0.0006269511084135981
2017-02-24,-0.002550219753904348,0.0036829143081746896,0.00638973004234078,0.0016300751786626488
2017-02-27,0.0007988949359030162,-0.001834563277974377,-0.004845398633643638,-0.0015016967021851402
2017-02-28,-0.0033531015353976956,-0.0002758136388107957,0.0009234436519076628,-0.0008780708528676184
2017-03-01,0.012335802524555017,-0.00469853561788558,-0.0014258642418293332,-0.0018202808698801753
2017-03-02,-0.006330183670202216,-0.0018516213856759611,-0.01243067157641009,-0.0007548463120140569
2017-03-03,0.002389104310819512,0.0007419304823192974,-0.0005953367386810626,0.0006297227715061915
2017-03-06,-0.0028599620276135163,-0.00046231685475950357,-0.006722839768239397,-0.00012609205686875402
2017-03-07,-0.0023900286751257216,-0.0012983608125748392,-0.008053482107396648,-0.0006289880597308839
2017-03-08,-0.0033540273756519356,-0.0024134814520606618,-0.0062187012290060295,-0.000881459993958722
2017-03-09,0.0006409012506176648,-0.0030707327599180934,-0.005127727710842134,-0.0007561183121335135
2017-03-10,0.005445337042235154,0.0014938329954172769,0.002183978311645074,0.0006307747744642711
2017-03-13,0.003822856307350575,-0.001677951345699591,0.0001743082536056484,-0.000504481057928885
2017-03-14,-0.005712590956112096,0.00037313425922747,-0.005403478549159679,-0.00037865643295476037
2017-03-15,0.011969433202333457,0.00578605379907704,0.018664539100545774,0.0027757516149851114
2017-03-16,0.002050254292937481,-0.0011130083227501864,0.004129061134912737,-0.0006293070945231349
2017-03-17,-0.00047226666450950194,0.0021360500264298032,0.0022273151662723922,0.0007558589817899808
2017-03-20,0.00015756822381796098,0.0014828045442505378,0.004444860945005402,0.0006288698074241594
2017-03-21,-0.009603272777947036,0.0020363196477248824,0.008765200923941618,0.0012566510479117277
2017-03-22,0.0019074059264938548,0.0013855824455006882,0.0024464392887426634,0.0003770521264441218
2017-03-23,0.0004759436638583914,0.00027676966238399103,-0.001346492128619703,-0.0002514320735181874
2017-03-24,0.0003172410101883738,-0.0008302622444694707,0.001601099219161961,-0.00037640940673422385
2017-03-27,0.000792706780336383,0.002399541465327504,0.005636868294673025,0.0007538170325958049
2017-03-28,0.004435151845983976,-0.0023015280362894686,-0.004099371444605038,-0.0010041735815691233
2017-03-29,0.00047323493126572025,0.002214904423243569,0.002436163586164053,0.001005182959741946
2017-03-30,-0.0004730110858970349,-0.0018413547781027662,-0.007206910225050822,-0.00012558121485961582
2017-03-31,-0.0023655290425073083,0.000737754195679452,0.0021102388572973307,0.0005017927035413372
2017-04-03,-0.00015811901220419422,0.003713125307094778,0.005306580584065079,0.0016583576250539522
2017-04-04,0.0003164318682273848,-0.0009202909063339426,0.002262289701825848,-0.0005017798096587089
2017-04-05,-0.002687166499142579,0.001104746112250421,0.0,0.00037628608486683923
2017-04-06,0.0009509035061097126,-9.220354351335835e-05,-0.003678334988324705,0.0
2017-04-07,-0.0009500001476385744,-0.002207986456127964,0.0023493772325884343,-0.001254013168860979
2017-04-10,-0.00031682366078022994,0.0012910857823218436,0.0,0.0006279722811917132
2017-04-11,0.001268128940143276,0.00285509444885923,0.014481863135711759,0.0013801013611871582
2017-04-12,-0.0023748203220667063,0.002203636331889136,0.006848701913851674,0.0010035247426487537
2017-04-13,-0.006665686804329662,0.0012833767099476034,0.004753334264967268,0.00012464771602327396
2017-04-17,0.007828806948513067,-0.0005493783469530111,-0.0029363834815018253,0.0002503316212121298
2017-04-18,-0.0049144503314362264,0.004029205779931377,0.004744779460001958,0.001501732380548626
2017-04-19,-0.0025490011502571353,-0.0015503045653967318,-0.008874746300268521,-0.00012465090643587473
2017-04-20,0.007985921309167754,-0.0015529830997195182,0.0018893922713916211,-0.0009999361868807677
2017-04-21,-0.0014260210754166724,0.00027422631398521524,0.002869780885113693,0.0005015351217390052
2017-04-24,0.015233190929377027,-0.0014629545015082401,-0.006785988212145488,-0.000501283710352296
2017-04-25,0.006720968677188965,-0.0032975359544432647,-0.010125150830952667,-0.0015018796308596816
2017-04-26,-0.0020182815532074905,0.0012867593194043625,0.0049064144523129904,0.0008775823638464963
2017-04-27,0.0003110783741300249,0.0009170237969946538,-0.003723907331012466,0.0003755567240069091
2017-04-28,-0.0003109816344688543,0.0017426557303337198,0.0031563855415273068,0.0003749415746669982
2017-05-01,0.0026445199999123314,-0.0025778017720381463,-0.009108209859209682,-0.0008007921182527911
2017-05-02,0.0029479440050850236,0.0013799741889846118,-0.00016709821486060594,0.0008770945732323732
2017-05-03,-0.0029392791746627456,-0.0010100722260630857,-0.013957360197643709,-0.0013776422187208315
2017-05-04,0.002172228700435763,-0.0008281337266998756,-0.010086475737808298,-0.00025106325168433585
2017-05-05,0.0066572129032040905,0.00018411152958219823,0.0018837333588364036,0.0002511263002700215
2017-05-08,-0.001999277187630266,-0.0019312244126400424,-0.002222050521183294,-0.0003760016278769873
2017-05-09,-0.00030808404112048215,9.1989214856536e-05,-0.005995691205500586,-0.0005023153747674147
2017-05-10,0.0023120786598989085,0.00027630654107002606,-8.618815999517082e-05,0.00012516693873254603
2017-05-11,-0.0013840611617355059,-9.213743554936649e-05,0.003964142371969848,0.00037735365137736565
2017-05-12,0.001232347572035053,0.0036857459722579033,0.0028326337429587234,0.0015048096222356477
2017-05-15,0.00553758392910475,-0.00036695802861985705,0.0026534071191921527,0.0
2017-05-16,0.0018356264050753968,0.0012859589796327953,0.0043537829852127174,0.00012515312294958392
2017-05-17,-0.015116795309406572,0.00513650456658743,0.018189539837597968,0.0022555553448864174
2017-05-18,0.001240210405581088,-0.0005479782604932426,-0.008181011348557088,-0.0007501991663507734
2017-05-19,0.0103747591642942,0.0,0.0049659454541624015,0.0
2017-05-22,0.003984877236822726,-0.0006390419729588315,0.004187604636601616,0.00012565952020548998
2017-05-23,0.00045764810811355083,-0.001918080987326931,-0.006338633249028169,-0.0006258524873968829
2017-05-24,0.0019836921103300043,0.0017387804205166724,0.003944948993712671,0.0007510197780773442
2017-05-25,0.0030454244587612145,0.00045698866232890545,-0.0010868426783263718,-0.00012468171561563768
2017-05-26,-0.0006073460909389317,-0.00036571275086572097,0.00887175702052101,0.00012469726308439455
2017-05-30,-0.0004556309182268681,0.0019193400460577603,-0.003318413164433487,0.0005002646824845414
2017-05-31,-0.0015198076878142341,0.0010028890847386673,0.003995366733579031,0.0002499481540843007
2017-06-01,0.008219384268296048,-0.0004562449152953896,0.0008290372396291268,-0.0001378272095970967
2017-06-02,0.005585557140080022,0.0032885703603917626,0.0073724269437449585,0.0005006678329606551
2017-06-05,-0.0010508943152278682,-0.0015479131315783157,0.0009867835373715828,-0.00037516526473024836
2017-06-06,-0.002554768900808857,0.0020060651282458597,0.011254375087548674,0.0008760293729304092
2017-06-07,0.0006025649996774796,-0.001182816799874864,-0.005280272412152454,-0.000750427563013023
2017-06-08,0.0007530266444990552,-0.0010022997105215703,-0.006533241668445489,-0.0005005425597687241
2017-06-09,-0.0034607411820193335,-0.0008212050023362893,-0.00912454251071615,-0.0003750923540758455
2017-06-12,-0.0018117222322610038,0.0,-0.0014932827593217013,0.00012515656400036157
2017-06-13,0.005596609283188059,0.0002740499780760075,0.0009970317877492363,-0.00012514090179516213
2017-06-14,-0.0013538016057321745,0.003193854468674484,-0.00547811789275976,0.0010012525120033366
2017-06-15,-0.005422478961455868,-0.0006368807498421392,-0.004172926066378535,-0.00037509412806335796
2017-06-16,0.0036346261431443594,0.000637286625426059,0.00016758836001962152,0.000625982568011052
2017-06-19,0.005885109807335809,-0.0013643472703278592,-0.007625239321596311,-0.001125591136197257
2017-06-20,-0.007857131549224627,0.001547809939644873,-0.0021109516115493943,0.0006259410702267321
2017-06-21,0.00045874815537838565,0.00018239410829368197,0.0028769363429739236,-0.00012529903323521552
2017-06-22,-0.00015289176486732448,0.0004543779603378706,0.0033749707830614817,0.00037523487646207165
2017-06-23,0.0016810352355272062,0.00018156109925304698,0.004288615406013774,0.0003755668364793241
2017-06-26,0.002441300774144839,0.0009091638917768652,-0.008959220397639522,0.0
2017-06-27,-0.00426176913234011,-0.002995984853930489,0.0038019343183648413,-0.0012503168910676932
2017-06-28,0.007795945340979271,0.0003639960662566999,0.0007575454013519778,0.0008759863125660239
2017-06-29,-0.0091007554542063,-0.0019111366771029648,-0.00487806411784153,-0.0008752196321477612
2017-06-30,0.0024491481211950106,-0.001277220176104099,-0.00253552275635216,-0.00025075492609238914
2017-07-03,0.0012217883062508594,-0.0017840740908483532,-0.016353163532217163,-0.0007893662709187454
2017-07-05,0.00015245140765762777,0.0005499616776745153,0.003704025486608087,0.00012515277044666817
2017-07-06,-0.007471998698255211,-0.0019240332323505749,-0.00042907160833882685,-0.00012513710919070942
2017-07-07,0.0038407744969808366,-0.0003673567529962618,-0.010217244173899132,0.00012515277044666817
2017-07-10,0.002448979985274047,0.00045875476589452013,0.0016481821948142183,0.0005018507150988949
2017-07-11,0.0015266929151434017,0.0009185339006747562,0.0012990519121256483,0.0006267916573876597
2017-07-12,0.008841567808864248,0.003025943854637836,0.0035460648934033667,0.0008775735782355909
2017-07-13,0.002266237111702596,-0.0010971872566504226,-0.0018098688846157618,-0.0003759588605067865
2017-07-14,0.005879924446897888,0.0010068897194577264,0.008202356680584888,0.0006270307581930368
2017-07-17,-0.0011991292961972544,0.00045750305002023595,0.004453235312239068,0.00012509132316251836
2017-07-18,0.0018007183836172835,0.002284220934525072,0.006991215691223296,0.000250151354561412
2017-07-19,0.005542246242852933,0.0002740201692841282,-0.0002539901713813908,-0.00012516247506200173
2017-07-20,0.0010425618835567807,0.00027376570194759253,0.001354979930841882,0.00025047437792369287
2017-07-21,-0.001339184129985238,0.0017312824699533547,0.008626558617128355,0.0010012924358324682
2017-07-24,-0.0007451676221584824,-0.0009096217679713803,0.00041921366315400554,-0.0006254619017863616
2017-07-25,0.0020877032600841172,-0.0035513909158941814,-0.0032687905257637873,-0.0013764525008228556
2017-07-26,0.002976344092932015,0.0019189299744326593,0.008072646310579579,0.001629367039300611
2017-07-27,-0.0019287257861346774,-0.0014594169278900893,-0.0007507202198243634,0.0001247145399809746
2017-07-28,-0.0010407933757310417,0.0020096424006772473,0.00751316068954333,0.0005006835439334001
2017-07-31,0.0011904974696823611,-0.0004556781670687071,0.0004971211979458712,0.00012451866931040279
2017-08-01,0.0032701590265777902,0.002741417835674387,-0.0008281447132181263,0.00040015506303436865
2017-08-02,0.0005925697050854772,-0.0007289447073288713,-0.002072109381170417,-0.0002497317063570037
2017-08-03,-0.0020729322316149768,0.00200644088750912,0.0015780299800982611,0.0007504432106284487
2017-08-04,0.0019287925332893696,-0.0016381918216437086,-0.007794965092940864,-0.0007498804679225701
2017-08-07,0.0008884930852162132,-9.167727058145836e-05,-0.0011700742821817434,0.0
2017-08-08,-0.002811074919000345,-0.0009114845531572602,0.0029286123995055924,-0.00012542751745348024
2017-08-09,-0.0011868979072897634,0.0009123161152038151,0.012097421498902916,0.0003752686743323519
2017-08-10,-0.014557478450133776,0.001002991155645061,0.007419021877765664,0.0006261559961655561
2017-08-11,0.000150953222810557,0.0008200508148852315,0.004745944156777204,0.0007496685381487289
2017-08-14,0.008892148877893913,-0.0004547338301145176,-0.007085289845225606,-0.000374730015497593
2017-08-15,-0.0013446541998064498,-0.0014572766594762587,-0.007709931316675078,-0.0010000470942828077
2017-08-16,0.004637523861591886,0.0018238513152852853,0.007356582616572016,0.0006261559961655561
2017-08-17,-0.013103200937049198,0.0014568359068622971,0.00508734802014188,0.0007496685381487289
2017-08-18,0.0009051816763969711,-0.0006368122650667329,-0.0015511047050799087,-0.00012545923257556435
2017-08-21,0.0009045665045241957,0.0007278664519565492,0.0037612352656932746,0.00025047912371856107
2017-08-22,0.00813252148817556,-0.0009092159315550186,-0.00448031151993189,-0.00025041639963818696
2017-08-23,-0.0016432496920965045,0.002274661768558728,0.003764005301683193,0.0008753821631084513
2017-08-24,-0.0005986451488302347,-0.0012708840290696077,-0.003097719565419932,-0.0008746165393903604
2017-08-25,0.0038928170607688273,0.0007271818041960643,0.003679752595251218,0.000624785333034783
2017-08-28,-0.0008946524288062641,0.0003628362577661193,0.015887278895027057,0.00037513119004684015
2017-08-29,-0.0007465022982681147,0.0014526905304759197,-0.0021654043401579948,0.0008732140473870498
2017-08-30,0.0029877022744200232,-0.00018104475641778084,-0.00048221796718150856,-0.0004983762825523375
2017-08-31,0.006106960558741159,0.0013595949774396487,0.011740101940391323,0.0003744975403174866
2017-09-01,0.0023683907150719996,-0.002267952900903758,0.0019074699121892635,-0.00046213039409159773
2017-09-05,-0.007679713950488165,0.004091594765845308,0.011105834943620163,0.0011247668295353286
2017-09-06,0.004613720507243402,-0.001086131111173616,-0.005099651110527015,0.0
2017-09-07,0.0038517364071868343,0.0024476292972102076,0.010409331674411826,0.0011227986125299516
2017-09-08,-0.0010332006500626267,-0.00117558446222088,-0.0012487602904230899,-0.00024983045543502946
2017-09-11,0.009159483761268072,-0.002716830971944084,-0.01390950036975469,-0.0011218196144093806
2017-09-12,0.00409913232771264,-0.0014526866161369556,0.0029320477853171933,-0.0004992900004581191
2017-09-13,-0.002624089532822449,-0.0009999522432145858,-0.007506297144185381,-0.0007494853897941356
2017-09-14,0.0004383673925156817,0.0005456501258929158,0.004378656548724491,0.0
2017-09-15,0.0018994827414735571,-0.00018113049855184027,-0.004993697404288455,-0.0006249220170468917
2017-09-18,0.0018956191142021073,-0.0004551371612225852,-0.009320466663927607,-0.0002502898573065737
2017-09-19,0.0020378656657551453,-0.0005463240906892208,0.0020907215740946228,-0.00037546992591830364
2017-09-20,0.0004360214636009996,-0.000819621729935549,-0.008024393981386213,-0.0007505154347844378
2017-09-21,-0.002758828640317623,-0.00018220817552005997,-0.007603967161635139,-0.00037636440936006377
2017-09-22,0.0001454825379358926,0.000728965525558678,0.004564701313993336,0.00025037538626060396
2017-09-25,-0.004221851062483739,0.0023684834234281027,0.010467388330802407,0.0012532134660698802
2017-09-26,-0.0020468033955889364,-0.0003633566567340374,-0.01116196421162674,-0.00025011711366029754
2017-09-27,0.0014649633337366907,-0.0029096025794158598,-0.009420139990778287,-0.0006257435487488916
2017-09-28,0.0011704273899357798,9.17628091321454e-05,0.001885519931214219,0.0005006726684557705
2017-09-29,0.005552126856025019,-0.0008206970027941907,-0.005155038524977895,-0.0010010797343170674
2017-10-02,0.0011622773157067279,0.0006124964110840736,-0.006662322551317712,-0.00012552555723921444
2017-10-03,0.003919209336211704,0.0008229236191232836,0.0004968550936175209,0.0002506111150861745
2017-10-04,0.0007225197618163648,-0.0002742013739890359,0.002813840376879373,0.0006276671582174931
2017-10-05,0.003900570546831794,-0.00045656199351828963,-0.0053643767904709705,-0.00037629339814138074
2017-10-06,-0.0012951168236808863,-0.0014620767422753866,0.004729503075844965,-0.0006268026467095567
2017-10-09,-0.0018732078702604626,0.001372407530496833,0.0081757826666502,0.0005022281955153751
2017-10-10,0.005630494816036391,9.168418212834872e-05,0.002621229439913275,0.0005013869151566652
2017-10-11,0.002583653082413928,0.00018263673294693916,0.0031862694835504968,-0.00037629339814138074
2017-10-12,-0.0001430661886284712,0.001187458006358888,0.000814386133850542,-0.00025107451882289133
2017-10-13,0.0024344703686920433,0.0024633818779078442,0.0075677460313676725,0.0007528234710276749
2017-10-16,0.0010000096401958647,-0.0010005734092966012,-0.006864791440930884,-0.0005013085011534857
2017-10-17,-0.0009990106199451176,-0.00036486539585400823,-0.006830966568647456,-0.00025107451882289133
2017-10-18,0.0015713519089193273,-0.0015491270250289624,-0.003766470931119148,-0.0005014501986886355
2017-10-19,-0.0008556688462105777,0.0007302370449431272,0.005917656213846323,0.000376600581950548
2017-10-20,0.003854353278682554,-0.002919351986998775,-0.006373059753138954,-0.000752917614689097
2017-10-23,-0.004835077209805361,0.0010977610327220777,0.0015623915833617996,0.0003767424633813743
2017-10-24,0.0005713769954158732,-0.0021023156751566185,-0.003858794818776823,-0.00025032029914862086
2017-10-25,-0.0035701591823129597,-0.0006406029997021445,0.0001648120231156902,-0.0005025350244267646
2017-10-26,-0.0002866128582459382,-0.0010997510594468185,-0.00840541125580585,-0.0002509808548925019
2017-10-27,0.006308322605112826,0.002201475120209073,0.004736970715121469,0.000627550641637109
2017-10-30,-0.001567290425139256,0.002746895665945326,0.0019023633137824625,0.0008786332528891716
2017-10-31,0.0031391161930698352,-0.0006395376760357507,-0.003797565383496959,-0.0003758224873368077
2017-11-01,0.00170703251962534,0.00043940522451824116,0.003646328400454868,-0.00032739147862581586
2017-11-02,0.0014200922903471191,0.0005493054794738494,0.0006605716344769696,0.0
2017-11-03,0.0009924444211666383,0.0009144413282859976,-0.004703355749991034,-0.00025060667453435936
2017-11-06,0.002833472500212597,0.0009135167309259895,0.008539203746006141,0.0001256296522782474
2017-11-07,-0.0012712693259437913,0.00027408994033795153,-0.003616953850285376,-0.00012561387145137992
2017-11-08,0.001979898762046295,-0.0006391304762114469,0.0034650455582678763,-0.0006286201098509858
2017-11-09,-0.0047994594376614685,-0.0007303418545229201,0.004110828013571766,0.0002512993142445019
2017-11-10,-0.0017018707816162104,-0.0040212428345918205,-0.008187996581421442,-0.0006290935035209166
2017-11-13,-0.001421090849586304,0.0,0.0014860093226882753,-0.0005027886586087549
2017-11-14,-0.001992115266537975,0.0010095039311113219,0.0020608359165059653,0.00037745839717340246
2017-11-15,-0.004989812370201241,0.0019249334108637495,-0.0012339083538733808,0.0003779064549256361
2017-11-16,0.010030057684531357,-0.0010977848973651172,-8.23831309511025e-05,-0.0005033701243692956
2017-11-17,-0.0015603650803710511,0.0010989913534753537,0.012026351450757033,0.0
2017-11-20,0.0019890286059094375,-0.0005490263575502752,-0.012616010451388715,-0.0005039779652848964
2017-11-21,0.007657330382559779,0.0010069226040680945,0.0016487064682373376,-0.00025205695849139786
2017-11-22,0.0012666923660196172,0.001737431772274034,0.009217308019892956,0.0011341285826407255
2017-11-24,0.002810980661537954,-0.0001828750885648489,-0.002527909692056296,-0.00012609454611567372
2017-11-27,-0.0036442144084584127,0.0,0.004169409233999888,0.0002523389768545048
2017-11-28,0.007877542132434412,0.0,-0.0001628614521104188,-0.000126196684556934
2017-11-29,-0.0037684708851263293,-0.0024649442378420483,-0.0062698205225436565,-0.00037722104385740085
2017-11-30,0.004763465392711774,-0.0016475651992645668,-0.007702412605330111,-0.0008815775797719194
2017-12-01,-0.0025099453148816897,0.002858005515260942,0.004046225185331043,1.2767200966212755e-05
2017-12-04,-0.0025159465697943695,-9.23280971258933e-05,-0.00337195530112111,-0.00025250363978790435
2017-12-05,-0.00294285323238197,0.0010077627889122365,-0.007096885692240984,-0.00012581073430428802
2017-12-06,-0.0019677560151994955,0.0010071047227597774,-0.002077792558461522,0.0002520079034220579
2017-12-07,0.0026755605360142543,-0.0012801401191622208,-0.01315900587216201,0.000252417324459131
2017-12-08,0.0057583479142819805,-0.00036640143422539406,-8.434894941455884e-05,0.00012611771380610648
2017-12-11,0.003770451339051517,-0.00036635737055645823,-0.003966924437765251,-0.0006302726836415751
2017-12-12,0.0,-0.0004579361185805819,0.0011863349471583629,-0.00012724566123045733
2017-12-13,0.002365415884849842,0.002841075936905302,0.008633065001213636,0.0013894723695115907
2017-12-14,-0.005135451618410003,0.0002746606014676356,-0.002013911785324396,-0.0006305838977761491
2017-12-15,0.004045555697327341,0.00027431825063439774,0.0021020768465358497,-0.00037842361391715595
2017-12-18,0.009170604408896166,-0.001279415299291431,0.004614893860962033,-0.00025194441143905344
2017-12-19,-0.0032101424297072967,-0.002926393664254401,0.0007516606979649509,-0.000631143210024887
2017-12-20,-0.0006970271917658977,-0.0022935134437406246,0.002670670135530351,-0.0005058724394423342
2017-12-21,0.0033481512693038784,0.000882984419291466,0.0014150005810633637,-0.0002526498637537289
2017-12-22,0.001112408821552613,0.0004591726376403926,0.005236513137702126,0.0002527137118386591
2017-12-26,-0.0011111727431907248,0.0008269897849013663,0.006862859144246114,-0.0001767601905269256
2017-12-27,0.001112408821552613,0.003120291777567452,0.0037776687734956127,0.0011391384158563334
2017-12-28,0.002222407393604353,-0.0007315567802594902,0.005072364396301321,-0.00025311667649763336
2017-12-29,-0.0009702822942073697,0.00100642644102944,0.006512031434223742,0.000379416214855377
2018-01-02,0.009432775246013492,-0.0014629796954694907,0.012131014811884722,-0.0006321205213166703
2018-01-03,0.005084664266194583,9.157576931895228e-05,-0.002636850395774437,0.00012638573138223919
2018-01-04,0.006973077586175824,-0.0006411500078817856,0.00512737855482448,-0.0007584552077770645
2018-01-05,0.006516883825520514,-0.0006415613449430868,-0.0010361649479244672,0.00012587361081650705
2018-01-08,0.0009442568003295015,-0.0002753226783576146,-0.00015961279955856167,-0.00012585776864482145
2018-01-09,0.0012132681811662938,-0.0027520204373550072,-0.0046284750854691525,-0.0005062179550713308
2018-01-10,-0.002288478349694034,0.0,0.002405158456580736,0.00025282251338287764
2018-01-11,0.006880701393988886,0.00046008506827854845,0.003279242310744168,0.00037949324622843505
2018-01-12,0.007637706571354208,-0.00018428951157278828,0.012117319941670202,-0.0003793492857364633
2018-01-16,-0.0017288709716233308,0.000276082376750475,0.0016540570729914883,-0.00025275861031559543
2018-01-17,0.007859299969754208,-0.0011032192397425478,-0.008099385028916384,-0.001013896471194875
2018-01-18,-0.0013214075564953465,-0.002208785758264109,-0.002219746160232239,-0.0005071069689732699
2018-01-19,0.00476430539266004,-0.0021219962892002897,0.004449368789751107,-0.0005072456029815431
2018-01-22,0.007244318532081184,-0.00036965546185296905,0.0018193589642852004,-0.00012678672229615717
2018-01-23,0.003138368463412977,0.0024047292348154947,0.004974316982453653,0.0011420562973558646
2018-01-24,0.0009128472058799186,-0.0010147582670694266,0.012177899643490031,-0.0002533162969426961
2018-01-25,-0.0009120146758313519,0.0025855876434026648,-0.006675468432262743,-0.00012692748881670823
2018-01-26,0.010820406173426944,-0.0018423544263846958,0.0007814808358339587,-0.0007608311365366882
2018-01-29,-0.008640783329236679,-0.001753503143747892,-0.005621994291566623,-0.00038088331447316826
2018-01-30,-0.00975693085014595,-0.0015709457285852935,-0.004318770545372663,-0.00038067211849324156
2018-01-31,0.0010510890160553288,0.0008328531877475065,0.006703457836465088,-0.0001272558808019797
2018-02-01,-0.0006563139862265643,-0.0031335902904987556,0.003290292152912322,-0.0009153845084333145
2018-02-02,-0.021798783628622753,-0.002976142083006783,-0.013117887393550687,-0.00012762657392229038
2018-02-05,-0.0397369170600006,0.0040115646424918605,0.002531843471552664,0.002547028306381316
2018-02-06,0.021249690688976308,-0.0028805113015850647,-0.010496423649786535,-0.001270456702308742
2018-02-07,-0.011635953466437088,-0.0022360397073301064,-0.004705665583148222,-0.0010173493528728983
2018-02-08,-0.03282556926212343,-0.001681491053892481,0.0015225774502147793,0.0003823553757142939
2018-02-09,0.011600012076829813,-0.0013092619333410216,-0.0016803225174144565,0.0
2018-02-12,0.01387289940814962,0.0002812098592486212,0.004808897328354433,-0.0006367379993135192
2018-02-13,0.0018152904614103793,0.0002802212884140953,0.0056632293923437604,0.0001276428645438088
2018-02-14,0.017003476398262496,-0.0033700786227413015,0.017052616317100977,-0.0017829658369947765
2018-02-15,0.011237306459838559,0.0012214326580328727,0.001169844500285011,0.0
2018-02-16,0.0010842178557253224,0.0019698774052474555,-0.003271582663696204,0.0005104648876654849
2018-02-20,-0.00839312026858563,-0.0010292922683490247,-0.013441710167313103,-0.0007650684786308926
2018-02-21,-0.004368660071293995,-0.003187102073113901,-0.004594377467322608,-0.0002558934758486453
2018-02-22,0.00205673563808495,9.388489675132838e-05,0.005093103382117992,0.0006385264392982926
2018-02-23,0.012451951760915847,0.0025384896507096855,-0.0012668539845070992,0.0006377615605750453
2018-02-26,0.01067720792801885,0.0007503822960057693,0.0024575674654647717,0.00012823303216236148
2018-02-27,-0.015244536295629385,-0.0021559817822406346,-0.01043890649807222,-0.001403120460855889
2018-02-28,-0.011542786998960164,0.002724083059722382,-0.0010388975966705294,0.00025595897408026147
2018-03-01,-0.012501683971772981,0.0008915820409669539,-0.0022399902343750444,0.0011494348770770824
2018-03-02,0.004590952830912931,-0.0015943475281342545,0.005372018620811936,-0.0008928726618343541
2018-03-05,0.00789354924351171,-0.0005634006422166049,-0.0016747674096407872,0.00025547063434161466
2018-03-06,0.0052215814424068085,0.00018817933217096794,0.010784458146907872,-0.0001274644415901749
2018-03-07,-0.000683585551219168,-0.00018814392737243057,-0.006401624645603676,0.00012748069084533853
2018-03-08,0.003692972554836027,0.0015975204777094465,-0.0023862794212923255,0.000766216157297217
2018-03-09,0.01294627337853127,-0.0018763365703844403,0.0009568071147663115,-0.0010208393594518528
2018-03-12,0.0004037553747349154,0.0005637860400999894,0.0,0.00025547063434161466
2018-03-13,-0.006724042767249805,0.0013153362193329965,0.0019117242474055995,0.00038286982735602493
2018-03-14,-0.0020307176061165055,0.0016892758266593422,-0.0006360457292980959,0.00038319961437105476
2018-03-15,-0.00040727231738912906,9.39627439082713e-05,-0.006364323323672649,-0.00012808105769246403
2018-03-16,-0.0004067728034752305,-0.0005622710667599895,-0.0024019459414951205,-0.0006376301302379872
2018-03-19,-0.010590987756263992,-0.001030895530318543,0.0021669685053569143,-0.0001274644415901749
2018-03-20,0.0013724899743943197,-0.0015947636472081195,-0.004484705499084418,-0.0010222879138297447
2018-03-21,0.0009590841073574552,-9.40719636862708e-05,0.01745640608927701,0.000511219792608042
2018-03-22,-0.023685737454572475,0.001879339397857338,-0.003953194075975608,0.0011501783139953314
2018-03-23,-0.01710833476420548,0.0,0.012938539529958382,0.00012751847499803404
2018-03-26,0.02339848245069298,-0.0003753446302764418,0.005250357853935794,-0.0006376301302379872
2018-03-27,-0.014359058423580096,0.0029091264908931436,-0.0061584106879087885,0.001660254133123873
2018-03-28,0.000707055563408332,0.0005612772384941955,-0.01380496145836152,-0.00038294878892441986
2018-03-29,0.013427524838293792,0.002899242093602261,0.0004771936450476133,0.0005106353614987569
2018-04-02,-0.020083612350965008,-0.0010007590407170586,0.011686153191860393,0.0005876682188385995
2018-04-03,0.010674473721039357,-0.0011219729501764641,-0.007543604183229413,-0.0010218137872128885
2018-04-04,0.007041636427068676,0.0003748940177328297,0.0011876001018218396,0.0
2018-04-05,0.007131397515433013,-0.001404601556892704,-0.005140323544257752,-0.0006384838370321333
2018-04-06,-0.016661911448975664,0.002249689622964457,0.004689954877408642,0.001662404213852442
2018-04-09,0.005224668552142653,0.0008418530100042787,0.0034021703240154633,0.00012739990461652084
2018-04-10,0.015591725853402183,-0.0007471622204128225,0.0023655815524343815,-0.0006382254883565697
2018-04-11,-0.0044258789198142745,0.0008415025246883978,0.007787899955785216,0.0005111680528884222
2018-04-12,0.005557035893315909,-0.0022427223794326823,-0.011630613197024187,-0.0010218137872128885
2018-04-13,-0.0022104934114425268,0.0002808345922287181,0.006555000660688037,-0.00012657849871478
2018-04-16,0.004846517781972759,0.00018768354146625477,0.0014123209845888773,0.00012659452285945783
2018-04-17,0.007303075034240658,0.00028015994190777604,0.0009402393572395251,-0.000255536292518177
2018-04-18,0.0032831729338353988,-0.002807420864992971,0.0007827669207129961,-0.0011502072360244364
2018-04-19,-0.00422691782516571,-0.002439893594285647,-0.001955416527053,-0.0005115536183603053
2018-04-20,-0.00780479635240694,-0.002728873743944371,-0.007601890535287481,-0.0007676635625191164
2018-04-23,-0.0013800711694735845,-0.0004712450227822851,-0.007975949843974872,-0.00038373898591870237
2018-04-24,-0.009535804944359572,-0.001321404099775103,0.004855919415812648,0.0006409242483265132
2018-04-25,0.00013949725884465636,-0.0013228783661958232,-0.006496075996334616,0.0
2018-04-26,0.008091640211692841,0.0017030050980346711,-0.0035085115107064135,0.0005111826648913631
2018-04-27,0.002075805643844797,0.0012285625023980007,0.004241008034887361,0.00012849022908101304
2018-04-30,-0.005800301861677348,0.00018804077118073081,-0.007251025196090666,0.0
2018-05-01,-0.0011110793276586373,-0.0008507222381858304,-0.007063145351023148,-0.0006032782727697361
2018-05-02,-0.004172437182704214,0.0,-0.0004849855228984401,0.0006422793691065465
2018-05-03,0.00013998764946676623,0.001135475139330211,0.005095004008440096,0.0002562224821522907
2018-05-04,0.008377483328304791,0.0006616168566295766,0.002092067418605348,-0.00012903156626808965
2018-05-07,0.001661650895805833,-0.00047198458444941416,0.0002408766587147504,0.00012904821756176688
2018-05-08,0.00041455415341618007,-0.0011337902594698024,0.00016052535213439967,-0.0005130285543401003
2018-05-09,0.0058035704387204845,-0.0011357161647954639,-0.0020868008225221057,-0.0005125170625447373
2018-05-10,0.010166413152370657,0.0022733752727830403,0.0068366320405601755,0.0005127798709778641
2018-05-11,0.002176102972867744,0.0004722074590908232,-0.0014379318160805399,0.00012826336999616217
2018-05-14,0.0014927088449561143,-0.0009446071090593033,-0.004080017089843735,-0.0002562554640518355
2018-05-15,-0.00867208253070384,-0.0044440791571155325,-0.01614583132241265,-0.0011539220414131801
2018-05-16,0.004510507051105783,-0.0011400315547392958,-0.0015512935679184991,-0.0006421399444942466
2018-05-17,-0.0012246863333387203,-0.0013306680832573248,0.0005724073456552237,0.0005144600599842342
2018-05-18,-0.0034062667851642026,0.0025704558324610716,0.0004086552101045804,0.0007698309815726834
2018-05-21,0.006425366866767757,9.528373894118758e-05,0.0005718461950008358,0.00012846490698370516
2018-05-22,-0.0010865398802699655,0.0,-0.0005715193738216051,-0.00012844840587122874
2018-05-23,-0.002039857067569817,0.0027536209180647475,0.001061982268841355,0.0015396107584886298
2018-05-24,-0.0036787619837169716,0.002746242029069146,0.00856859323093273,0.0006402652527475183
2018-05-25,-0.0028720205012301436,0.002172208324636271,-0.003074660285441455,0.0012806633169466508
2018-05-29,-0.015224395860824802,0.006596683984909202,-0.000162297242228715,0.0034514664572045106
2018-05-30,0.01309198083426888,-0.0025283745581666794,0.001461160009810003,-0.001655947646514444
2018-05-31,-0.005636419967027795,-0.0008440525532725784,-0.00218857312515075,-0.0007656881528832482
2018-06-01,0.010368983219699368,-0.0012336187339681004,-0.004955325896935703,-0.0014204525213566965
2018-06-04,0.005883991841176828,-0.0023567784168273542,-0.000979631964080463,-0.0006400058601799818
2018-06-05,-0.0010881657397814326,0.0007564054362241279,0.003922495029546447,0.0012810694442924042
2018-06-06,0.009532702599067022,-0.0022665014986263943,0.0005697980927446,-0.0008955775155852219
2018-06-07,-0.0044513674977838535,0.002176375694144417,-0.00048810250152531154,0.00128129093987428
2018-06-08,0.0020323683499428036,-0.0014161073416817382,0.0012209142530825723,-0.0002564767202531959
2018-06-11,0.0032455555791297552,-0.0010404914265035314,0.0017884823744616085,-0.000639633335507872
2018-06-12,-0.0013480101034970549,0.00028417363327881695,-0.0033271415316106223,-0.000128175006682274
2018-06-13,-0.0020245339682471997,-0.0009466423616490971,0.003012561044629436,-0.0010248180050225209
2018-06-14,-0.00027036892246379285,0.002557708911318901,0.0015422908372948463,0.000898379654980408
2018-06-15,-0.003923429627181951,0.00037803061056718157,-0.01653429211330959,0.00038367184901177964
2018-06-18,-0.0043460536764750035,0.0001887166188163647,-0.0018954650937899054,0.0
2018-06-19,-0.0068683224558344635,0.0010390179789554477,-0.0025596363391253707,0.0007685949145765925
2018-06-20,0.002361128576237048,-0.0018868491552985756,-0.004470206141435118,-0.0007680046301234977
2018-06-21,-0.0074813538752454,0.0002835351235614958,-0.001746208886931222,0.0005119210676205466
2018-06-22,0.005304175975517911,0.000945121995579612,0.0024156041546103957,0.000127974196979741
2018-06-25,-0.014162782041022615,-0.0005665559205502158,-0.0037393797734436296,0.00038470513147692564
2018-06-26,0.0014086273613724831,0.0016053639153643662,-0.0052547940330739396,0.00038384460754148364
2018-06-27,-0.00970471596553657,0.0017920218226419315,-0.005701830395735019,0.001150973263941646
2018-06-28,0.005255080532089895,-9.421974545087419e-05,-0.00303593021413906,-0.0002556622488245619
2018-06-29,0.004803632680647318,0.0008470609639261717,0.003637288959023266,-0.0006388446235222611
2018-07-02,-0.0029527783577060207,-0.0009520804864238119,-0.010029518972628937,-0.0003329195477659308
2018-07-03,-0.0008465224780751512,0.0020755144747766074,0.01013112932642235,0.0008968669495386106
2018-07-05,0.007198426135303304,0.0009420617552315935,0.003371272825408722,-0.000511612524862981
2018-07-06,0.007287094175285613,0.0010345879594451102,-0.0015959885471287238,0.0006398133373368697
2018-07-09,0.009738569719944357,-0.0009398413965751029,0.0024398528860691826,-0.00012785712642171543
2018-07-10,0.0020666401553941505,-0.0007521106930610255,-0.001846422307055895,-0.0006401977270311665
2018-07-11,-0.01182442558888308,0.00037633839466133523,-0.010846724226159843,0.00025591078541697954
2018-07-12,0.009461129252965828,0.0012232044486470972,0.004165231777556899,0.0005125212902814535
2018-07-13,0.0015164103798426254,0.000939478419343942,-0.004401901762097649,0.0003841644086086671
2018-07-16,-0.001376142168876715,-0.0011262438163669453,-0.0005101399394812356,-0.00038401688298983494
2018-07-17,0.0038587023519978114,-0.0003760786193888199,-0.01080394929383155,-0.00012785712642171543
2018-07-18,0.0005491329322335758,-0.0002823005417081914,0.00025798744076199753,0.0
2018-07-19,-0.004665158917372403,0.0015053957122102002,-0.004298856594405098,0.0007674780978119689
2018-07-20,0.0034462594174116123,-0.001972608255333963,0.006476124823511453,-0.00012741982092956405
2018-07-23,0.0,-0.0034819783580151142,-0.004804371742649027,-0.0012793394852744777
2018-07-24,0.0050833780104351245,0.0014165035588076247,0.0003448354786839136,0.00025591078541697954
2018-07-25,0.009841156974992549,9.427584423749025e-05,0.005515334234738045,-0.0002558453118423065
2018-07-26,-0.004195947157930036,-0.0005658734055437042,-0.0077991400388178755,0.0
2018-07-27,-0.0029902929632598108,0.0007551062770858596,0.0005183138095208317,0.00025591078541697954
2018-07-30,-0.0032719491023461833,-0.0010370123975221857,-0.0015540041641225466,0.0003845986343604668
2018-07-31,0.002598642904797277,0.0008491230124481053,0.002939873181190933,0.0
2018-08-01,-0.002182446829209095,-0.0010298732983274883,-0.007328204929526905,0.00017935500523824643
2018-08-02,-0.0005471215271616314,0.00037836303688632,-0.005384772884042377,0.0006410317230647333
2018-08-03,0.003693659643792202,0.0021750817581192017,0.003492853105171001,0.0003837800198527308
2018-08-06,-0.00013651686004256813,0.0006603127276521015,-0.0051339744804317355,0.0002565055555074913
2018-08-07,0.004634875409253336,-0.00179159813842944,0.0022740706959851753,-0.0008959401733699135
2018-08-08,0.00013578595873897648,0.0,0.002792628802213759,0.0001280384836259696
2018-08-09,-0.0025775494225185325,0.00141689626849284,-0.0014794690881722028,0.0
2018-08-10,-0.0118335438970667,0.002170199345767454,-0.0004357279352805721,0.0012815248474284946
2018-08-13,-0.005918995307875874,0.0005647129876229506,-0.01508416880379293,0.00012773985110436925
2018-08-14,0.004569162708609964,-0.0009407472558458085,0.0009738014451408095,0.00012772353571888218
2018-08-15,-0.011853583361888242,0.0014124496418934651,-0.016626844065553037,0.0006399564067425256
2018-08-16,0.007532304563456105,0.0005641289154858509,-0.0008094609704913935,-0.00012833523766264676
2018-08-17,0.004568896421420776,0.0005644412122050024,0.009270916232611892,0.0003837538675564023
2018-08-20,0.003721147602746999,0.0019718197802260917,0.0049942495470025605,0.001022517497915043
2018-08-21,0.00466829986440187,-0.0008435309012468917,0.002928336094692563,-0.00012734450326545854
2018-08-22,0.0015031992012179973,0.0008442430463446726,0.002211997942183075,0.0002548395892887356
2018-08-23,-0.004776137864160979,-0.0005617551119579955,-0.009446452957847074,-0.00038233916685026514
2018-08-24,0.007678615027528313,0.0011251303282704406,0.01746886601762876,0.0
2018-08-27,0.009660853038116146,-0.0013114910097017374,0.00376657902932398,-0.0003829580478379446
2018-08-28,0.0005392463313602658,-0.0018761987487034837,-0.007941321771505638,-0.0003839322009776547
2018-08-29,0.005926612475767534,-0.00018822471581447786,0.004574213948543848,-0.00012806597088488303
2018-08-30,-0.008569651857302962,0.0004701999944332069,-0.004903656511020316,0.00038365579026944374
2018-08-31,-0.003106532393428618,-9.399580206104208e-05,-0.0011439392301669793,0.0003837450967874023
2018-09-04,-0.005554746898554841,-0.0011115778327338566,-0.005109698001402485,-2.5407747070271824e-05
2018-09-05,-0.005449673763743501,-0.00047108709702714524,0.0034534613352918964,0.000511595031347456
2018-09-06,-0.0035616316084658983,0.0016976507774346672,0.0019414156485668688,0.00038388396073751885
2018-09-07,-0.0041241288416469235,-0.0035787958103870032,-0.0027302937827557994,-0.0019182109606994402
2018-09-10,0.0016566169740404035,0.0009453944570951833,-0.000706542689065337,0.0002560006359793032
2018-09-11,0.003031611891948227,-0.0016998861055547154,0.0006186451072049959,-0.0007681601576673414
2018-09-12,0.0019237621055148146,0.0006625390972214706,0.008390716640166218,0.00012853937488910283
2018-09-13,0.006856601020146957,0.000661558243014726,-0.003591101333891067,0.0002562172930933304
2018-09-14,0.0008174627922028499,-0.0018890844889176694,-0.006504970809317334,-0.0005126582697825288
2018-09-17,-0.003266220423201127,0.0,0.005220350246058381,0.0003846021356606055
2018-09-18,0.007099800441132675,-0.002176391485916751,-0.0014963310274801467,-0.0010248564065062915
2018-09-19,0.002576161641083541,-0.001897150728593644,0.0038786565809445506,-0.000128638250406099
2018-09-20,0.009465670334701581,0.0013304297955953892,0.0034246522572403126,0.0
2018-09-21,0.0005358775133061933,0.0007590929207033081,-0.006825928084458366,0.0003853720676685324
2018-09-24,-0.004686092259920449,-0.0009481690835958512,-0.00017619740455376842,-0.0005132367475616517
2018-09-25,0.0020180688024471483,-0.0004743076261080059,0.0015863250483771907,0.0
2018-09-26,-0.0006713742564665726,0.0023738437067040152,-0.005279352979018381,0.0005135002947829204
2018-09-27,0.0,0.0006625188668436532,-0.008845643281780058,0.00012753945019006174
2018-09-28,-0.0024180736167499495,-0.0010411358635689094,0.006336448595585464,0.000384819270517589
2018-10-01,0.0028278646481418868,-0.0002660141467700772,-0.001685016298391906,-0.00044917764981966535
2018-10-02,-0.0033568263025905987,0.0011404675572597167,0.011548397044346626,0.00025695744855691594
2018-10-03,-0.0006736977858972093,-0.004745327884323358,-0.003951915050342092,-0.0014123109953797508
2018-10-04,-0.01065144643695648,-0.002861317772450689,0.0005290529796950771,-0.0005142724230718931
2018-10-05,-0.005859933424648633,-0.0021998075852496246,0.002819877382429281,-0.00025750574080052324
2018-10-08,-0.0016446126968523433,-0.00038322789233524723,-0.011072074713894375,0.0002575720670863202
2018-10-09,-0.0019227431814015095,0.0014383871772831736,0.0005331220730910857,0.00025691268289906866
2018-10-10,-0.02902692156047082,-0.00028757473495677477,0.00248666770063255,0.00012901625343908485
2018-10-11,-0.016860635651616884,0.0029691109420548756,0.025691013434101517,0.0005137456910218052
2018-10-12,0.01210545900686033,0.0002865326642227384,-0.004750349180877911,0.0
2018-10-15,-0.005410605736373197,-0.0006679597916613433,0.006682258271583086,0.0002569187033616416
2018-10-16,0.020185953383783817,0.0005731929911008127,-0.0017241116227775244,0.00012890025454237453
2018-10-17,-0.0026662309663637584,-0.002004980671396206,-8.63742311474347e-05,-0.0007705772861772431
2018-10-18,-0.016040772861646402,-0.0006697303942814203,0.001122698440194414,0.0007711715334446367
2018-10-19,0.002002165256081323,-0.0008616459711545676,0.0007764317521294917,-0.0003857032503908897
2018-10-22,-0.0025686912729677713,-0.0001914490886611997,-0.002586010225269386,-0.0002570372082986161
2018-10-23,-0.007726613184077746,0.0012452514733434228,0.005876763551604158,0.0007717840218541827
2018-10-24,-0.02768561761800936,0.0025844442582176885,0.0023198236435848507,0.0017983351275623338
2018-10-25,0.014237164202143493,-0.0008590786033704223,-0.002228717024418514,-0.0007696862328552267
2018-10-26,-0.013452319897644616,0.002293119402416499,0.0031786521678458524,0.0017968446244103209
2018-10-29,-0.006521424073167248,-0.0010482409981429353,-0.003939360261170033,-0.000640629820373273
2018-10-30,0.014321925322206885,-0.0014318875868125636,-0.0043847864976440665,-0.0005124541970423779
2018-10-31,0.011030990363420923,-0.0004779802762951979,-0.005613139108367582,-0.00038489244532402545
2018-11-01,0.013965649036348005,0.0025270109575850075,0.01285276342099273,0.000694965833113903
2018-11-02,-0.001864940131215631,-0.0029708110086649198,0.00017151910256396619,-0.0014142633016877015
2018-11-05,0.003018502251551425,0.0006727506167107933,-0.0024003324100665413,0.0005152964807368932
2018-11-06,0.0042991960985343525,9.627705911885442e-05,-0.002835798085983776,-0.0007716592578937975
2018-11-07,0.0182646879407653,0.0008644045376771103,-8.619558903444346e-05,-0.0002575367996404676
2018-11-08,-0.008127537307019761,-0.0018236827917740284,-0.0021546152083956605,-0.00038563486442377837
2018-11-09,-0.008476973201294258,0.0012499474169807012,-0.011228151978489587,0.0010297437287647426
2018-11-12,-0.018381382497765886,0.0016328005162697945,-0.007162820324765118,0.0009002616392785878
2018-11-13,0.0014515153431098327,0.00038324094272534914,0.0003518677181439944,0.0
2018-11-14,-0.003623784355787696,9.586448436404993e-05,0.008267391966898296,0.0007709080881017627
2018-11-15,0.009601279495056625,0.0012451184508619484,0.0011339606953078007,0.0005138973245197853
2018-11-16,0.0025937441160992503,0.0016274227407917508,0.00740616997802257,0.001026558116688614
2018-11-19,-0.015090472059734905,-9.567122614873025e-05,0.0004324115306661991,0.0006409998512237891
2018-11-20,-0.018240286264824657,-0.0003819052893021535,0.0,-0.0006405892336204255
2018-11-21,0.009215380206020196,0.0006689298202526839,0.0016426250921932617,-0.0002562583612844005
2018-11-23,-0.00662737964703497,-0.00028668685019461737,-0.0007768338236752159,0.0003844860696968766
2018-11-26,0.014677652438366717,-0.00019117937540935603,-0.0011228924348919422,-0.0005129229328574292
2018-11-27,0.0011686797937819904,0.00028691460757279685,-0.00596681464067883,0.00012865062373723646
2018-11-28,0.02028631433634409,0.0019113387995610687,0.0037407596049732206,0.0010258862504217703
2018-11-29,-0.004148495270276498,0.000476719489273858,0.0031201301691909933,0.00012803067831979043
2018-11-30,0.0030163984171238667,-0.00028614871066168224,-0.0017279847238081958,0.00012848579607216415
2018-12-03,0.01288867106697511,0.0016345822327072934,0.007529883500850154,-0.0003851721453121959
2018-12-04,-0.02799405552263523,0.0026714325840691,0.00609912432039339,0.0003849668386146643
2018-12-06,-0.004363350345130801,0.0024741033695490078,0.0001707363609755319,0.001154927535633954
2018-12-07,-0.019138160306977237,0.0013295438815994487,0.00810992789134457,0.0010245677284828059
2018-12-10,-0.002978763807438667,0.0006635302177333546,-0.003471894702593792,0.000768550739108198
2018-12-11,0.0013443661849854571,0.0002839124189839559,-0.001189661703648759,-0.0003836864737415402
2018-12-12,0.010592244937689621,-0.0007572436081564327,0.0021269354947484054,-0.0003844215460869771
2018-12-13,-0.000885746509891927,0.0002838674357921178,-0.002207336227265433,0.0010245775117232458
2018-12-14,-0.016105239982386665,0.0002846840858994337,-0.0039989894119348834,0.0006397055169402588
2018-12-17,-0.015167385173091352,0.0017047481352578941,0.0069195729103175285,0.0014055131432091361
2018-12-18,-0.000492416649154781,0.0029381617814754346,0.0023754880187698557,0.0010213215978858159
2018-12-19,-0.01385687351113496,0.0009443176664274411,-0.006093958623821227,0.0
2018-12-20,-0.008743058113615643,-0.0009434267718597678,0.015413416962360094,-0.0002548649215915466
2018-12-21,-0.01890069593729715,-0.00047273915512269227,-0.004360924625816387,0.0008924889405412806
2018-12-24,-0.017819869104961472,0.0006614332602228323,0.010950096100037499,0.0005492024274467155
2018-12-26,0.036940039116720724,-0.00188863666997241,-0.002999441684935489,-0.0019139002268369065
2018-12-27,0.004728899105595152,0.001608262550582884,0.007604847107346435,0.0014064135458289329
2018-12-28,0.002417742907671938,0.0036853052537966224,0.004064011487183938,0.0017870626170681803
2018-12-31,0.0048550675541017,0.002541702884887531,0.0015694898830167503,0.0011462925655023604
2019-01-02,-0.00031154776029207465,0.0007514113364792685,0.0006598089159148834,0.0008909161101067209
2019-01-03,-0.016994274895533623,0.004129038596451418,0.009066170423806419,0.002289554217870471
2019-01-04,0.03187953453882808,-0.0029908618441705226,-0.00808623590052937,-0.002538047444979541
2019-01-07,0.006148248803858669,-0.001687329089399392,0.003458482876331992,-0.0011448350456679801
2019-01-08,0.007332721234022177,-0.0007505606581653668,-0.00270804061547536,-0.0008909029236912058
2019-01-09,0.009250765209268597,0.0008458584366632937,0.006418158373500793,0.0008916973394579308
2019-01-10,0.004658223855944055,-0.0011268876565837527,-0.005886691481276518,0.00025536103461498705
2019-01-11,-0.0035895570254979026,0.001409954477546771,0.001727170986037363,0.0008905587465266596
2019-01-14,-0.005704038196939432,-0.0014079693049211528,0.002380897199235621,0.00025436891143049145
2019-01-15,0.009057953345141145,0.00018792288199098728,-0.0017200351443329431,0.0006362852600794167
2019-01-16,0.002842566711561023,0.0008453164937762825,0.003199863787636481,-0.0007633597570858575
2019-01-17,0.007310239154080911,-0.0007505606581653668,-0.001308546962521917,-0.0005083234910523426
2019-01-18,0.010515354114784214,-0.0007517459203556509,-0.008926410300850951,0.0
2019-01-22,-0.013190461301460621,0.0008463170812909038,0.0035531343340227117,0.000763981425964122
2019-01-23,0.002524740230417155,0.001033542456560399,-0.0013997379433262624,0.0005085435194684962
2019-01-24,0.0017779552945000887,0.0016889246310731743,-0.0015666428373899421,0.0010165700688165025
2019-01-25,0.011091336598796131,-0.0004682661791763909,0.01461726258147622,-0.0007620024997313513
2019-01-28,-0.0068744072039307325,-0.0005622003816089238,0.0034999210730881636,-0.00012733025729216862
2019-01-29,0.0001473543907815067,0.0026259343297507787,0.005596580714432919,0.0011441375649490215
2019-01-30,0.01413622359084199,0.002245410993214625,0.005726722578225818,0.0013964172395557473
2019-01-31,0.006533941341518412,0.0029864389161187166,0.00048117377030232333,0.002027728324847544
2019-02-01,-0.0011540574793170721,-0.002070591272651634,-0.002004008016032066,-0.001977928709436916
2019-02-04,0.005776891287403441,-0.0008416921713552128,-0.004337356751223598,-0.000507373711185366
2019-02-05,0.00588750855015463,0.002151950588300755,0.002581475453272253,0.0006352948371481926
2019-02-06,-0.003854151820815166,-0.0005601308620576395,-0.006758902044908588,0.00038042363669421597
2019-02-07,-0.010461304857978138,0.00046711069625371415,0.002430293392984062,0.0007616032998085664
2019-02-08,-0.0002899269050398168,0.002240732467808648,0.0037982966608789415,0.0007617200783749389
2019-02-11,-0.0013038479133311576,-0.0010246038397528912,-0.004911042708701019,-0.0006340323074658372
2019-02-12,0.01232965413622189,0.00018617901243911383,0.002103577179937588,0.0
2019-02-13,0.0005728924840495697,-0.0017713595375604685,-0.003956062177902009,-0.0006336222232898869
2019-02-14,-0.0005725644661703777,0.0014945266866999152,0.005592889654295163,0.0010146705711393533
2019-02-15,0.010316443190226066,0.0007461921606570776,0.005964900110646543,0.0
2019-02-19,0.0034040511446564725,0.0005592268298164615,0.015224309695700766,0.00038060878845525004
2019-02-20,0.0026854717974866826,9.297678477682148e-05,-0.0017363346220005127,0.00012616422151978668
2019-02-21,-0.00239632282410418,-0.0022350102918979875,-0.011306137470128319,-0.0005065642917508884
2019-02-22,0.006075886746620851,0.0025200738372308518,0.0035985360836492397,0.0012674585866085941
2019-02-25,0.002527974516211895,-0.00027935309441251555,-0.0010358346885893654,-0.0003797794220725681
2019-02-26,0.0007005463650082699,0.0011176368288681182,0.001675034536747555,0.001140466534261364
2019-02-27,-0.0021001678300857085,-0.002139387726647346,-0.0070871108191714605,-0.0005062580112175086
2019-02-28,-0.0035070951831609465,-0.0017716328364764111,-0.005613959130088775,-0.00038037809629098973
2019-03-01,0.005349956583188931,-0.0016196601636404573,-0.017017506627186707,-0.0008748317397297978
2019-03-04,-0.002940813642020479,0.001219052489799033,-0.0026255308667169075,0.0006351852747423781
2019-03-05,0.00014058608764244696,0.0006556813978475518,0.0013162525939691694,0.00025405190771898845
2019-03-06,-0.004915285033934569,0.0014974417017359354,-0.0009037184460104486,0.0008873336539074739
2019-03-07,-0.010442939347920288,0.0028041861809486868,-0.0008222882461903502,0.0013937241086139363
2019-03-08,-0.0025670351080679943,0.001305323089154209,0.010945553273622899,0.0003802291478878228
2019-03-11,0.01329694092152156,9.25094235770807e-05,-0.004884390198699684,-0.00012654079305363108
2019-03-12,0.0038097422717053853,0.0018615689967200755,0.006053709964792153,0.0007588785379417651
2019-03-13,0.005763369214969671,-0.00046444014915192344,0.006992949727453013,0.0
2019-03-14,-0.00097837358752495,-0.0014866893154037442,-0.011547098821608426,0.0
2019-03-15,0.00811435829434326,0.0025127204833454986,0.004574769560006908,0.0006326506642311269
2019-03-18,0.005550635509782742,-0.00018560272827283786,0.0005692420438265788,-0.00012638088428529315
2019-03-19,0.0008280656729275915,-0.0005572608194562845,0.002763299214570525,-0.00012685858211580747
2019-03-20,-0.00248202125245367,0.0040884793158173505,0.006484057947534483,0.0020222599831842825
2019-03-21,0.007050324000266173,0.00018559345792201754,-0.004026413261163153,-0.00012615777118041294
2019-03-22,-0.020727671548478543,0.004995652455699107,0.002344768069306058,0.002523589006549809
2019-03-25,-0.000140310195062332,0.001842038291544057,0.007663119616744263,0.001258215988342526
2019-03-26,0.006869493635553114,0.0001830875173884916,-0.004963137418149799,0.00037732335969087316
2019-03-27,-0.004594854329636355,0.002113111823880409,-0.005229296137734152,0.000628596817679794
2019-03-28,0.002937645454178517,9.198053840075993e-05,-0.014152850613865509,-0.00025137251457141296
2019-03-29,0.006276168459582232,-9.197207875943914e-05,0.0009023839948698598,-0.0005026420250485719
2019-04-01,0.01219681974405118,-0.0045768722823932295,-0.003934131206699276,-0.0017121605517473881
2019-04-02,-0.00041095064210816545,0.0011080620760710591,0.0037028271386223555,0.0005035273933271522
2019-04-03,0.004657880328378994,-0.001844207023851796,-0.0014756542074283452,-0.0006297818927766263
2019-04-04,0.0014994773971281905,0.0007387337683750772,0.00254513588527594,0.0003784981762642303
2019-04-05,0.003812141798219315,0.0007383616460008291,-0.0010645913747292512,0.0001260800126516859
2019-04-08,0.0012208512874061217,-0.00046089756642453406,0.004344964459018774,-0.0002522431541265302
2019-04-09,-0.005283116250910491,0.0005540074111802795,0.0052240582686200465,0.0005043837012796981
2019-04-10,0.004221594097044923,0.0019373033298357711,0.003085645543724258,0.0007571132455297391
2019-04-11,-0.0031188458825776033,-0.0011968901065921855,-0.012790430232882732,-0.0006301442455167727
2019-04-12,0.007073503892226496,-0.0019364797295637892,-0.0009839698252590567,-0.0013864103298999453
2019-04-15,-0.0004049868338001916,-0.00018487523087740154,-0.0018879040751599296,0.00012630640276833915
2019-04-16,0.0010810710047624017,-0.0017546465206096373,-0.008963785785923273,-0.0006307621456218548
2019-04-17,0.00040494910027866204,-9.296442457196186e-05,-0.0019085831288392363,0.0002520497746514305
2019-04-18,0.00026977825052454385,0.0012961539446494363,0.0007482870651696061,0.0006308861516866049
2019-04-22,-0.00013449941895549156,-0.001201623387995343,0.0,-0.00037797106008863324
2019-04-23,0.005396248893204669,0.0017577307166958267,-0.002076929420084306,0.0012616836298389167
2019-04-24,-0.0055017841550256685,0.0023102412608637657,0.0029137401441747812,0.0010084886296295448
2019-04-25,-0.00026977825052454385,-9.258740562312351e-05,0.0008300695036758121,-0.0002511221302868849
2019-04-26,0.003779210934317323,0.0020278605824450846,0.006635175033447016,0.0011327442649871067
2019-04-29,0.0024201025705563595,-0.0017478251626080743,-0.004449212353194509,-0.0005028340460733194
2019-04-30,0.0009391195464401036,0.0006450539453697335,0.0030621129817147708,0.0012577749029218932
2019-05-01,-0.006834667389270521,0.0006465384323692813,-0.0066006224629272525,-0.0010446710603886356
2019-05-02,-0.0022939397791329474,-0.0022141610837148606,-0.0038205903541769226,-0.0007569368866735537
2019-05-03,0.010549084948944909,0.0016640030563532804,0.005919618726200282,0.0005045094188291799
2019-05-06,-0.008297772425222227,0.0012926119960714466,0.001326117121353887,0.0010093131713935222
2019-05-07,-0.017003864359315002,0.0011983880374082378,0.003310996887363693,0.0008819863317908183
2019-05-08,-0.0005492036487163565,-0.0001845443503496469,-0.0024750055657883907,-0.0006296150393022559
2019-05-09,-0.005082385640326703,0.0005526150159622656,0.002398422606480155,0.0006300117041462272
2019-05-10,0.006212912974739249,0.0001843042218498958,0.001897717514232511,0.00012573978049368328
2019-05-13,-0.025109581284758264,0.0016562796506132127,0.010211626950944463,0.001887577120435635
2019-05-14,0.009288929857354411,0.0008268994100379956,-0.001711902564663248,-0.00025097421079978144
2019-05-15,0.004044287985008221,0.0017440815252678377,-0.0005716127335255727,0.0010049490683672335
2019-05-16,0.007499959832795389,-0.00119133608676536,-0.007190107507202059,-0.0006276481762458319
2019-05-17,-0.007582178429459074,0.0002753110620103971,-0.007077611679961793,0.0
2019-05-20,-0.006111964391322222,-0.0013755756704365574,-8.290208125960596e-05,-0.00037652831070089654
2019-05-21,0.009084426941587509,-9.238712077130895e-05,-0.002320944800343727,-0.0007539118537006617
2019-05-22,-0.004016417800804306,0.0016535814361569035,-0.0009970317877491253,0.000754480665617896
2019-05-23,-0.011263869415870986,0.00293444688662281,0.007734533613593886,0.002135302428396324
2019-05-24,0.005484857700010393,0.00036558291395683007,0.0010729131367257505,-0.0002509586048343726
2019-05-28,-0.008532721538090593,0.0014627380252703048,-0.0038747008151563955,0.0012545375006873805
2019-05-29,-0.005784264231846525,0.0002736226018418275,0.00033105118696652447,0.0005006164545209302
2019-05-30,0.004399164867338712,0.002645660976833497,0.0067841455794739325,0.0007514032002007287
2019-05-31,-0.009748625885649953,0.004641191728264715,0.013476862164072179,0.0023769170893668257
2019-06-03,0.0018546943310653319,0.0023608574012972117,0.014432812396575123,0.002726337010499069
2019-06-04,0.01623482185585612,-0.0009061305873190317,0.0003197259638094696,-0.0007487204828953153
2019-06-05,0.00350310125244202,-0.0005438667555225374,0.00255692921232642,0.0009984753730938323
2019-06-06,0.005306686838725261,-0.00018147225058107175,0.003267681746441209,-0.001122008679689812
2019-06-07,0.010556924664523848,0.0028126951995985916,0.0056402851919619135,0.0013730606297785997
2019-06-10,0.004261234592140228,-0.002623810032977958,-0.00995334973762696,-0.0012466797178508626
2019-06-11,0.002874398174562698,-0.00018147225058107175,-0.0011968524989021123,-0.0002494205307206343
2019-06-12,-0.005732021486516081,0.0012701128372785142,0.00519253494403471,0.0009989511749435298
2019-06-13,0.003431631713075589,0.002174707263796316,0.006119340633088832,0.0008730542835937438
2019-06-14,-0.004377822654738073,-0.00027111136245272505,-0.00031596300165459557,0.00024901637964358514
2019-06-17,0.0009184134335957772,-0.00027126931242471564,-0.0006320654488249922,-0.0002489543859236498
2019-06-18,0.012927368212766188,0.002714020355363722,0.005060083591572395,0.0004979196214498494
2019-06-19,0.003293919258690048,0.003428549674975079,0.006057242183997058,0.0024907338165909287
2019-06-20,0.011352710245082553,0.0017085853138547602,0.025177896911959374,0.0007453862026622904
2019-06-21,-0.0027050733126408044,-0.002603251500338577,0.006635612181659978,-0.000868481080131267
2019-06-24,-0.0010848239236530555,0.0017993423302129496,0.014850786310930397,0.0006209312027631864
2019-06-25,-0.008009821073028056,0.00017996326267200047,0.0019411266395166216,0.000621109609103554
2019-06-26,0.0006841433552902121,-0.0022451114724634236,-0.009165393111099984,-0.0013653901429377946
2019-06-27,0.0038294324832000015,0.0027897420383571347,-0.000977700846950591,0.0009940199713391884
2019-06-28,0.004223487878572074,-0.0004483281675033979,0.0027100317696175935,-0.00037241550794986367
2019-07-01,0.007868466490062564,0.0007381030968387492,-0.019369383559800002,-0.0002118733175719978
2019-07-02,0.0024230736778969586,0.001799160687685486,0.021359735486276676,0.0011199296959341076
2019-07-03,0.006311183696303679,0.0016158849949485798,0.001649060899963084,0.00024840709653450865
2019-07-05,-0.004670538091548715,-0.004212824137572846,-0.011150231525253074,-0.0026092598709978043
2019-07-08,-0.005228454155605022,-0.0005405375040549165,-0.006432617734537516,-0.0006227700540991643
2019-07-09,-0.0005390493558423692,-0.00027012131131309847,0.0035037454291328984,-0.00037355590304766206
2019-07-10,0.005124254003952,0.0007212173847372938,0.015787490178783115,0.0016204775186436926
2019-07-11,0.0012073574544952947,-0.003691782915316133,-0.008443584154164463,-0.00099558621938034
2019-07-12,0.002947515326490402,0.0010847576194985553,0.006254723814186791,0.0008719778579302506
2019-07-15,0.0008020708471725424,0.0014441597450181032,0.0,-0.00037313736059829683
2019-07-16,-0.003737925778071749,-0.0010815998409668959,-0.008462554430785363,-0.0004982667363088167
2019-07-17,-0.004421792874459984,0.002616752527502042,0.01646531748539748,0.0016198070352200222
2019-07-18,0.004710651859108461,0.001620001346159361,0.014117951186161548,0.0016179769806514699
2019-07-19,-0.005760165209743318,-0.0011686618859064746,-0.014727392803034478,-0.0013667419812286585
2019-07-22,0.0024250096971345503,0.0012595932554368972,-0.00014876383044060137,0.0006219530950848373
2019-07-23,0.005510547580462655,-0.0009881484938915053,-0.005652618252780628,0.0
2019-07-24,0.0032085004343271883,0.0014389189421002424,0.005086339018351538,0.00012417808083342585
2019-07-25,-0.007461906388872452,-0.0015268480611789759,-0.007070008058076338,-0.0006207006424685524
2019-07-26,0.0049672863997400896,0.0001804360420407658,0.001648937368628589,-0.0003739594777645294
2019-07-29,-0.0006682452549922058,0.00044916616568535517,0.006659678193005059,0.00037409937577170815
2019-07-30,-0.004812001513489261,-8.982638727561554e-05,0.003344956160896251,0.00012401429772102013
2019-07-31,-0.009267753011707014,0.0004497583427995888,-0.013112972808538625,0.0
2019-08-01,-0.008134556481981359,0.00783501389674135,0.02402219643390402,0.0035638416894514524
2019-08-02,-0.008884925419588852,0.00035704828679516964,-0.0038120684590625675,0.0002489143694131002
2019-08-05,-0.029513203517767206,0.004376928669534319,0.013981852270352535,0.0026065494904139452
2019-08-06,0.011368618767404026,0.0026682159497926072,0.008128386897085838,0.000371748169568642
2019-08-07,0.0035127051548891064,-0.0005326187351566425,0.015189695160357397,0.00012383268658933133
2019-08-08,0.014701948219705274,0.0009766581747518988,0.005034686098196239,0.0
2019-08-09,-0.006761375013191184,-0.0013298031197687132,-0.0033161732510501585,-0.0007427921731311127
2019-08-12,-0.01125333776052262,0.003639987176764725,0.009698502260031328,0.0014868006807622347
2019-08-13,0.014612940669864072,-0.0014151886725066731,-0.005959518154781018,-0.0014845933863048
2019-08-14,-0.028527765056516108,0.003100097031341509,0.0068415942238304606,0.0009913871768567617
2019-08-15,0.001852961665964381,0.004592200726158957,0.0066549698650941735,0.0023504917778116585
2019-08-16,0.013659516834248597,-0.000791437801271555,-0.006402214255277094,0.0001231614139198811
2019-08-19,0.008422488273036155,-0.002639016587415277,-0.011696303286335752,-0.000987179616002587
2019-08-20,-0.0052894361837280135,0.0027341939402334425,0.007795380191040424,0.0013591882331536187
2019-08-21,0.008256294174021184,-0.0005277241983860925,-0.003164420123660472,-0.0008638248243612034
2019-08-22,-0.0015268299162450871,-0.0026405049002605763,-0.0025395077899371676,-0.0006169288493266256
2019-08-23,-0.020850524301302187,0.0040595588934113636,0.019589847185487175,0.0018530467636397319
2019-08-26,0.009227521999011223,-0.0004393835660909673,0.00013875475282665306,-0.000369946179301639
2019-08-27,-0.0026725291582263555,0.0031651974210082923,0.00957073902105865,0.0012335730986645643
2019-08-28,0.0040900382402098145,8.739360663234663e-05,-0.002816539407023644,0.00012306041898724196
2019-08-29,0.011237426777630732,-0.0006134120442298219,-0.007164566813753437,-0.0004924040160462217
2019-08-30,0.0019448310412688574,0.0008770852573645183,-0.0025672712303844714,0.0004926465972092675
2019-09-03,-0.005406830446841537,-0.00023725603704261022,0.013913043478260834,0.0008150635059633871
2019-09-04,0.013381708198153763,0.0017571211618760962,0.006243592878966586,0.0007405658591344011
2019-09-05,0.01086680397034212,-0.0042967291755821035,-0.024001119491110168,-0.002342462445486304
2019-09-06,0.0013604666414659405,0.0010567526724378773,-0.008523132778435305,0.0
2019-09-09,0.0012229439182147583,-0.004222956302674774,-0.0037344897557421985,-0.0013589181302856579
2019-09-10,0.00013585970759155686,-0.005388537123850234,-0.008557937047107611,-0.0022270655197783595
2019-09-11,0.007734878124890043,0.00017721741645337907,0.006063676329913781,-0.00037176352481527175
2019-09-12,0.004309491551518052,-0.0015990379260409915,0.002056360685188219,-0.0011166012320352747
2019-09-13,0.0010722585499181037,-0.005959340119134016,-0.008279177519783909,-0.0017379301747145748
2019-09-16,-0.004151865042213321,0.002684477121797091,0.008348294532203537,0.0013683270472346631
2019-09-17,0.001614001339860005,0.0015173626699493958,0.0019813102518067005,0.0007446878187913342
2019-09-18,-0.000537210697856394,0.00115816996423046,-0.006285306153149484,0.00012417170301715075
2019-09-19,0.0010747672158235577,0.001424025825063513,0.004050828215713009,0.00012426834072964965
2019-09-20,-0.003757878092004674,0.003644448861159111,0.011820485442912032,0.0007446210762720451
2019-09-23,-0.0013469045934836332,0.00044277704045470045,0.005596383832365381,0.0008685633471865462
2019-09-24,-0.005935606123166348,0.002743789298253363,0.005286918308423871,0.0016105597595637011
2019-09-25,0.0027140169568729,-0.004148698412573704,-0.018545379403875573,-0.002350754348795059
2019-09-26,-0.0010826217275575756,0.0016840783426801398,-0.0002820880237280887,0.0008680079408061037
2019-09-27,-0.005554829365356118,0.0012387013015142667,-0.005148429100112373,0.00024762740732087174
2019-09-30,0.004768294909049731,0.0002654939047024296,-0.015525325955691782,0.000619250713346009
2019-10-01,-0.011525189277761583,0.0018156109941009912,0.005472814807717441,0.0016746746196389939
2019-10-02,-0.016735311496613448,0.0007073308009528656,0.011673634369571584,0.0019810143034209027
2019-10-03,0.008370604515459457,0.0038871610347774865,0.004530648552570016,0.002594154306698071
2019-10-04,0.01051459185011172,0.0015832752218445378,0.0,-0.00036914277363042647
2019-10-07,-0.003970558185923734,-0.0027229335287267675,-0.008527071931805796,-0.000986410662789261
2019-10-08,-0.013195927286966391,0.0003520426910437191,0.00874259511120079,0.0008642812637233988
2019-10-09,0.008636232808917343,-0.0005284484397003464,0.0009160434363713055,-0.0009869764222298905
2019-10-10,0.0078718480755946,-0.0034365272287911752,-0.008729359144837523,-0.0013574184559084213
2019-10-11,0.013565534299451176,-0.003271063847780309,-0.005539370732339566,-0.001606837724870136
2019-10-14,-0.002703860119619317,0.0016852502610587017,0.003999125640758994,0.00012337279812735247
2019-10-15,0.010031067018434703,-0.003276441308145195,-0.006970593591764218,-0.0008658452866195931
2019-10-16,0.00026834547483778337,0.0017764602375764937,0.0057302703836425994,0.0008665956243563144
2019-10-17,0.002415386843655387,-0.00026564783039229045,0.0014243781997433924,0.00012436139309301986
2019-10-18,-0.003346319227729211,0.0007094304270729435,-0.0010667370445437419,0.0006184955369290535
2019-10-21,0.007252276417671233,-0.0027483753505788133,-0.004770136663166058,-0.0009892486636338127
2019-10-22,-0.0032001414467807132,0.001511393588763843,0.002932997222985456,0.0004953372476876883
2019-10-23,0.003611645052653989,0.000798729520855801,0.0023537934253772264,0.0
2019-10-24,0.00226576008683832,0.0002662221153870714,0.007115918371069618,0.0001233269737055398
2019-10-25,0.002792519130636384,-0.001418680537699335,0.0023316740895991117,-0.0007423234523370459
2019-10-28,0.005967142414503135,-0.002130756603398898,-0.008600036764796815,-0.0011144239349876184
2019-10-29,-0.0011861220537323636,8.856640620247269e-05,-0.0027730332148816483,0.00012398785142453406
2019-10-30,0.0023754025951798763,0.002847783303451701,0.005490226541611021,0.0013631388491779362
2019-10-31,-0.002369773429226174,0.003903484953695857,0.009998499224238566,0.0022285784712026135
2019-11-01,0.010162057645985767,0.00027451874199457826,0.000912763389017579,-0.0003346396186154621
2019-11-04,0.004311789816890066,-0.002478980724723412,-0.002876007780098777,-0.0014852864575650715
2019-11-05,0.00026010690292754823,-0.003728777120706628,-0.016180006273117664,-0.001363296269319969
2019-11-06,-0.0005203027982870756,0.0015145769706832457,0.004290245395359271,0.0009928315840346258
2019-11-07,0.004163916078141705,-0.004715128153080839,-0.015521486102876958,-0.0019838052255037875
2019-11-08,0.0,-0.0005366795959285131,-0.006364394703267995,0.0002479796475649554
2019-11-11,-0.002332197214904741,0.00017920938367077532,-0.002401934875323586,0.0
2019-11-12,-0.00064986957813018,0.0010730828692000483,0.0026995120660886496,0.00012490874846116107
2019-11-13,-0.0009094901532226141,0.0017862245531430343,0.004002059820052306,0.001117782505396736
2019-11-14,0.00012999736976859744,0.0028539662056956683,0.004203521155341949,0.0008680313397364525
2019-11-15,0.006633602206370881,-0.0005338984045333284,-0.0025259154943226836,-0.0002472841940915904
2019-11-18,0.0009047586897943383,0.0018680004890252455,0.0029664162029099383,0.001115395977281164
2019-11-19,-0.0011617326144994777,0.0007103704580300185,0.0005050304911609071,0.00012353488902627774
2019-11-20,-0.004265309256373029,0.0023959212340074476,0.0005046655432805469,0.0002483758115372492
2019-11-21,-0.00038946723903432456,-0.0014163389435692952,-0.005477043362080103,-0.0007430494312158364
2019-11-22,0.0009087750815821583,0.0005317167964582481,-0.0018840181654777854,-0.00012402652273202364
2019-11-25,0.007654207196484908,0.0009748821077077974,-0.004791662812458131,0.00024830671094577816
2019-11-26,0.0007725056802867503,0.0014158049448689258,0.004814733391401704,0.0007428410600911484
2019-11-27,0.003731209597188423,-0.001237271610118884,-0.005299919828770094,-0.0008664313948777425
2019-11-29,-0.006152429924151326,-0.0012388043475686228,0.006203971517371398,0.0004951031810407347
2019-12-02,-0.00644804249220976,-0.0011011531645579442,-0.0005078146228696401,-0.0001604975535539621
2019-12-03,-0.0050624026122060295,0.0045339910148693985,0.00957984896245434,0.001984874715505569
2019-12-04,0.006914585060217249,-0.0016815802698059157,-0.0013658431498282386,-0.000742658988225009
2019-12-05,0.0010363603052889747,-0.0011527936980937348,0.0005758841931267078,-0.0007438784952470412
2019-12-06,0.007895614642313697,-0.001419668348473735,-0.009928092682104261,-0.0007443209204505141
2019-12-09,-0.0032104130986183588,0.0005335622000606222,-0.00029060665275248976,0.00024881176504143454
2019-12-10,-0.0006444838480818005,-0.00035551844217152073,0.0028347098739491816,-0.0008687865027627861
2019-12-11,0.004769833020831671,0.002665699949795597,0.00688553265084435,0.0014898947384851535
2019-12-12,0.008852983916216361,-0.004253943847157715,-0.003527249493396556,-0.0018599596346343672
2019-12-13,0.0031793836897122674,0.004005161096570786,0.004478873140076667,0.001863425530904017
2019-12-16,0.007352530477870767,-0.002038634957070906,-7.198680622300113e-05,-0.001116064843311726
2019-12-17,-0.00012760481742912777,8.867510154475511e-05,-0.00021575647831872935,0.0002483162862940702
2019-12-18,0.0006370202990262364,-0.0019539511111420493,7.200752478642158e-05,0.00012423874519540412
2019-12-19,0.0022914877882214135,0.001078711253944764,0.002589559770448613,0.0006205595040247314
2019-12-20,0.0017781214346679342,0.00017814514391978342,0.0010044438566789715,-0.0007443209204505141
2019-12-23,0.002282622913351906,-0.000712617362701895,0.003081942822633188,-0.00012390447054455578
2019-12-24,0.0002524963515730949,0.0012471915459646432,0.009431992518777577,0.0007460820384901368
2019-12-26,0.005438452177594977,0.0008900920402619139,0.007857298625196796,0.0
2019-12-27,0.0006289002881754158,0.0013335420355908845,-0.0003511943393945671,0.0012423945509689727
2019-12-30,-0.006034140812539501,0.0,0.0021077991140190377,0.0007444895097490356
2019-12-31,0.0022766340378927996,-0.0023082040544787352,0.0018929327941459295,-0.00024771923819388864
2020-01-02,0.01034708200183676,0.0027581387018706938,0.0073478173310379535,0.0007438976658264984
2020-01-03,-0.008617551964965053,0.002928749509223394,0.013268521727000326,0.0008685314043694881
2020-01-06,0.0022675281892956534,-0.0007960475689064994,0.010489502076611812,-0.0003717937505799407
2020-01-07,-0.002513704324939914,-0.0010627580056136177,0.003935150508558971,0.00024780665574031246
2020-01-08,0.0049142691892389845,-0.001152566426614543,-0.007501524641443713,-0.0007437907733537363
2020-01-09,0.005642680042287962,0.001065197878417079,-0.005651653463197515,0.00012418699451144377
2020-01-10,-0.002244556252684049,0.0016839671556712066,0.006026192495848015,0.0004960199012158384
2020-01-13,0.007498082123646332,-0.0006193488284736981,-0.007419483430124996,-0.0004957739874515976
2020-01-14,-0.0008681655343143468,0.0008856697061876417,-0.0008915435213457945,0.00024812101641646933
2020-01-15,-0.0006204908784033236,0.0015040702558961616,0.005834242779070742,0.000496007897040851
2020-01-16,0.007329132075072353,0.0,-0.0015695082440052577,-0.00012407922780544034
2020-01-17,0.0027128399598814745,-0.0011482911249427463,0.0018454259925253513,0.00012409462537066318
2020-01-21,-0.005411419824550512,0.0028306817700336495,0.0010915790702048511,0.0011142714196483716
2020-01-22,0.0007421273404135675,0.0005295537200216138,0.0003406555206315609,0.000618486162272891
2020-01-23,0.00012378914792332552,0.001322129919527848,0.002248122121045526,0.0007420791800036852
2020-01-24,-0.008278111367184038,0.0018488778515102222,0.005845572586286041,0.0004938728655441427
2020-01-27,-0.01856228075863553,0.003075991807589329,0.006825312844883635,0.0014822150788689203
2020-01-28,0.009393094133695712,-0.000876205769651528,-0.008926785569624784,-0.0007397344579801457
2020-01-29,-0.00012576987177370658,0.002279987752351831,0.005417872354848807,0.0016036311968907757
2020-01-30,0.0,8.751401088846755e-05,6.732120695107646e-05,-0.00012298041376834767
2020-01-31,-0.017607532570083517,0.0029741704248955614,0.005792420039608892,0.0020948988979974104
2020-02-03,0.006785038016149603,-0.00032332662034995074,-0.006495688802043542,-0.00020966894452567608
2020-02-04,0.017166980276691834,-0.0033227902678655274,-0.01300895070524588,-0.0016012236743069286
2020-02-05,0.009501067235290872,-0.0014906348997220098,0.0012293105482077404,-0.0008644801529397173
2020-02-06,0.0019813493008784544,0.0006143610234277119,0.005388399719282511,0.0
2020-02-07,-0.006550234662693777,0.0028975331738145815,0.002645857569860688,0.0014825538105167624
2020-02-10,0.0049763323749985044,0.0011380743002116223,0.0025712490701368385,0.0004934162628589256
2020-02-11,0.005075499210802414,-0.0012242313894405,-0.0034419552752806837,-0.0007403657903154448
2020-02-12,0.006650931295114848,-0.001050696254958683,-0.0008127480224853212,-0.0007398109658852681
2020-02-13,-0.004527028125694499,0.0007014421580004981,0.00569345014846645,0.00037089706849968707
2020-02-14,0.000983299303701335,0.0010511444746290621,0.004178427664004669,0.0007399738183488935
2020-02-18,-0.003929228900203974,0.0013121294835638508,0.012818816524224008,0.0004934658242379264
2020-02-19,0.004191201983380521,-0.0002620659777754497,0.005831221275388376,-0.0003698617058970344
2020-02-20,-0.00576956984337762,0.002272689183412391,0.004084659090851872,0.0007396662602012771
2020-02-21,-0.007778844118922934,0.0020059154985694327,0.015025216397275942,0.00110895484064355
2020-02-24,-0.03434549820981703,0.003219951161372636,0.008985128746405113,0.002462140204943175
2020-02-25,-0.02564438378246703,0.0017351364128734836,-0.017874260693127697,0.000859034078056542
2020-02-26,0.0009260291018080569,-0.0010394692422218688,0.004370503298157802,0.0004907530947999561
2020-02-27,-0.03501595609962005,0.00017322630736549272,0.00019483522153040944,0.0013486074624553535
2020-02-28,-0.010543614322573891,0.007368238405906835,-0.03649347478693177,0.0034284147310787993
2020-03-02,0.033075030445787634,-0.00035420000530472784,0.005526297603759334,0.0006965241458793958
2020-03-03,-0.02384454723707219,0.006814152520429495,0.031434333360162325,0.004396870244176565
2020-03-04,0.041031946144774345,-0.0007707579137786746,0.0017545277375516921,0.0012163742080455453
2020-03-05,-0.03058278501032974,0.00308611619768695,0.021600945458936538,0.0008506010331934544
2020-03-06,-0.01781329093871875,0.0073507282649301064,0.00038096105467699815,0.0013345784775706804
2020-03-09,-0.0753151194471745,-0.001273030862919633,0.0016502348575044845,-0.00012087831460350085
2020-03-10,0.04596496041326548,-0.011298822018838695,-0.02110133630677158,-0.005091356415404591
2020-03-11,-0.05167468064847003,-0.014263158888444871,-0.0035603512879937016,-0.0035327562929022838
2020-03-12,-0.09826423509303694,-0.04001100376823996,-0.0398882588306293,-0.002689828368011349
2020-03-13,0.07164390258962405,0.01570899429332928,-0.03051623730778741,-0.0013484867972753944
2020-03-16,-0.11215241664972286,0.016716911388870104,-0.011446115323986206,-0.005278355858191253
2020-03-17,0.062455983428561845,-0.025850435095094992,0.0135554799295321,-0.002715717142715124
2020-03-18,-0.06010928036731111,-0.03809033885230095,-0.019921988429849713,-0.010147060220947246
2020-03-19,0.006342442200080178,0.022332952808507,-0.018905499074657994,-0.016502591066869465
2020-03-20,-0.03168758628264978,0.009913091750006098,0.014995707221804766,0.019830128002139125
2020-03-23,-0.017718471312661466,0.023720361820993796,0.044179590424960224,0.00897416349947422
2020-03-24,0.0813548088266931,0.008256646437007742,0.048530353360380474,0.003335544528747292
2020-03-25,0.02740418764285968,0.010213839337538166,-0.01368964099270864,0.008372043526623019
2020-03-26,0.052684040421147715,0.0030509110000136452,0.012822223412266576,-0.0004884228520841694
2020-03-27,-0.029273045693360977,0.004257822323450844,-0.006460489804721581,-0.0007322287546766004
2020-03-30,0.0220494205458881,0.0009519856073274546,0.004400644787818209,0.001833277718269466
2020-03-31,-0.007455546081824749,-0.002680468000785474,-0.03184668568859872,0.0028067172064620838
2020-04-01,-0.04586869922742187,-0.003396253336675814,0.009456223354449733,-0.0022552783422220557
2020-04-02,0.02010059752343274,0.0014821105993880757,0.0163934225377782,0.0014661899153707303
2020-04-03,-0.01494266966456348,0.0006964269457356842,0.0049374590529023266,-0.0023176336866544966
2020-04-06,0.06167693900887783,0.004870086273323304,0.027710521817620126,0.0015890774359177406
2020-04-07,0.0010991407574969525,0.0013845853138916286,-0.005354484768834378,0.0008545422790586787
2020-04-08,0.024153010911065476,0.0009506800007168525,-0.008907968786563414,0.001951820307281249
2020-04-09,0.014548251333887041,0.012434427714747232,0.026123560972308058,0.005235190200878481
2020-04-13,-0.00799988221379433,-0.004691028390671703,0.017140343933811808,-0.0007265944246210854
2020-04-14,0.025715305489074414,0.0005143227535759909,0.007868093580683189,0.0012117272119773759
2020-04-15,-0.024922432742238487,0.004110432567983713,-0.005101958505246418,0.0014525933749527375
2020-04-16,0.004259787206990939,0.0012800408690469833,-0.0008649946516461338,-0.0003624330592388869
2020-04-17,0.027268890230058185,-0.0011926431080286903,-0.019417471147623044,0.00012081889560100478
2020-04-20,-0.014599760676136997,-0.0014500222295186216,0.007126124562213176,-0.0013300327141493318
2020-04-21,-0.030679543053085068,0.0005126534097772417,-0.006825274631933054,-0.00012118100438662793
2020-04-22,0.02346768979716818,0.0,0.019670860003665247,-0.00048413523582868656
2020-04-23,-0.0010558379705087884,0.002390298860277751,0.00995486708021609,0.0008478089989547577
2020-04-24,0.010268894177374976,-0.0005110132775534293,-0.004285520778353313,-0.0004841751954717255
2020-04-27,0.01629272960093231,-0.004601237380926104,-0.006640444141094992,-0.00024209693289201084
2020-04-28,0.0001470357449722126,0.003937760347872299,-0.004456556273727319,0.00012134768042937338
2020-04-29,0.026470811525506788,0.0006820604925963369,0.005533445721913166,0.0015744138587281409
2020-04-30,-0.01547283329440019,-0.0022155749265918567,-0.018116569301821484,-0.0002416377912021206
2020-05-01,-0.02633856654697775,5.1256586022674355e-05,0.00617125761149806,0.0001932922730092379
2020-05-04,0.0032876348858779103,0.0008559489151713784,0.003504803873276119,0.00012136365757720036
2020-05-05,0.00700137009673929,-0.0007701784653393329,0.004241037483481591,-0.00024205124093290564
2020-05-06,-0.005325400313940132,-0.004020402175947124,-0.012855591040204617,0.00012073153392333502
2020-05-07,0.013236199329951681,0.0030923225454615455,0.015350754880484763,0.00048502349831069935
2020-05-08,0.016586022584344384,-0.0026549952231323948,-0.006010293229887331,0.0003625139659448884
2020-05-11,0.0010107460105053256,-0.003005115570046568,-0.006233636774804485,-0.0007257344197559856
2020-05-12,-0.016875961727381927,0.002583947472690973,0.0038890673962401756,0.0010898772037197801
2020-05-13,-0.013204085459976755,0.001631882900418935,0.00962264814750724,0.0006046846102008008
2020-05-14,0.006244425129308562,0.0030877536152613683,0.008850059782004704,0.00012157391527289896
2020-05-15,0.0008862551716313227,0.0005985158863952567,0.0056438144895878395,0.00048343961151853243
2020-05-18,0.033953596495745364,-0.0014529362400160784,-0.007564144999551381,-0.0006047064093396282
2020-05-19,-0.010137022240366611,0.0011124698515911913,0.00965020617044443,0.0009675347080080332
2020-05-20,0.016731399272407854,0.0025642774117351497,0.0023742810342795018,0.0007244390702674242
2020-05-21,-0.008795377422029627,0.0007673777996328734,-0.0145763375976391,-0.001085764551597146
2020-05-22,-0.0011450010086274665,0.0005110116842950152,0.005916836449104457,0.0009663044987082703
2020-05-26,0.018770197581316372,-0.001617648885493761,-0.014214859559966153,0.00024158460595824494
2020-05-27,0.012517612224745678,0.001449977111558809,0.0018024320171106112,0.00024077450780035647
2020-05-28,0.0008336692071586604,-0.0006816602414035922,0.003350344766475555,0.0008454068286840588
2020-05-29,0.0023597602120402073,0.0026423319653792188,0.0073584122707384125,0.0007233633488537006
2020-06-01,0.012738515407137108,-0.0005619928831800403,0.004603768848692402,0.0005065136041513263
2020-06-02,0.01093809638453469,0.0008521476524534499,-0.0064768271714218395,-0.00012010884582902559
2020-06-03,0.016364423799115624,-0.0024690466613407347,-0.01845018380928054,-0.00048306486871096954
2020-06-04,-0.005455627105217742,-0.0029866543398053835,0.010526269495827023,-0.0006029436170527092
2020-06-05,0.022879253179522996,0.0005991825504829684,-0.02027532426346157,-0.0008451023326884188
2020-06-08,0.011641566385889313,0.0011119344202363823,0.010822142733466267,0.0002413552829214627
2020-06-09,-0.008792205942562359,0.0012816240800064271,0.00964183116931494,0.0003626969367083177
2020-06-10,-0.002739480027754815,0.004096553371690126,0.014324773012967418,0.0019323589597386448
2020-06-11,-0.056245971757058255,-0.0016997851213575998,-0.007214084989501601,-0.0012055423462679071
2020-06-12,0.014414519509522439,0.0010214836197306454,0.0014163170663434865,-0.00012105357569636155
2020-06-15,0.0068067600625225655,0.0033167436809307116,-0.0017832572551969017,0.002414287123658987
2020-06-16,0.016559191920312966,-0.001949817295755052,-0.0004928345355281749,-0.0006022785599316682
2020-06-17,-0.0005383720897172983,-0.0008492381590909925,0.0019106166939522051,0.0
2020-06-18,-0.001212274167852967,0.001020075749869065,-0.001968455156468263,-0.00024084252495448766
2020-06-19,-0.0056642978463705695,0.0003395757096564811,0.011032995719469696,0.00024090054404979355
2020-06-22,0.010036701138980808,-0.00025455670012930476,0.006462217682632332,0.00012095646808818472
2020-06-23,0.004699814012959713,-0.0001696188852970959,0.008419646377624934,0.00012051372668464566
2020-06-24,-0.023522936401305206,-0.00016995681365672421,-0.0034839130582626776,0.00012028517431716956
2020-06-25,0.010676218715872876,0.0011891269135373417,-0.0006027175913517757,0.0
2020-06-26,-0.0193663468324492,0.001188100617946608,0.004463149702982783,0.00036102612742028306
2020-06-29,0.011462342600300879,0.0008471404632921509,0.0005404803669293301,0.00036121672597100307
2020-06-30,0.00655381778744113,0.0008463463711050334,0.004440918278166173,0.00036097937039247796
2020-07-01,0.0074606248301942735,0.0005342162464869737,-0.004481089931769877,0.0002656131639808823
2020-07-02,0.009290500866072415,0.001186051681351774,0.0021606086958432247,0.0007225751629909016
2020-07-06,0.019210308966760348,-8.484818208542855e-05,0.005988741319838731,-0.0006021383117789103
2020-07-07,-0.01164931233365607,0.001523092615883126,0.006310260659329048,0.0003614579223125691
2020-07-08,0.01032993201198229,-0.00033783091524319797,0.006211565862881185,-0.00024084927620249275
2020-07-09,-0.006160809769067299,0.0026198037200828583,-0.0027044004055614135,0.0
2020-07-10,0.00804536448695381,-0.0011799468755909759,-0.0025938951172596036,0.0
2020-07-13,-0.008766104939492814,-8.440338840121075e-05,0.0012411575864292868,0.00012072073053781551
2020-07-14,0.012407484654135326,0.0016035697443588237,0.004663568910189042,0.0003611570999202396
2020-07-15,0.009908639670330954,8.435191588684887e-05,0.0008813320073604025,0.00012002189438553579
2020-07-16,-0.006067318609421002,0.0006739930306089992,-0.009451688651900159,0.0002408691275603836
2020-07-17,0.0035069185989353713,0.0010103850913358858,0.008238009985450212,0.00024070438107592906
2020-07-20,0.008801276543727754,0.001093644567273122,0.004820170160796611,-0.00012069673712222784
2020-07-21,0.0030793018587229604,0.0005883948597384947,0.012050997596656066,0.0006018488574903724
2020-07-22,0.0031978897990059263,0.0008395467241011367,0.015202340363078104,0.00012063870031897572
2020-07-23,-0.010327591868941277,0.0011748062815779559,0.008825301770064575,-0.0004813234143523637
2020-07-24,-0.005926497973622213,-0.00033534119348732627,0.008578870839228259,0.0
2020-07-27,0.011145807685414733,-0.0006705266051706404,0.019753770786684832,-0.0002408309510774087
2020-07-28,-0.006793263774435343,0.0006709765127739242,0.00834113103275036,0.00024088896459573128
2020-07-29,0.011872665202396826,0.001173745209028354,0.0075102306547618625,0.000721425813129839
2020-07-30,-0.0065043596899919676,0.0007537147778677866,-0.007400261112960993,0.0004805682797213162
2020-07-31,-0.0029524899291974993,0.0004182630537901133,0.00908793109962347,0.0007216252138044776
2020-08-03,0.010557311500235755,0.00039385228791788407,0.0011325390830079218,-0.00012055688762158123
2020-08-04,0.005223670969859651,0.0019261849591709623,0.021277725496816835,0.00048090103919351535
2020-08-05,0.006844155396427798,-0.0019224819034443508,0.009283241730161151,-0.0006007575101875107
2020-08-06,0.0035245598925819355,0.0014238108904520708,0.013274069532868138,0.00036101206093475113
2020-08-07,-0.004515661286090822,-0.0011709187169309798,-0.01588530528005727,-0.0004805722824691161
2020-08-10,0.00252008054464814,-0.0009211294662954117,-0.003458957447482258,0.00036062914177503735
2020-08-11,-0.0035192439842109957,-0.002765708197380312,-0.05369440853432972,-0.0010825623959038744
2020-08-12,0.015766742734285133,-0.002016877882791812,-0.004668202325739945,-0.0002403089088930388
2020-08-13,-0.0021110782779433235,-0.003705540312326172,0.023618065792215592,-0.0007222730539790945
2020-08-14,-0.0022396913334058466,-0.0009294665420019887,-0.0043092158240957135,0.0004819345510256312
2020-08-17,0.007233650090205934,0.001353418321027977,0.02169391289315903,0.0
2020-08-18,0.001114298956588211,0.001436704997186844,0.009008003623491856,0.000722126940102763
2020-08-19,-0.005442003300830778,-0.0015187961446309073,-0.03156545548841261,0.0003609095132912632
2020-08-20,0.0009946591175666875,0.0017742538051028767,0.006913929262821528,0.0
2020-08-21,0.0016150823016092275,0.00101240236879363,-0.008010905834894388,-0.00024080367052981
2020-08-24,0.01066756527031032,-0.0004216050668401916,-0.005658401286623649,-0.00012000453160987412
2020-08-25,0.003927529344241565,-0.002107309272802893,0.0012154763574758753,-0.0006015869146531738
2020-08-26,0.008190522592972815,-0.0001690541188423822,0.011808847672626355,0.00036102010951344354
2020-08-27,-0.003031333855525009,-0.0034635522965829058,-0.011561927956646234,-0.0002403089088930388
2020-08-28,0.00766240577903976,0.0013562866252934125,0.0173802350530341,0.0007221664139298589
2020-08-31,-0.006035165896454253,0.002201268508616794,0.002386259791001155,0.0003608226329778752
2020-09-01,0.008621742868359261,0.0020734050978983287,0.0011902895553947967,0.0005537151645731431
2020-09-02,0.011437530599920143,0.002026686889451179,-0.013131628719242117,0.0
2020-09-03,-0.03047259316790485,0.0002528330037248061,-0.00810423703378893,-0.00012041271217555494
2020-09-04,-0.004910831333738264,-0.0049711001176131475,0.0027602959130217375,-0.0009628853125117631
2020-09-08,-0.02344234810365242,0.0011009071637535506,-0.0019269219593246456,0.00012075644480247227
2020-09-09,0.01958294849280895,-8.468627830371389e-05,0.00970825655471863,0.0003613730470695131
2020-09-10,-0.014746103072823646,8.469345067685374e-05,-0.0032231430104036063,-0.0001205917175648441
2020-09-11,0.003647569094724634,0.0011839999289431358,-5.486005292487661e-05,0.00036107298660525977
2020-09-14,0.012280678354223307,8.435669037276661e-05,0.007892586821005798,0.0
2020-09-15,0.0066848701493384954,8.457899352976028e-05,-0.0023927480714920346,0.00012013671302324447
2020-09-16,-0.002705638273427624,-0.0005067428455549638,0.0028345831622316187,0.0
2020-09-17,-0.005425019774974671,0.00025315560876237875,-0.005489995652194879,-0.00036047333716626717
2020-09-18,-0.009422381782983269,-0.0011824705848969552,0.0013117087099276947,0.0
2020-09-21,-0.013767348743443208,0.00016908059592646296,-0.020087296599797022,-0.0003612425037653466
2020-09-22,0.004695415473516595,0.0007612700001815575,-0.004846314367596194,0.0003613730470695131
2020-09-23,-0.018567446517559483,-0.002112919795345558,-0.021606497297661065,-0.0006027455282524574
2020-09-24,0.0005146752571989488,8.44105452921795e-05,0.003718800733685912,-0.00036103399624876076
2020-09-25,0.010933776765183811,0.00033891691475984587,-0.0028499771605223767,0.0
2020-09-28,0.0159052809578617,0.0008468902704255044,0.01006056066236427,0.0009644912599178213
2020-09-29,-0.0035069023392504395,0.00016937255660742778,0.008432402483858015,0.0001205917175648441
2020-09-30,0.00452484844263501,-0.0016072356687195644,-0.006004867330144381,0.0
2020-10-01,0.007507479257638172,0.0013746450188383275,0.008920516455577454,0.00010800817794454076
2020-10-02,-0.0075756471009484905,-0.001016914473204622,-0.0008953758525005462,-0.00036137294881177784
2020-10-05,0.016518583300500822,-0.0032227917698158803,0.004872915921881216,-0.00024153511064961553
2020-10-06,-0.010710479893268565,0.0008510597066024861,-0.011760774579356315,-0.0004823343704694061
2020-10-07,0.01368843923599461,-0.0006802227147363338,-0.0004512229536247636,-0.00012080171395556505
2020-10-08,0.008102240609511258,0.001276026253109963,0.0035549310375408982,0.00024120608159217127
2020-10-09,0.008524095524183872,0.00025501823829632286,0.018161347296547614,0.00036214830596792424
2020-10-12,0.011712103806038598,0.0019539504276051556,-0.002871682500567352,0.0001207434471368618
2020-10-13,-0.006683161678877947,0.00025384306369047316,-0.015728823528417535,0.0006028984518893221
2020-10-14,-0.004806109370578571,0.0005934268497038708,0.003094772946095059,-0.00012044314130621459
2020-10-15,-0.005191368150844755,-0.00084670303712997,0.003646120384284801,-0.0002409152992078889
2020-10-16,0.0006066998195277673,-0.0005088354319251476,-0.0034652086045857677,0.0002409733533754732
2020-10-19,-0.009824155535724688,-0.0011874527107882393,0.0005047466985432791,-0.0007234914356847311
2020-10-20,0.004777305841630053,-0.0008497042037755032,0.0048209014703402,0.00012075802787747669
2020-10-21,-0.0024382600768869667,-0.0011897218418350786,0.007531414803434444,0.0
2020-10-22,0.0031772688495104173,-0.0017872467993331753,-0.009800687777642758,-0.00024063433683607638
2020-10-23,0.004263657069965232,0.001449291887894777,-0.001062475196895396,0.00024069225565748198
2020-10-26,-0.01686059242677662,0.0013621061230304488,-0.0005037860400700644,0.0
2020-10-27,-0.0033313523583364812,0.002295182575112742,0.0026323226696718383,0.0003621237717310599
2020-10-28,-0.03193867299602127,-0.0014416098566959468,-0.01614344386479838,0.0
2020-10-29,0.007928297271935003,-0.0017837533895881386,-0.004144728133141373,-0.0008441524545298451
2020-10-30,-0.008627084066805901,-0.0027231295988522364,0.004561020978312902,-0.00036197865743980984
2020-11-02,0.011005696251042751,0.001812177422047423,0.009704919089013941,0.00020542661166289555
2020-11-03,0.01835462075553873,-0.0004269590585749272,0.005676996717700833,-0.0002413213618884802
2020-11-04,0.02113103757055912,0.006657384599237481,-0.0005588578456844351,0.0015711540804033142
2020-11-05,0.020328608754282884,0.0009321654924971945,0.022983923404670703,-0.00012023424058182908
2020-11-06,0.0013125712458410543,-0.0022022209906142898,0.0014213621387162423,-0.00036234373127774777
2020-11-09,0.014535908642243855,-0.0046686788975254245,-0.04427097823171633,-0.0012072913107309402
2020-11-10,-0.0008222258928735071,-0.0016205212985932471,0.0033127817282887495,-0.0004835642558006503
2020-11-11,0.00834519250884691,0.000597958616454175,-0.004326595410341194,0.0007251103007606119
2020-11-12,-0.010840495063027089,0.004183748141643351,0.006060679556170845,0.00048376760256574336
2020-11-13,0.013433809587139578,0.00016922092328508498,0.006819714153532219,0.00012109661943227046
2020-11-16,0.01232553171112638,-8.45961462044853e-05,-5.650127239831271e-05,0.00024173756871470609
2020-11-17,-0.002411979907735784,0.0020402205484626457,-0.0036691725592956637,0.00024061354108639854
2020-11-18,-0.008405246159056579,0.0006790460593169012,-0.005722348480656891,-0.00024055566013725382
2020-11-19,0.00510888805665477,0.0018652489224562085,-0.0018804594035273237,0.00024061354108639854
2020-11-20,-0.002425912469236957,0.0010152574945578863,0.0030257979459697992,0.00024226021751649895
2020-11-23,0.003705827661258043,-0.0002533853294470756,-0.0196938167555728,0.0
2020-11-24,0.014884079155242258,-0.0013530787978617287,-0.015328336846880064,0.00024102994235208897
2020-11-25,-0.0010231836473472145,-0.00033905271513379187,-0.0004717367343725076,0.0
2020-11-27,0.006145485882254276,0.001694539354000879,-0.010146901518740647,0.0003619369665315286
2020-11-30,-0.012215708031506955,0.0013530787978617287,-0.006674981596057172,0.00024141690005574645
2020-12-01,0.0141990425440226,-0.003164219406196489,0.0210595460814611,-0.0007005572638785207
2020-12-02,0.002032273161624021,-0.0011030813973484932,0.00752153069206285,-0.00024163432983803634
2020-12-03,0.0016899675322543661,0.0016990695021577018,0.007873502810363364,0.000967197002371023
2020-12-04,0.008773955294409719,-0.002714282036766491,-0.002835427586930339,-0.0001203571382584201
2020-12-07,-0.002341796177732003,0.0015306853232983642,0.014914066598165077,0.0002406368223082378
2020-12-08,0.0034648088737327942,8.519702462006506e-05,0.003487910186290799,0.0
2020-12-09,-0.007016811933256539,-0.0014432553564022177,-0.017094017094017144,-0.0006032029876477107
2020-12-10,0.0026920053127543753,0.002465573298442436,-0.001913054093070632,0.000966303518532996
2020-12-11,-0.0025730775086206803,0.0011026729544132419,0.0018586706605219216,0.0006036225864403111
2020-12-14,-0.002983897244182243,-0.000592928627876188,-0.005507636250083436,-0.0003618487665624226
2020-12-15,0.012696947751145826,0.0005932804008101922,0.013990959829817351,0.00024117804628986939
2020-12-16,0.0024628473296461895,-0.0004235967584736988,0.005519095329445722,0.0
2020-12-17,0.007146763877657447,-4.214096565258174e-05,0.010520363984510617,0.0
2020-12-18,-0.004546085708024061,-0.0005092247941933525,-0.0016974258370123785,0.0002413325212369255
2020-12-21,-0.006348751075234582,0.0,-0.003173869592184575,-0.00024127429390330413
2020-12-22,-0.0016814729308227694,0.0014429021322028834,-0.007903112071065643,0.0002413325212369255
2020-12-23,0.004715960002108277,-0.0006780792980559669,0.00664787877129025,0.0002655080115288033
2020-12-24,0.0012293594225205595,0.0009334687155555521,0.003985267471422693,0.0003624529361079265
2020-12-28,0.006585647095544989,0.000169362266803752,-0.003629142996869339,-0.00024101663344056057
2020-12-29,0.001995784786525956,0.0001696385562743874,0.003642361648136694,0.00024107473646206579
2020-12-30,0.003320146442670424,0.0005929100670991616,0.007655178894261816,0.0
2020-12-31,0.0006619243701246891,0.0007617632774332694,0.003714145601823482,0.00048256437449123446
2021-01-04,-0.005511525240621595,-0.0012688674376094555,0.022258360658879317,-0.00012060944718084166
2021-01-05,0.010308145214901643,-0.001016581785098447,0.0029616260665272787,-0.0004822836161078037
2021-01-06,0.00559505332543786,-0.004918694847803495,-0.01624105266038789,-0.0009656700576310406
2021-01-07,0.010473600127886007,-0.001022646360653301,-0.00233462025122122,-0.00012037350238935929
2021-01-08,0.008853355479015557,-0.001194168057163436,-0.03420993723985433,-0.00048367897201417875
2021-01-11,-0.008775661428822579,-0.0016229456028502565,-0.0019614419353504164,0.0
2021-01-12,0.0035627734968965985,0.0008552422942753601,0.006473960214956609,0.00012055265251476044
2021-01-13,0.000645616682973138,0.0031628691497669337,-0.004307374345463466,0.0006048183757547676
2021-01-14,0.0015051665578866835,-0.0019596167611822812,-0.0005190998467168306,-0.00012099688246958173
2021-01-15,-0.010520511032502844,0.0010242492193306418,-0.012407628760563338,-0.00012037350238935929
2021-01-19,0.009330299627832161,0.0013649844800927013,0.00847307255811236,0.00036180208064906516
2021-01-20,0.012469357549706794,8.483123947566895e-05,0.016282289539807593,0.00012140756658296503
2021-01-21,0.00021216470923057784,-0.0014478322552813339,-0.0006271772092728556,0.0003616273229531952
2021-01-22,-0.004670459492743806,0.0,-0.007873145210082533,-0.0004828455413878885
2021-01-25,0.003306233275519377,0.002558693642017662,0.0008626173693986328,0.0007250434361616431
2021-01-26,-0.0030826580570594286,-0.0003402221233319569,-0.0024705999829396363,-0.00024178933456198148
2021-01-27,-0.02462946761293161,8.491220392037313e-05,-0.006335623059913753,0.0002418478107832911
2021-01-28,0.008417101474188504,-0.0006805414749031513,0.0009273614616172043,-0.0004828350288155203
2021-01-29,-0.01962023844183014,-0.00110704479639534,-0.0004053281700162614,0.00048306827109811934
2021-02-01,0.01702740881546938,0.0009565650295870753,0.009385291185094458,7.245181290471692e-05
2021-02-02,0.012720241358145312,-0.001535768981359098,-0.012167796413785958,-0.00012056722897735295
2021-02-03,0.0017177079146037944,-0.0011956335891079028,-0.0015106298641213156,-0.0003628076959851789
2021-02-04,0.006858780310524004,-0.0004278853718984177,-0.021530474690833024,0.00012115692106262621
2021-02-05,0.005747810476877113,-0.0012840518758495678,0.009872160109213546,0.00012039838795807611
2021-02-08,0.007513878439270094,0.001028870088526812,0.010070118005137685,0.0
2021-02-09,0.0019959426047633233,0.00042748639078626915,0.0032649110578624185,0.00012134016493337008
2021-02-10,0.00020975933653133438,0.0009412978443756881,0.0036611162023989507,0.00024116353437375615
2021-02-11,0.0049260702884661445,-0.0011964002036229937,-0.008685078696598514,0.00012140240489344478
2021-02-12,0.004797623115038396,-0.0023110295370223355,-0.0030372306060941767,-0.0003624637894639182
2021-02-16,0.0018685221664589413,-0.004717675680985911,-0.014353488272303538,-0.0008460909197148814
2021-02-17,-0.0019686456615845005,0.001981931528953318,-0.011352850687983307,0.0002410487652177995
2021-02-18,-0.006955191798150517,-0.000515885359564483,-6.0088418961767864e-05,0.00012129261572479955
2021-02-19,0.0017770017470331023,-0.0030983012604782756,0.004148551901348441,-0.0006045825829196216
2021-02-22,-0.010330821771981191,-0.0031073877634228975,0.014969164015496528,-0.0003624584895690619
2021-02-23,0.0007381943264745949,0.0002596459480919133,-0.0023007456922117253,0.00024193939641548035
2021-02-24,0.005689671648687833,-0.0003463639484121428,-0.0007095264939214196,-0.00024188087590237828
2021-02-25,-0.022105904986858937,-0.009179568928526005,-0.018816524708764826,-0.0038726262489562346
2021-02-26,-0.008892201721575343,0.008128461903845974,-0.024182906697045592,0.0014577071083194948
2021-03-01,0.02302436704737376,-0.0005210125774305352,-0.0017304170540851649,0.0007772791326896566
2021-03-02,-0.006445570570105086,0.0001739172308261594,0.005447934683729505,0.00048552871850149337
2021-03-03,-0.010953814686423757,-0.0036487442313264395,-0.011021541189334294,-0.001091696428504818
2021-03-04,-0.014300936636853945,-0.002877687603682122,-0.009836893780889033,-0.0010926762645592225
2021-03-05,0.014072060662449593,-0.0006990119809900941,0.0006288110395962221,-0.00024317744748014736
2021-03-08,-0.008820885756806063,-0.003938047475820938,-0.010368190918767173,-0.0020667636409763546
2021-03-09,0.01703921963567301,0.003777853426409017,0.02127113294736649,0.0007310070574493288
2021-03-10,0.004481948717847795,0.0016628025435714289,0.005098279923459348,0.0007302592377527173
2021-03-11,0.01296080625544005,-8.728816361536218e-05,-0.000866011298261804,0.000729833189685225
2021-03-12,-0.0018877468849055612,-0.00568002475000029,-0.00018572795011984056,-0.0009725079923096347
2021-03-15,0.005358805502779118,0.0010547944600909354,0.004396503999798185,0.00024344382170471413
2021-03-16,-0.00010451798024657677,-0.00035128016506236204,0.0009248406787658592,0.0003647563328335046
2021-03-17,0.00292672173257591,-8.81265431005307e-05,0.00714498527693741,0.000729673877856829
2021-03-18,-0.013444529924132365,-0.003864126350733077,-0.005810023730399405,-0.001093499314134938
2021-03-19,0.0007396865616937642,0.0007935974546688929,0.004183119739068708,-0.0002433845712345173
2021-03-22,0.005066819904195885,0.001937980362167746,-0.0014702614866924923,0.00024344382170471413
2021-03-23,-0.011343312701604824,0.002550063526860935,-0.007300628474884996,0.0008517391579812017
2021-03-24,-0.008286466749675037,0.001227743994062891,0.0034608341081703298,0.0
2021-03-25,0.004499143435070518,-0.0005255307801963482,-0.003633653726877295,0.00048582114288064915
2021-03-26,0.01663674056979314,-0.0016650558420510109,0.0028434090575977233,-0.0006073283145167085
2021-03-29,-0.002307925257233334,-0.0016683839663829136,-0.011896005111092234,-0.0003648106059634948
2021-03-30,-0.0015771654296266036,0.000791819520981063,-0.017091823816998808,-0.00036462333416320547
2021-03-31,0.002000986899308943,0.00017540042869890193,0.015167857324082767,-0.00012179912695664541
2021-04-01,0.013031978108158482,0.0033611732026006536,0.012628087827510459,0.00023155338555724825
2021-04-05,0.01110061261822226,-0.002017140432940101,-0.0003704010382533651,-0.00048703622592327633
2021-04-06,-0.0011287859246829068,0.003514746980781691,0.00802867506459215,0.0012181304236436041
2021-04-07,-0.00164342839173659,-0.001576029919323152,-0.002818323186048577,0.00036509059264022703
2021-04-08,0.006173475719959187,0.0024556464949556656,0.01075202788807239,0.00048682322554438606
2021-04-09,0.004499649794844407,-0.0011374741853441561,-0.00753747660190629,-0.0007299861767667837
2021-04-12,-0.0027488131598960575,-0.0002624008517283505,-0.006063609158189043,-0.00036483276825882704
2021-04-13,0.004695840428535991,0.002890618448797566,0.007086479573175097,0.0008519786641221216
2021-04-14,-0.0006096492711079593,-0.0007860000170512027,-0.004344315528953313,-0.00012108943793909255
2021-04-15,0.009454987246910074,0.003933795999636169,0.016162763416190717,0.0008509297060574905
2021-04-16,0.003927998430387714,-0.002611968694113842,0.006047777218550321,-0.0003647091596369334
2021-04-19,-0.004113277300550444,-0.0007861351894545843,-0.0027652942409929215,0.0
2021-04-20,-0.010677911515550087,0.0015724902843039512,0.0035565515706876827,0.00036484222093680074
2021-04-21,0.008858646426070704,0.0009601041608731098,0.009911155680072392,0.0
2021-04-22,-0.006055712931220425,0.0002611981385711726,-0.006483147356353358,0.0003647091596370444
2021-04-23,0.010865114077867277,-0.00017429467221596884,-0.003831414124593202,-0.00012148987509774667
2021-04-26,0.002109551866952941,-0.000871313149914843,0.002644245538133694,-0.00024311585637637467
2021-04-27,-0.0004010575550782436,-0.0024419762176961513,-0.002517371003141977,-0.0003647091596369334
2021-04-28,0.0016045376270295009,0.0005245559927116172,0.002944390689552989,0.00036484222093680074
2021-04-29,0.002402782964830985,-0.0005242809779827384,-0.004133978948338446,0.0
2021-04-30,-0.009288612338600677,0.0010487205257272425,-0.0033690142851713345,0.00024317497606896055
2021-05-03,0.003931704092533517,0.0006389750371145198,0.012978352341882271,0.0001701064913532946
2021-05-04,-0.009439742764905223,0.0012234381135558525,-0.007329692780131181,0.00012180366613057103
2021-05-05,0.003649652714898144,0.0007862653372288086,0.004142168530566259,0.0008508169920886655
2021-05-06,0.00717166476099651,0.00017418100799870828,0.01667957921247054,-0.00024305121577772315
2021-05-07,0.009026261976812666,-0.0002614989748273011,0.00899681760120985,0.0007293309120981473
2021-05-10,-0.009839835846656486,-0.0015703403660086712,0.0030305045955998366,-0.00036434648329031205
2021-05-11,-0.008231256374989115,-0.002184979514010199,0.000174300035968189,-0.0004854046486436614
2021-05-12,-0.020647840569613884,-0.003503152743504656,-0.009933813872024522,-0.0007298450721985317
2021-05-13,0.008061147980034988,0.002284999171777269,0.004107329913244362,0.0007303781350813665
2021-05-14,0.015788407139240457,0.002279946653591658,0.009115862292308208,0.00024271369028761036
2021-05-17,-0.0015139705343009124,-0.0008749078159265844,0.011639321781340195,-0.00012180653140680953
2021-05-18,-0.002729109547197739,-0.0012258652398465797,0.001946172546249958,0.00024311030403278977
2021-05-19,-0.0046626924871933095,-0.0014028763472320183,0.000685616890880425,-0.00048567658623654975
2021-05-20,0.011507196372492201,0.003424084404179073,0.004567270124640199,0.0007292949261439308
2021-05-21,-0.0011073664425941265,0.0004374530874198257,0.0004545724551812125,0.0
2021-05-24,0.0078613698140364,0.0009620228894668958,0.001761036294059215,0.00024277923363724696
2021-05-25,0.0,0.002446531437436894,0.009072814229376336,0.0004854406123744326
2021-05-26,0.0023999833691907835,-0.00034857357583184534,-0.0017420486873281904,-0.00012146080549146898
2021-05-27,0.0010973134385272587,-0.0012209396370780334,0.00039409662496781017,-0.00036378845467344156
2021-05-28,0.0029895369964079155,0.0,0.003770176937892389,0.0004854406123744326
2021-06-01,0.0032787805458187602,-0.00046307559465175174,-0.0026909461441234628,-0.00020633446817286405
2021-06-02,0.0010891890700570617,0.0013117834054205968,0.004890446350902078,0.00024318450427496252
2021-06-03,-0.005242834439137645,-0.002358335148427093,-0.019578228541437537,-0.0009718633954426403
2021-06-04,0.009248303105138245,0.004115131119190041,0.010783359066451448,0.0010939574923631845
2021-06-07,0.0002955213076809571,-0.0006972906788965672,0.0040076283608136976,-0.00012101627296678963
2021-06-08,-0.0004924450474593778,0.0018320450123574528,-0.0030920774052216604,0.0003645817158652864
2021-06-09,-0.0025624054525423823,0.0020037337503786556,-0.0019175027218333307,0.00024239888139288013
2021-06-10,0.005015564832043351,0.0020861012466475426,0.004294325821970535,0.0007288273373280418
2021-06-11,0.0018816485657673354,-0.0004337609943619869,-0.011252390785353672,-0.00048592046772422126
2021-06-14,0.002569627317671852,-0.0025166110897618665,-0.005860923791407013,-0.00048477527233803386
2021-06-15,-0.001971671174277323,0.00043481104361009493,-0.0037777095572453234,-0.0001215183865930225
2021-06-16,-0.006420508404171965,-0.0032177405304718576,-0.016891711518855712,-0.002186533509710542
2021-06-17,-0.0018887172558497145,0.003141125304557457,-0.030740427140865334,-0.00036497217633280066
2021-06-18,-0.013247116427637984,0.0026960086074745426,-0.005547261946798776,-0.0003653186299069633
2021-06-21,0.011809769811892412,-0.002602262810965761,0.012247646651096789,0.0
2021-06-22,0.004090263943034467,0.0010436985390549491,-0.0041928539145718036,0.0008527927442767425
2021-06-23,-0.0018875912457043675,-0.0005212664051363891,-0.0006616578066259704,-0.0006088165241797672
2021-06-24,0.00706724904837186,0.0003474852481726298,-0.0006019387497473438,-0.00012175219100640788
2021-06-25,0.004052746746516123,-0.0019983157706605637,0.0033124733437563947,-0.0002431075283790829
2021-06-28,-0.0002953594725511044,0.0028733999476899807,-5.999463986816611e-05,0.000486973200262808
2021-06-29,0.00039387434424953405,0.0005205942416246501,-0.010505462725200698,0.00024347468652097248
2021-06-30,-0.003937274605754326,0.0006939968766654925,0.004853503869870712,0.00012160113633652436
2021-07-01,0.0041505580491711935,-0.000555571080547379,0.0034413575356286863,-0.0002676817830504774
2021-07-02,0.004625495256764367,0.002171781066499401,0.006558341503640763,0.0007308859260490852
2021-07-06,-0.004212450748209751,0.0032075641725368698,0.004961455343207799,0.0008522017395098391
2021-07-07,0.0021645053544019355,0.0017280396406793574,0.003806801143447114,0.0004869834620373492
2021-07-08,-0.010994571789136431,0.0011215073156760624,-0.0006518168637834609,0.0007298005286346942
2021-07-09,0.013201014791665688,-0.0032745619609853005,0.003320562334123478,-0.0007292683082378293
2021-07-12,0.00293888310212731,-0.0006049329356041522,-0.001241101031467462,-0.000607901183668158
2021-07-13,-0.003418663488324425,-0.0021624655485020794,0.001301782371024407,-0.0008522179378944728
2021-07-14,0.0013721563360962197,0.0033809919730132254,0.010755182911599048,0.0009742766879747844
2021-07-15,-0.004208740083989082,0.0021595414072828056,0.00017547964957964624,0.00024381099465209388
2021-07-16,-0.007568371876914726,-0.0008620473655676086,-0.00970365108457183,-0.0003649357787506302
2021-07-19,-0.015152855190197267,0.005262979752562957,0.0011805498135817327,0.0014604888901945667
2021-07-20,0.01106179506896865,-0.0009440555453908983,-0.001297100524211059,0.00024295354995951257
2021-07-21,0.01054318769203455,-0.0032645386132547083,-0.0037192566567244567,-0.00036466056603989827
2021-07-22,0.0016731830919876067,0.00232695764408386,0.001955450591350383,0.0004855411211237559
2021-07-23,0.006288775336218189,-0.0006877035989821811,-0.0031344183025339145,0.0
2021-07-26,-0.0005860126080071693,-0.0008603361556001055,-0.0023730060647713103,0.0
2021-07-27,-0.006741429591920922,0.0023252303231164895,0.0016650735799190741,0.00024339642446302712
2021-07-28,0.00462305646979444,0.0009452631430570957,0.005046252863966982,0.0004852936068806546
2021-07-29,0.005483333401241186,-0.0016312757986527426,0.011105233370970247,-0.0004850582112319035
2021-07-30,-0.005648181324029,0.0013759020733052907,-0.007886842666167015,0.0004852936068806546
2021-08-02,0.000489765099399353,0.0021237925628370125,-0.0012366429443513294,0.0007535441416772759
2021-08-03,0.007145652568488758,0.0003435388381083371,-0.0007074766626713469,0.00024292994303554138
2021-08-04,-0.002040950038300182,-8.598885657729038e-05,0.0002359625041987723,-0.0006068591844881066
2021-08-05,0.0042851800320287126,-0.002230403661515723,-0.0039520921003340925,-0.0010926277974444565
2021-08-06,-0.0016486815269141086,-0.004471085140599795,-0.024991124040327772,-0.0009726057696822776
2021-08-09,0.00048560724632396024,-0.001813243110206697,-0.017735654639032372,-0.000608377359429535
2021-08-10,0.0012621922633697658,-0.001297680435697779,0.00030919522248562537,-0.0007310079972487893
2021-08-11,0.003102800929686289,0.0009528328459391666,0.01378497662510525,0.0007315427608571845
2021-08-12,0.0004835015747188809,8.645465191525759e-05,0.0002438615008097944,-0.00024398854988227914
2021-08-13,0.0025119478141413243,0.0036345568048876675,0.014325811995228088,0.0007309735347775792
2021-08-16,-0.0013491179599924852,0.0005178027017402886,0.004988291568599701,0.0007300141865664855
2021-08-17,-0.009264705232726045,-0.0007758033450927515,-0.0014950364679763295,-0.00048663993246766957
2021-08-18,-0.006818597847434438,8.630995825709142e-05,0.0007786122169375354,-0.0004863452251510081
2021-08-19,-0.0052962483037272134,0.0017250520291263172,-0.002932408589264246,0.0
2021-08-20,0.005915852633790353,8.60005908134287e-05,0.0005401616803368814,0.00012159227800734307
2021-08-23,0.010096234952683636,0.0,0.012177557387281546,0.00024379319231981889
2021-08-24,0.004560859854491506,-0.0014636471047730915,-0.00047414113127741686,-0.00024373377168551702
2021-08-25,0.0012557715647010248,-0.001896849256093236,-0.006937433805443538,-0.00024304862323321075
2021-08-26,-0.006367496620413915,8.620600821274138e-05,0.0011344784228162208,-0.00012171344442024612
2021-08-27,0.009612532996263523,0.0027641215530660457,0.015029547921398434,0.0009739324889108669
2021-08-30,0.002693007113905743,0.0011198697748804332,-0.0049356385559711224,0.0006083680100263944
2021-08-31,0.0006714036639114962,-0.001462689095995895,0.0020076547129428413,0.0
2021-09-01,0.0041214442014001484,0.00031918541366393605,5.8898619200498104e-05,-4.897556087646304e-05
2021-09-02,0.0027682085881119978,0.0010353920498731295,-0.0026517204262498373,0.00012143559180510799
2021-09-03,0.002284508629415205,-0.0017237663966365169,0.01069422486613747,-0.00012142084699273692
2021-09-07,-0.001519534363577213,-0.002675753182430407,-0.01958371853465668,-0.0008520677570229562
2021-09-08,-0.005326859837143982,0.0016447376014130377,-0.0025044029033459703,0.00036599978924711785
2021-09-09,-0.002677494647517764,0.003197040277683749,0.004423489287242344,0.00036512182047721
2021-09-10,-0.005849212307086793,-0.0019809952787976925,-0.005058656845151166,-0.00024343195922671423
2021-09-13,0.003665175979820523,0.0012943344059863637,0.0033497597913456634,0.00012158619393010106
2021-09-14,-0.005957954651243491,0.0022407405761390997,0.006438546534438316,0.00024335536248409895
2021-09-15,0.005993664633323625,-0.000945653841763594,-0.005864266379652205,0.0
2021-09-16,-0.0025946434632612148,-0.001721832917925159,-0.02264197706190263,-0.0006081341447879973
2021-09-17,-0.009923815312472661,-0.0008619414226326283,-0.0015850424237688898,-0.00048720732611839956
2021-09-20,-0.01761371965417402,0.0018984594274884525,0.0071441542310690664,0.0004874448128022735
2021-09-21,0.0023773742105064333,0.0004309846406203022,0.006669036185550814,0.000243444201791565
2021-09-22,0.009190609515597359,0.0003443023774010179,-0.0037340107339023376,-0.0010958699699424868
2021-09-23,0.010967412423654288,-0.004906418409445057,-0.011546389089901132,-0.0007311686824876817
2021-09-24,-0.0028090456008399434,-0.001729942828915254,-0.00128427290155253,-0.0006096820836944961
2021-09-27,-0.0010683844460491754,-0.0013863063559107491,0.00208203509820426,-0.00024397899266292988
2021-09-28,-0.01973939502283062,-0.004165078291531121,-0.009716428402719801,-0.00036616436645253714
2021-09-29,-0.0016864600898905957,0.0006970573012239356,-0.004504756024632184,0.0004886822720910899
2021-09-30,-0.007154175830046294,-0.00017408488360348695,0.01797665363761114,0.0
2021-10-01,0.008406625817111824,0.0030529384513238167,0.0022530453929923144,0.0013800875277254487
2021-10-04,-0.012306334154240206,-0.0006956531135359212,0.0046783175745395145,-0.0006098194227964759
2021-10-05,0.008641535702124115,-0.002349550561563385,-0.004656532835140448,-0.0006107238898768186
2021-10-06,0.0007970133184052042,0.00043602343223358986,0.0026733243283083574,-0.00024354392851699824
2021-10-07,0.010949480784021581,-0.0027896587692241015,-0.005271739220885419,-0.0006109262774065538
2021-10-08,-0.001083088818199851,-0.002185883945144962,0.00042636491147840516,-0.0006117262494644837
2021-10-11,-0.005914267162543951,-0.0015767429098676455,-0.0018875818465466931,-0.0012228143593678853
2021-10-12,-0.0012890180694420383,0.003685500049151358,0.004514430828637339,0.0007345227845207969
2021-10-13,0.007545613247782468,0.0022732296111691586,0.017794197805277356,-0.0003667783369356581
2021-10-14,0.012908898868564611,0.0019193180245775654,0.0024464685904206362,0.00036691291264356884
2021-10-15,0.008171986177796686,-0.002437695480502433,-0.015892846243722114,-0.001223519586133981
2021-10-18,0.0005791941138715284,-0.000698341334741448,-0.0024799108302698825,-0.0012249115436664404
2021-10-19,0.008486638891287868,-0.0028824578946397006,0.003213671993580469,0.0003677850277785666
2021-10-20,0.0029645680436771737,-0.0007009272766373975,0.008763958748792211,0.00024495725014617165
2021-10-21,0.00019076367364490032,-0.0021035565090391506,-0.0008987052245035265,-0.002083765557392536
2021-10-22,9.544298237829096e-05,0.0019325587972007785,0.006116967151190034,0.0001229186481090938
2021-10-25,0.0034314149749630207,0.0009647268862620351,0.006914158513320778,0.0011049531948599256
2021-10-26,-0.0005700126541228201,0.0018389655768096258,-0.00739951491266011,-0.0004904293493815937
2021-10-27,-0.004942399842045697,0.0033224380583440905,0.002624060476058121,0.000245549167017467
2021-10-28,0.008692239349679554,-0.0007845072995608104,-0.00023788536339730548,-0.0002454888874257044
2021-10-29,-0.002746189007630795,-0.00026186255567484107,-0.008507900517562339,-0.00024522790774972325
2021-11-01,0.005032777899306229,-0.000611275907413722,0.005220584505493342,0.00015938368215295817
2021-11-02,0.0005671001250182606,0.0020103483862710103,-0.0021490007233168074,0.001228815147604534
2021-11-03,0.006420898573724854,-0.002006314994160152,-0.008315382622616663,-0.00012268791574299165
2021-11-04,0.00215800945882183,0.0033219672609703377,0.011340951773961994,0.0012273506310644944
2021-11-05,0.001966123734034708,0.003920670190212139,0.0130629437586407,0.0011041483024814003
2021-11-08,0.0018687911259833712,-0.0018225006647377695,0.003591619309376348,-0.001714910715353013
2021-11-09,-0.0025183289857927393,0.002782471309183965,0.0049281100201232775,0.0007357661012179495
2021-11-10,-0.009069465621411199,-0.00676359877551358,0.010858781500706183,-0.0031870439697115893
2021-11-11,0.0033024575721682936,-0.0018332381487451421,0.005602086369596027,-0.0012296145807232373
2021-11-12,0.00695949901250037,-0.00017446818207256243,0.0018952552280546708,0.0009850744058461647
2021-11-15,-0.0005604299313733963,-0.003674161218591099,-0.0015477459282561279,-0.0006151192187450194
2021-11-16,0.002055932405204519,-0.0003509845111647758,-0.007233864736584827,-0.00012303520448031513
2021-11-17,-0.002797658057668073,0.002371125322503831,0.009137183945092442,0.0007386239045086285
2021-11-18,0.00028042616059309466,0.0008764306544335465,-0.0032091550635745536,0.00012295952316154768
2021-11-19,-0.0035527028872373023,0.0019258073468040315,-0.007646325240812324,-0.0004919919995026723
2021-11-22,-0.006004726131295657,-0.004805690232097537,-0.022420457120115533,-0.0020919416225282372
2021-11-23,-0.0002834394974511323,-0.003950618167677278,-0.008652404091134991,-0.0002459882370552391
2021-11-24,0.0003778169285244548,0.002291736905041253,-0.0009565020521100642,-0.0008638042169898386
2021-11-26,-0.024350954884267306,0.0071235389465904575,-0.001615539860939763,0.0035798824270860674
2021-11-29,0.008996624705820189,0.0005241292937896436,-0.0013785494630753625,0.0002458118453436686
2021-11-30,-0.013614590789073677,0.0016578807110161353,-0.006721853018899604,0.0
2021-12-01,-0.011080867080397239,0.00019172868699746104,0.003987937535404162,0.00014790099550232583
2021-12-02,0.014448628145171671,-0.00017432154141006073,-0.005536820827328315,-0.001723006112551495
2021-12-03,-0.008526269784184248,0.0040135691825464725,0.008412002804647267,0.0011092902034774976
2021-12-06,0.010065484491463383,-0.003476021618734948,-0.002460563224478851,-0.001231369557658013
2021-12-07,0.021671756575870615,-0.0015695810288295364,0.003549490636251651,-0.0009862886870315446
2021-12-08,0.0028411569443274054,-0.0026205703526094304,0.0005395140531609943,-0.00036956519402975285
2021-12-09,-0.007932229864758167,8.749661037832368e-05,-0.006111378376110088,0.0
2021-12-10,0.00542546905564012,0.0002629318207636455,0.004219899491422874,0.0007404786730209612
2021-12-13,-0.009969982898020535,0.0035014273065312462,0.00252130006200435,0.0006163941287224972
2021-12-14,-0.005407081802495384,-0.0019191581921667034,-0.009341302746070368,-0.0006160144210500818
2021-12-15,0.01242589085997614,-0.0007864967602645434,0.004291534360497673,0.00024675101318849535
2021-12-16,-0.004794233484173516,0.0013747433048707514,0.012097561477355745,0.0012331285207312082
2021-12-17,-0.009827633636186328,0.0012241215410835338,-0.002140821851282393,0.00012324679027386765
2021-12-20,-0.009438347656365309,-0.0014846766147489365,-0.0042312675861405635,0.00036937305359230344
2021-12-21,0.016306374624377007,-0.0007873240670553949,-0.0004188884251822289,-0.0016005616171194115
2021-12-22,0.00937571874787646,0.0008751584768915688,0.009400024100517657,0.000616381001634192
2021-12-23,0.0064157585495763225,-0.0012244907426737228,0.0022540179789249937,-0.00032152263504325873
2021-12-27,0.010941885867226109,0.0005258674858834578,0.002367247994286892,-0.00012366929370877244
2021-12-28,-0.0010352419797643453,-0.0004377733568875497,-0.004310065233419702,0.0
2021-12-29,9.419631864004963e-05,-0.0029767383103650458,-0.0002965076609273698,-0.0003716979596551928
2021-12-30,-0.0012161284316105636,0.0021954317814487645,0.0071772153754725565,0.0007433501257498865
2021-12-31,-0.0016045355826114216,-0.00035023000063527654,0.00683158799329231,-0.00012385332374986735
2022-01-03,0.005294000524673548,-0.006837806071369856,-0.015383743445999576,-0.001855668531745236
2022-01-04,-0.0008463036375719879,-8.817170354680215e-05,0.007366515057776857,0.0006196344543856203
2022-01-05,-0.016282391013365483,-0.003089247074450685,-0.00300766493835114,-0.0018577522358638188
2022-01-06,-0.0021048439070958658,-0.0010625286443992632,-0.012244126909514819,-0.0016133500626164254
2022-01-07,-0.0001918248497759789,-0.0029251009139833473,0.004551137683908024,-0.000248583907529798
2022-01-10,-0.002876739985358756,-0.0008890874942885096,0.0030402057039400354,-0.0008706375621371221
2022-01-11,0.011925305202640457,0.0018690362573841046,0.0120646549718888,0.0002488623857945793
2022-01-12,0.006082453453758685,0.0,0.002642622730480104,0.00024869252925041607
2022-01-13,-0.013413803393016677,0.0017758090184842867,-0.0033969884760131075,0.0006223321300355966
2022-01-14,0.00028707550582662833,-0.005585003246247333,-0.0028796749096049457,-0.0018648646112822131
2022-01-18,-0.017325474873082447,-0.006062379616407099,-0.001650255097062403,-0.0028644341778178983
2022-01-19,-0.006039240379579147,0.002152616010873576,0.015880526897095182,0.0006251137752582014
2022-01-20,-0.00784027210370375,0.0005370178332331221,-0.0024988838330701757,-0.00012518288775908992
2022-01-21,-0.016989216010197983,0.003935990705016934,-0.0032624385581478954,0.0016225993365559521
2022-01-24,-0.001607727021608052,-0.0011582629584606652,0.005494198734739664,0.0004984691806020347
2022-01-25,-0.01006437118922976,-0.0009816116000986863,0.0031971345443269072,-0.000747007027507518
2022-01-26,-0.004981725410953208,-0.005625242298910704,-0.016166464916677392,-0.0028667491598811656
2022-01-27,-0.005108838982403219,0.0033225202441764523,-0.012898211138547944,-0.0005003521337962891
2022-01-28,0.016021398070069193,0.0007161556517745193,-0.0029832934474428585,0.0007508496570878265
2022-01-31,0.020620456218591432,-8.934667418869502e-05,0.005924537392067553,-0.0001254633985746656
2022-02-01,0.0077252078202290075,-0.00034951113908610054,0.0008328835308379912,-7.472353377024898e-05
2022-02-02,0.006388322067926833,0.001075241173834618,0.0036259919505645666,0.0010007628009949254
2022-02-03,-0.019140641464667874,-0.004028001309795748,-0.0014214062993387344,-0.0015000226455311738
2022-02-04,0.004480165563812699,-0.006291120456677457,0.0015420788696549614,-0.0032552209085927597
2022-02-07,-0.0019822673611678,0.000904660835618909,0.007402581993851909,0.0005027569983164781
2022-02-08,0.007746524960079659,-0.003072316945436082,0.003056870675416823,-0.0013807444420383952
2022-02-09,0.015768223695788786,0.0006345040078969966,0.0033991784238243117,-0.0002514906103452397
2022-02-10,-0.014456179102736222,-0.009239093191435344,-0.0037965605384254753,-0.005658327277911379
2022-02-11,-0.01899991493930886,0.006582709850207369,0.019054878321533186,0.003540808356145453
2022-02-14,-0.0037129102631935362,-0.005812907415870927,0.005350715998122091,-0.0027721462867493774
2022-02-15,0.017526058359242258,-0.0016445954409737285,-0.009499848975192515,0.00012639675810932616
2022-02-16,0.002276755567463651,0.0011895943213553473,0.010284254451501385,0.0012631507474152315
2022-02-17,-0.019357964189791854,0.002102029605923539,0.013668073780773726,0.0011355546175848552
2022-02-18,-0.007452744656265664,0.00209826447923267,-0.0007334549100845855,0.0005040942085867695
2022-02-22,-0.011567792186777726,-0.0010924125057609757,0.0020890378623359407,-0.001133585908634993
2022-02-23,-0.01416704224804266,-0.004464677839541853,0.0045072272703239324,-0.0016396123701855059
2022-02-24,0.0041654340253935995,0.0018305296077014699,-0.006450131470019049,0.0013899039079590114
2022-02-25,0.022192284156358655,0.0010048871711716423,-0.003330678220184624,-0.00037900579104666043
2022-02-28,-0.007000118660242305,0.007209877132053233,0.010365345791119474,0.003281841857031731
2022-03-01,-0.016959615994721955,0.005635391377731169,0.018163415997793697,0.0034740174850085292
2022-03-02,0.01434208359171607,-0.012001543136225479,-0.010406339832951472,-0.005143764635933579
2022-03-03,-0.010143322214415718,0.003379218558626773,0.005953415398956663,0.0005045851720111294
2022-03-04,-0.014801792311952,0.00400533038399109,0.015929145881701023,0.001260280923113033
2022-03-07,-0.03109894745951558,-0.0058022138912042776,0.014862865283030269,-0.002265868355915912
2022-03-08,-0.0011929244467786537,-0.0035568537117707244,0.027358997610294145,-0.002270577084338199
2022-03-09,0.030289844302683333,-0.0021048793316532644,-0.029711176156992036,-0.0011383650147596125
2022-03-10,-0.007902959541304933,-0.005594077479242343,0.0031212277978962533,-0.0016456794746193548
2022-03-11,-0.013807653971754319,-0.0001847053859668213,-0.007027884128157469,-0.0008878407984153069
2022-03-14,-0.006462097452907711,-0.009685163872562907,-0.015073711931138378,-0.0035534197955580105
2022-03-15,0.015609763763301032,0.0022352706061750105,-0.01870545038411886,0.0
2022-03-16,0.03383495035949324,0.0007436195931516121,0.006260803404375848,-0.0006368572325602395
2022-03-17,0.010220985266515159,0.0016715529102284687,0.004888644573449508,0.0002549935407156756
2022-03-18,0.01103730720614493,0.002225154188384648,-0.008789852082788041,0.0002543767422185095
2022-03-21,-0.003537944586827435,-0.009805652391991604,0.007640798069546317,-0.0048406450898245135
2022-03-22,0.0120714532977646,-0.002709465811698397,-0.007250775291250955,-0.0010238593032169119
2022-03-23,-0.01122588941489644,0.004121937066822845,0.013659661796972422,0.000768653753890236
2022-03-24,0.011556152049517099,-0.0022389802631579414,0.007260367097212672,-0.0008962587683816192
2022-03-25,0.0019039121159583061,-0.007947564176172706,-0.004095451209537915,-0.003588362070161555
2022-03-28,0.0039006861111370306,0.0024502448749403882,-0.018203790082975457,-0.0011577268940859975
2022-03-29,0.0160408283046658,0.004701371806687282,0.00044678784846130526,0.002060294104362592
2022-03-30,-0.005589320287897492,0.0027134519209877084,0.008038419372069505,0.0010281403047582849
2022-03-31,-0.016073286845425194,-0.0004664570489311126,0.000387595883929448,0.0
2022-04-01,0.0065142834123146365,-0.0017768208339403735,-0.006365867342034592,-0.0021981472234979815
2022-04-04,0.009658276574900482,0.0008430763273896691,0.004846769455083555,0.000644261117626943
2022-04-05,-0.014299725535468988,-0.010108558547165969,-0.006264842571455875,-0.0033467313942668886
2022-04-06,-0.011505726780688286,-0.0025527381826730977,0.002343216670796844,0.0
2022-04-07,0.0021255765905787705,-0.002180549571249246,0.003784886240234764,0.0010334792531554449
2022-04-08,-0.0009091242615965056,-0.005034903659344447,0.006265969312183373,-0.002064824552973854
2022-04-11,-0.014253880970713784,-0.004296937835088999,0.004959463770487282,-0.0003885428402033986
2022-04-12,-0.0055378962262159215,0.0031645286488091173,0.007676751619003053,0.0032340806422288537
2022-04-13,0.012065635630800209,0.0020077290247344504,0.004788537865617837,0.0009024672866762007
2022-04-14,-0.01049523883701664,-0.008109207441943544,-0.003303550666205468,-0.002576153068062359
2022-04-18,-0.001647711118394346,-0.0030779624054804167,0.0030971927027434454,-0.000645701693414158
2022-04-19,0.010623977614092173,-0.006078378723101463,-0.015112904376299419,-0.0037473777968954902
2022-04-20,0.0009186814735120397,0.005727065742582971,0.004894947496407287,0.0015567426176188448
2022-04-21,-0.015499103537078951,-0.005501443959136765,-0.0035576001936850066,-0.0029792496655584033
2022-04-22,-0.022475406939658327,-0.0009699577891112421,-0.0097220932450649,0.0002599028257830316
2022-04-25,0.0015892477831040974,0.006702498602007223,-0.017970993150090764,0.0024673680909004236
2022-04-26,-0.027610427988210007,0.00308814676201119,0.001525017044941901,0.0024614072301609724
2022-04-27,0.003807845645956043,-0.004040359736554033,-0.00755702425744631,-0.0011631257935357242
2022-04-28,0.020916909664584704,-0.0003868268044620038,0.005398323510093839,-0.001164815976870237
2022-04-29,-0.026220843310979514,-0.005990311129103865,-0.00011297696546286318,-0.0022017031210066484
2022-05-02,0.003270409461622048,-0.005443988463802896,-0.018540493535693647,-0.0012345514038389904
2022-05-03,0.006085144769772954,0.0022521109991850974,0.00264926246698316,-0.00026050494335394525
2022-05-04,0.023544480637555543,0.006447759082687021,0.009822544372671826,0.003644083388701702
2022-05-05,-0.034082452733008695,-0.009900934366619207,-0.003811138551277793,-0.002074324508303138
2022-05-06,-0.009941099346297166,-0.004215707066417496,0.0016558743678838361,-0.001429511582232701
2022-05-09,-0.031667151232407154,0.004922826298141558,-0.014479496708730832,-0.001951623661828883
2022-05-10,0.003532295041008826,0.003037204136650873,-0.008445202872691127,0.0063883037741478965
2022-05-11,-0.012490061662816965,0.0037113109033242164,0.008167128516088473,-0.0006475264969207917
2022-05-12,-0.0013797237995252232,0.0018493497734419773,-0.015333925720196762,0.0018147866802276091
2022-05-13,0.026367340040612364,-0.004273927718065895,-0.00810956630229509,-0.0009056377768700274
2022-05-16,-0.0032532545019509085,0.002243761963752089,0.009538483763206873,0.0014245470224751866
2022-05-17,0.020258779207591004,-0.005451121084056543,-0.006279296383541522,-0.002974574568220034
2022-05-18,-0.033425203318223184,0.004012829497525683,0.0005314848929158789,0.00012935939188984946
2022-05-19,0.0009129921833503918,0.002534318558130133,0.014697234801531733,0.0016861620277970335
2022-05-20,0.0028505920113546246,0.003014255951028444,0.0006980112537449124,0.0012948299338453317
2022-05-23,0.016145462473682093,-0.003295973628122728,0.004650369455528214,-0.001034233867376444
2022-05-24,-0.008280178226596657,0.00768310896991653,0.007521859850632806,0.004012574448525541
2022-05-25,0.006882606293879379,0.004150284374320634,-0.006029994959596108,0.0010316126493381539
2022-05-26,0.016472519587462875,-0.000769097920851447,-0.0018488983177334939,0.0005149965045461169
2022-05-27,0.020394557443851324,0.0016357283504329079,0.00052102106703944,0.0007728202231267467
2022-05-31,-0.004537570083610887,-0.006338580311916142,-0.009893009276743081,-0.002573114730481607
2022-06-01,-0.0073800975514517475,-0.00410511952382886,0.006369033199590923,-0.0030723441881396196
2022-06-02,0.020118255586898393,0.0012638208556532415,0.012309182073779512,0.0002591280308226196
2022-06-03,-0.01661320507023223,-0.0016507206574268851,-0.010152017266979896,-0.0005184570833430824
2022-06-06,0.003596657280387383,-0.006127165184470096,-0.0044037229040009285,-0.0018128015185846502
2022-06-07,0.0076020995405947644,0.003816664499570299,0.006518420844169315,0.00038916294344293334
2022-06-08,-0.00937686351412792,-0.004094218495973578,-0.0009251975242893229,-0.0009082535172848516
2022-06-09,-0.023313599285917808,-0.0010770837763590668,-0.0031832564859568535,-0.0014276723885268128
2022-06-10,-0.025972547121837497,-0.007741174414014673,0.013412283666592417,-0.0057214357251272885
2022-06-13,-0.037054189268333815,-0.016393400025984106,-0.026412288230091452,-0.007062029223451116
2022-06-14,-0.0029968168176276455,-0.0059237968938635754,-0.008003209616781914,-0.0032921995970187634
2022-06-15,0.01526982116849096,0.011109794190039546,0.013050939388113303,0.005682113063955274
2022-06-16,-0.02925156504440829,0.002397502938399798,0.011243181594596585,0.0015766491243989211
2022-06-17,-0.00048784518780542463,-9.972257720891609e-05,-0.008222816311715064,-0.0002620403521759185
2022-06-21,0.022335986580697575,-0.003986416447877117,-0.0037367862070599722,-0.0007873465447312267
2022-06-22,-0.005730594815202994,0.008505313824649585,0.003985188163408093,0.0030199164852524607
2022-06-23,0.005763623807913509,0.004167104655865783,-0.006129257292171064,0.0023570095916898293
2022-06-24,0.030444174686099057,-0.0015811365881557293,-0.0009984622015154487,0.0
2022-06-27,-0.0028964716336684626,-0.004453218723793673,-0.0011170700540719114,-0.0016979498431096696
2022-06-28,-0.014757042401106535,0.00039772468698573427,-0.0016480211262837052,0.00039225776022067116
2022-06-29,-0.0027127776301959505,0.005763059390623271,-0.0007663579045243951,0.0017001708751325229
2022-06-30,-0.00792324689343804,0.0045446046066619505,-0.006077047294322124,0.002611242680112369
2022-07-01,0.007033166599185625,0.008335269063303175,-0.0008310541616338707,0.004328558073612321
2022-07-05,-0.005090161214520994,0.0018566262626902308,-0.02120964335120412,0.001558079250939981
2022-07-06,0.0014277054673914602,-0.006729495441534006,-0.015842188833696924,-0.004018552978951595
2022-07-07,0.015920111284482674,-0.0022585920239568402,0.000555053276362516,-0.0006503562203891144
2022-07-08,-0.0007016644392893179,-0.0037394983577069274,0.0004315313201161963,-0.002083706900878446
2022-07-11,-0.01416013671052574,0.004642472858371605,-0.005360507452973451,0.000783106061927219
2022-07-12,-0.006172833526086996,0.0013768714519413194,-0.0037167247224720867,0.0006517404573200825
2022-07-13,-0.004061369729694286,0.003633054529515345,0.004787690503602615,-0.0007816465744060475
2022-07-14,-0.006836095020193889,-0.0035222601393349873,-0.014047055610919013,-0.0007823704655711694
2022-07-15,0.017027032354071547,0.00392726488821471,-0.0020084561635671516,0.0006524483636858314
2022-07-18,-0.002730943931006924,-0.0032272975916161073,0.0009433945063559435,-0.0005217982923476638
2022-07-19,0.025360067129875263,-0.0013734698030337666,0.0023874693093759447,-0.0015659870933769637
2022-07-20,0.0031352195506548775,-0.0006876794084185178,-0.009402031234323593,0.000130835078270497
2022-07-21,0.010186216880672339,0.008356643302471545,0.014110421925231709,0.004312598366995157
2022-07-22,-0.008479274153035732,0.007800070848431373,0.00249575020790771,0.0037733914254383105
2022-07-25,0.0031202695858596474,-0.003676016888621514,-0.0027385476219622396,-0.0011666695540937244
2022-07-26,-0.012096824994777156,-0.00019408103014773026,-0.0011858106875901608,-0.0002596124590257265
2022-07-27,0.024489804852830588,0.0034961773580044486,0.010184984698782484,0.001947263270732913
2022-07-28,0.009561644917287282,0.007162706746326908,0.012185323455280006,0.0036276707054057056
2022-07-29,0.012741264103961036,9.599127480530711e-05,0.0028110896821249565,0.00012945312344347926
2022-08-01,-0.0032288546229489734,0.0034658693341771407,0.0056672312077465925,0.00018085476972462544
2022-08-02,-0.007818489767087877,-0.010265793678663981,-0.005938288400823777,-0.0047809354565367945
2022-08-03,0.012833447866558378,0.004458945078847254,0.002438243761313297,0.00038999213978008207
2022-08-04,0.0015560868393513783,0.002413014764115484,0.016539989487255546,0.002465559839673892
2022-08-05,-0.00310724782377636,-0.011168322728481006,-0.011246066300201418,-0.005308318871066864
2022-08-08,0.0004450684750432199,0.0045759737981050375,0.008470017618367853,0.00026015203818641197
2022-08-09,-0.004784605138630882,-0.0022287870813508803,0.0030595386607856767,-0.0013009821687003376
2022-08-10,0.020907787349884854,0.0025253884073681565,-0.0025119508170524663,0.0015632123137865328
2022-08-11,0.0008762455932997959,-0.005328941904577333,-0.0026382206776995876,-0.0006505459286881843
2022-08-12,0.013787178366144959,0.004480832876917473,0.00919802099904432,0.001432536274141194
2022-08-15,-0.00021589305868141562,0.0012606550474796308,-0.012867030834262327,0.000779105553242676
2022-08-16,0.0007555686182467714,-0.0014524385404731666,-0.001750096754401964,0.001299735433371696
2022-08-17,-0.007227593210932581,-0.005916937609983353,-0.006468335614034371,-0.004799762642593963
2022-08-18,-0.00032597697765424094,0.0021463466368574213,-0.0026164156896926194,0.0013029617235911228
2022-08-19,-0.013369591617069632,-0.007010027754442261,-0.007320625681104476,-0.0014317515684585391
2022-08-22,-0.018838701023045634,-0.004314081514688484,-0.006637179344595956,-0.001824474587915903
2022-08-23,-0.0001123436638493791,-0.0003935599684635749,0.0069908740848763085,0.0002611477590215294
2022-08-24,0.002582728272736645,-0.0026602010425096356,0.0029489200401788818,-0.0014362749948279019
2022-08-25,0.014784962822782965,0.005531716793085284,0.003062787136294043,0.001699570749727597
2022-08-26,-0.029801259182760775,-0.0018666638285045334,-0.012152705301765265,0.0002607866764985367
2022-08-29,-0.0061433679683277065,-0.004822347334900501,0.0006182375550920494,-0.002740018520016929
2022-08-30,-0.010302174768625938,0.0012857618722352804,-0.008340578885610683,-0.0005234334802252105
2022-08-31,-0.006477036066009467,-0.005333202160723527,-0.007725314789180926,-0.0011783139275894916
2022-09-01,-0.002444580576438815,-0.004338197559688006,-0.008790162100319021,-0.0008140871849898756
2022-09-02,-0.008636094415610085,0.002897616700896055,0.008804709144487166,0.0014450184651917386
2022-09-06,-0.005532252725009346,-0.00936586928967309,-0.0058394619355668365,-0.00262302301710593
2022-09-07,0.014914601272153938,0.006939736219330861,0.010168638866495439,0.0017098108214275154
2022-09-08,0.004665277699384296,-0.0031960970561989432,-0.006002292729855863,-0.0002627464786665312
2022-09-09,0.018458303872965764,-0.00010049046336768619,0.005283756568463582,-0.0009192331840129908
2022-09-12,0.012310451814242063,-0.0015031388510531318,0.005068186218703863,-0.0005257755500238659
2022-09-13,-0.03952249835237154,-0.005620662233200346,-0.01301133993119441,-0.0032878541223836377
2022-09-14,0.003985854860196092,0.001312085418371467,-0.003847613448870524,-0.001187323115750094
2022-09-15,-0.01039225460418669,-0.0030240299713173435,-0.018679143196684067,-0.0007926790404277906
2022-09-16,-0.00896751392272832,-0.0007079999943571114,0.005549107201315628,0.0002640190475757809
2022-09-19,0.00654829157343606,-0.0015177639794956566,0.0007700871329356929,-0.0014534265787684575
2022-09-20,-0.012301858706632918,-0.0044585924223016216,-0.005706587274526553,-0.0011912085530231264
2022-09-21,-0.016407228199481816,0.0031551235030338187,0.004642973675810236,-0.0009279804219153309
2022-09-22,-0.0074272320846568984,-0.010654181427764753,-0.0005776772692025478,-0.003846219661751693
2022-09-23,-0.02097641112300197,-0.0030769351850991056,-0.01727683040546535,-0.0015982528700354548
2022-09-26,-0.011903271906854918,-0.012860043355738426,-0.011633219026207842,-0.005067859559428123
2022-09-27,-0.0032968756985344294,-0.004273002879173982,0.002049841746687875,-0.0010727588764312124
2022-09-28,0.02048336505306181,0.01611903817693361,0.02078665233491006,0.007649061836956683
2022-09-29,-0.018825742660891653,-0.005253526580618728,-0.00019392836526865853,-0.001996937761514661
2022-09-30,-0.011054307049497947,-0.0023817553763768595,6.462244018679009e-05,-0.0016018944542294244
2022-10-03,0.0237694113556437,0.00812456078929591,0.024309785681440932,0.004015069874906185
2022-10-04,0.03413671133443574,0.0026828898212334362,0.014328122056449066,0.0009330917140997208
2022-10-05,-0.004490306442764713,-0.005248358863711888,-0.005538266375543777,-0.0015980456054375258
2022-10-06,-0.011581130541112983,-0.003931405325953818,-0.00112629171222689,-0.0022672637700758003
2022-10-07,-0.025407053667723,-0.005297144732713588,-0.010962851258976669,-0.002139332052099485
2022-10-10,-0.007972472121134055,-0.004490246542008691,-0.015201476317757034,-0.0013399059764362953
2022-10-11,-0.008419553051804307,0.0006296118911317539,-0.002058091550185215,0.0004022576204831818
2022-10-12,-0.0027018389387339914,0.0008385286876861908,0.00534932850905423,0.0008051131944231127
2022-10-13,0.022574953494566286,-0.003142075867827554,-0.006923532232980256,-0.0025462081420426497
2022-10-14,-0.021193356303149224,-0.005463126637637594,-0.012458897998479546,-0.0016116535660199993
2022-10-17,0.025905422357937802,0.0021126174755121685,0.0028762090057179446,0.001076170124098219
2022-10-18,0.009422003649052879,0.0016868795333568887,0.0021509701146735782,0.0012098516557939032
2022-10-19,-0.010205203021350306,-0.008629885987892827,-0.013398358104674823,-0.003625169050603505
2022-10-20,-0.004778050949663659,-0.0060504178395190955,-0.0015822103586343728,-0.0020201917336351016
2022-10-21,0.021225278967408112,0.001494375068534337,0.017827646105301076,0.0035095889260907676
2022-10-24,0.0029692623943913254,-0.0013861798270239367,-0.003243594030472474,0.00026889088461046207
2022-10-25,0.01763911394620976,0.0098251633825992,0.002277944142005106,0.0022866331769748616
2022-10-26,0.00012127670140027469,0.004441519623566759,0.006363608620383543,0.0012080188663479152
2022-10-27,-0.006059934680732848,0.005053786254009207,-0.001548523944967184,0.0026805438677881543
2022-10-28,0.015973713791681554,-0.002513913523781053,-0.010210687443231947,-0.0014709605273506288
2022-10-31,-0.006601144629369671,-0.0033609109995934583,-0.008161399648159207,-0.0018737187602871908
2022-11-01,0.0009665557702580596,0.0018589017049452927,0.010203429757038585,-0.0003761153721520971
2022-11-02,-0.020518812005633214,-0.0016867002164221434,-0.006972548399621914,-0.0010750690687797437
2022-11-03,-0.008749364169895024,-0.0036960911086458825,-0.003806036048150885,-0.0014796522436527626
2022-11-04,0.023495709970879686,-0.00010599436794511696,0.030696289684813083,0.0010778208862485261
2022-11-07,0.006316040103157228,-0.003179800043248804,-0.003962389674382338,-0.0010766604391398982
2022-11-08,0.007000590326970979,0.004253196359129463,0.023099074133724695,0.00188609990009736
2022-11-09,-0.01845844560797827,0.0011651028397439145,-0.0050172660211307285,0.0017482049763415386
2022-11-10,0.05360845310751472,0.021469868869819386,0.030444387121793204,0.008321829437203832
2022-11-11,0.015183173078014534,-0.0007245593252834803,0.006606324071935177,0.0
2022-11-14,-0.009019346924484029,-0.0027976161885029383,0.002187655661719301,-0.0006651290077419603
2022-11-15,0.00967749760389558,0.007377266552530903,0.0035168677995043307,0.002530223478321547
2022-11-16,-0.007530908066938458,0.006188571173761925,-0.0022961020109516506,0.0009305426171084541
2022-11-17,-0.0024143207916630383,-0.004202678266317372,-0.007267423593311895,-0.0019910764165087524
2022-11-18,0.001959211605199185,-0.0014413005163409487,-0.006893636502166456,-0.0013298803746479848
2022-11-21,-0.005521080159340386,-0.0006184128072844741,-0.005589952950737276,-0.0002670613112458753
2022-11-22,0.012491372761637587,0.0051577632952373165,0.00117372396636517,0.000932907657795079
2022-11-23,0.007767820268880676,0.005952094587780232,0.006231840940288613,0.0013311080090101512
2022-11-25,0.0007934310532280442,0.00020431730344383503,0.000858470616118101,0.0005316898068772336
2022-11-28,-0.014497637862235235,-0.0016320794278654738,-0.007903495498554403,0.00013296575385535192
2022-11-29,0.0020687981124292154,-0.0035758326994902445,0.004940425418036076,-0.0009299529965323128
2022-11-30,0.02844342974126346,0.007792471582539262,0.012781920270785507,0.0038558901672804957
2022-12-01,0.0014498046768167683,0.008321053066210116,0.01838479961277617,0.003355705079164384
2022-12-02,-0.0008907979985126602,0.004146426000293024,-0.0034556830535615868,0.000264347892241501
2022-12-05,-0.01705304300645405,-0.007855953597710075,-0.017158885635801036,-0.0034362934887325336
2022-12-06,-0.010658930958751367,0.0029441200113557997,0.0027373742314797944,0.0007957950403580938
2022-12-07,-0.0018336656485974379,0.008906806782263077,0.009039101712364994,0.0034460813718688588
2022-12-08,0.007693072486477881,-0.0030093980804150045,0.0008416965556858891,-0.0019815875884445777
2022-12-09,-0.004785539713693332,-0.00593682705654397,0.003544160110315664,-0.0003967191406389903
2022-12-12,0.008930513622266156,0.00020243394157026806,-0.008260534556326027,-0.0009270656230508934
2022-12-13,0.009217189491153688,0.006679055675948176,0.017081132038632596,0.003842529913071324
2022-12-14,-0.003852610994389938,0.002211986959690826,-0.0024330212847030186,0.0003962894377786963
2022-12-15,-0.02457057390020101,0.0014677542794803156,-0.01635930934057528,0.0006598441344205508
2022-12-16,-0.009679295082126727,-0.00261013386402964,0.008708721678036602,0.0003956454163451806
2022-12-19,-0.006123444856620086,-0.006140085664771755,-0.0028178306902848504,-0.002109048626742549
2022-12-20,0.0022512253067583643,-0.006785389096538252,0.016594482836064905,-0.0014528516554195292
2022-12-21,0.013122021279915907,0.002753070284886805,-0.0016560135809358112,0.0014549655044613363
2022-12-22,-0.012018627899931245,-0.00030483229039501847,-0.012085358459954287,-0.00026421654083763624
2022-12-23,0.004606024550416032,-0.0034585150044050827,0.002998321039039853,-0.0010454924409686317
2022-12-27,-0.0003525532788168917,-0.007247283790116632,0.008430011409881644,-0.0027815353168911816
2022-12-28,-0.012936687367626876,-0.0017479266416343675,-0.004505807286929064,0.00013253688545811215
2022-12-29,0.017395477719992503,0.0037083761148715144,0.005598251568726287,0.0010628799071752404
2022-12-30,-0.005972613948978411,-0.004720653228094118,0.0046786689817972515,-0.001194130012138639
2023-01-03,0.0002356611406515441,0.005876527088939376,0.008370656531798915,0.001195557663425717
2023-01-04,0.012720986384380017,0.005535368634399074,0.0094119059589024,0.0017246654036815467
2023-01-05,-0.010235111048025547,-0.0008152564565140352,-0.012451461859522062,-0.0015893188712676753
2023-01-06,0.023149187448380237,0.010915806143365403,0.01870749684189077,0.005571187343423878
2023-01-09,0.0021822847180730243,0.0025231932238574117,0.0022451175785793698,0.0011878078645490842
2023-01-10,0.0056153857076526315,-0.003825326085670655,0.0036760446135073455,-0.0006588224585005742
2023-01-11,0.010484105783326925,0.006164108854023187,-0.000686793935011365,0.000790815046792348
2023-01-12,0.006992417490825353,0.007230979537450999,0.011568000967502767,0.0034258094239327797
2023-01-13,0.0044798034266646525,-0.003689140279095948,0.012001783992939385,-0.0021004660630086214
2023-01-17,-0.0006689781582107646,-0.0018015423506447803,-0.00654507834469964,0.001183781152017227
2023-01-18,-0.010933807241275573,0.00992588917781334,-0.0028717524486322477,0.0031542157804049786
2023-01-19,-0.003948046708960762,-0.0022833408426673474,0.015868520044824974,-0.00013082573552791743
2023-01-20,0.015515073608278973,-0.00407962587751598,-0.003335405556458948,-0.001441623867349584
2023-01-23,0.008810193134801247,-0.0024977245927534364,0.0018964337632443318,-0.0017058808351478882
2023-01-24,-0.0013264780579652635,0.004406846966991784,0.003618515163479552,0.001314691733500739
2023-01-25,0.002324442304168617,0.00119729136741209,0.004603959599926544,0.000656202222064417
2023-01-26,0.00850366692799609,-0.0016936036316811398,-0.009055266877154966,-0.0007872178874207547
2023-01-27,0.0005476050106878461,-0.001496368917186186,-0.0013929904624704337,-0.0005248512463140731
2023-01-30,-0.012039032662028326,-0.002698208539425484,-0.002566715270248765,-0.001445109587664195
2023-01-31,0.010856287768957973,0.004108002509753295,0.0036362115419990015,0.002499311994729414
2023-02-01,0.010191758199431744,0.007051466826677011,0.012596814339808304,0.0031284952551473566
2023-02-02,0.008136387476642026,0.00109286744735404,-0.02075193653580043,0.0
2023-02-03,-0.011514151887599522,-0.009624421758531398,-0.024957770292002968,-0.004324094246801802
2023-02-06,-0.00827351994030534,-0.0055095162605344195,0.0020754098721176284,-0.004079032318210385
2023-02-07,0.010647681983684265,-0.0017127767816104145,0.000920425708082595,0.00039597256093992783
2023-02-08,-0.008580535803233813,0.0014130035118931072,0.002471594120761589,0.0007923080730083409
2023-02-09,-0.004382050732670728,-0.0039298758382647625,-0.007912418174625069,-0.0018476307306882767
2023-02-10,-0.0008802318793467157,-0.0043500172362958,0.0019071943211166342,-0.0009255253945050779
2023-02-13,0.010572534385642651,0.003048208233910943,-0.005076170279846859,0.0002648905781641453
2023-02-14,0.0005449792801965891,-0.0035454939272184793,0.0007537389032514774,-0.0026461715604992886
2023-02-15,0.0006537071351460089,-0.0019314022699059574,-0.00996466725346834,-0.0003981147297354992
2023-02-16,-0.010123064533247184,-0.004175827996626302,-0.0008192368783922488,-0.00013241793910789834
2023-02-17,-0.0025291525776011126,0.002352537049240322,0.002986790669610162,0.0011944116534154947
2023-02-21,-0.01708750213819199,-0.009387974469762028,-0.003737004613899475,-0.003181788298772359
2023-02-22,-0.0026917285502341404,0.0026779134651595538,-0.005626488586046308,0.0002659669869471415
2023-02-23,0.004835783981794517,0.003595759831971801,-0.0005304511136865475,0.0009305801929182511
2023-02-24,-0.013318359020244142,-0.005732532075407137,-0.00719467575637045,-0.002789485195252017
2023-02-27,0.005898216021369418,0.0019564146597974563,0.003920334893926292,0.0010654549291304605
2023-02-28,-0.005187124978836333,-0.00010257233342492178,0.00455596886271592,0.0002663357818430967
2023-03-01,0.002153745402912133,-0.005727985701473592,0.005772150633673867,-0.002824792040894697
2023-03-02,0.005429217417207255,-0.002071851754703591,-0.0005855636445488699,0.0
2023-03-03,0.015074914948679519,0.00789043582075899,0.010723085619275707,0.0012028956033733884
2023-03-06,-0.0006651539821147523,-0.002472251722687946,-0.005043830646819902,-0.00040067301238089215
2023-03-07,-0.015747994722647096,-0.0013423331341205769,-0.017480480627863337,-0.0022696079942811087
2023-03-08,0.002140974937006268,-0.001034245982126425,-0.00047445044105887124,-0.000803034700290306
2023-03-09,-0.016078322500482356,0.003622941038394778,0.009849316056938173,0.003348362675873462
2023-03-10,-0.01314132850831895,0.011654071186517623,0.021562856843419187,0.00640650571481749
2023-03-13,-0.002547472056437128,0.007952066670272817,0.022948211912439564,0.007692598940647111
2023-03-14,0.013814760332090392,-0.005866115011967876,-0.005791064746217711,-0.003027057898020158
2023-03-15,-0.01385556307617719,0.00997033668008096,0.007804133170404848,0.006204347002884081
2023-03-16,0.01625631249312942,-0.0039286837051408785,0.002020092008242713,-0.004067271767165703
2023-03-17,-0.010854765223334284,0.006270367300649449,0.02912021467748982,0.006587109288917592
2023-03-20,0.009703331221046163,-0.004020463413765607,0.0003808677357699519,-0.0023558010108207794
2023-03-21,0.01327096775568326,-0.003026868764529733,-0.018875115806276432,-0.0027549804622651886
2023-03-22,-0.010726078793416916,0.009615099223085455,0.01702060989813825,0.005656339644934505
2023-03-23,0.0026248919427185324,0.002406250129317389,0.012538176085624908,0.002616076480526086
2023-03-24,0.002390418120827631,0.0017000526434067798,-0.011252350246951037,0.0014355380382558014
2023-03-27,0.0035203806866839216,-0.010782554970553027,-0.009256722051406152,-0.005732477641560929
2023-03-28,0.0009053249492489979,-0.0015138694553620269,0.008189093257242153,-0.0010484809086031
2023-03-29,0.012210145355472601,0.0012128796290202803,-0.00496077000653139,-0.000262115902398552
2023-03-30,0.008153886148434042,0.0011103509469543305,0.009039576549164652,0.0006560764948519981
2023-03-31,0.009971211663627688,0.004840787288341364,-0.005212246135594234,0.0028844863550587796
2023-04-03,0.005813823332403434,0.004346059801734636,0.007204410308019105,0.0019382196254513762
2023-04-04,-0.0034899113801158954,0.003707245107241741,0.018640958960437715,0.0026146538035574096
2023-04-05,-0.0051440494264107794,0.0033932975139563393,-0.0007979247786651378,0.0011733816704473377
2023-04-06,0.003960528176144562,-0.0008949020787019091,-0.007134091065472581,-0.000520977918645027
2023-04-10,0.0006573805161218527,-0.006870135781772202,-0.007399886547073353,-0.003387844524237127
2023-04-11,0.0019709346336092004,0.0006016965141502073,0.006320556237305208,-0.0009151484255309761
2023-04-12,-0.0016393180005206398,0.0012020677938047175,0.004885138866613126,0.0022247935300996335
2023-04-13,0.013355491570582023,-0.00040009373575611296,0.013515672558895409,0.00013083449081507936
2023-04-14,-0.0029167865919323965,-0.004905407068323653,-0.017710313033589165,-0.002219231264686372
2023-04-17,0.001841737612009231,-0.005030210170275495,-0.0044537552497120325,-0.0026170470218151998
2023-04-18,0.0018383518502624874,0.0014156488961762914,0.003880780603893852,0.00013100599436111082
2023-04-19,-0.0020508994769030675,-0.0015146348736538862,-0.004778520212877502,-0.0010492495701022175
2023-04-20,-0.003677586806483224,0.00455071067609758,0.00393825919904689,0.0027572289301960318
2023-04-21,0.0006513141855051252,-0.001711511414566158,-0.00988766926809792,-0.0007857090506242503
2023-04-24,0.0004338682588642673,0.003932560118693917,0.003039335460481629,0.001966040131876401
2023-04-25,-0.01605011578415516,0.006227385781720107,0.005086318131183543,0.00470836998680868
2023-04-26,-0.002535095660096909,-0.003693151290166896,-0.0054373863086726315,-0.0013021020770959124
2023-04-27,0.017127153891859814,-0.0036068049739326202,5.410039265330013e-05,-0.002997996567920991
2023-04-28,0.005866352386896256,0.005127906560523865,0.0002706525128974846,0.0019610800019216335
2023-05-01,-0.0012960503264266565,-0.010239531969875926,-0.004491351825477108,-0.0029021208224366823
2023-05-02,-0.011246866893552365,0.009727722774423242,0.019296640909943763,0.004064353299520818
2023-05-03,-0.003609401947341051,0.0044151960365930165,0.008479075840785555,0.0032639751094873937
2023-05-04,-0.0036222991323212606,-0.0011987113212137412,0.00703295344911492,0.0016918203854743297
2023-05-05,0.016965843928082647,-0.0032009134217882984,-0.015647950479605433,-0.0033778156093714484
2023-05-08,0.00043338571978268625,-0.005519510237810943,0.0012269055761324754,-0.001955697929459599
2023-05-09,-0.004223066441871426,-0.0009079715254741716,0.007086162362163639,-0.00026085663232977563
2023-05-10,0.00250109991683245,0.006463984955940694,-0.001428442843921074,0.0027435921187872747
2023-05-11,-0.002494860022637435,0.003010181397410383,-0.008582755587748347,0.0016940253081538792
2023-05-12,-0.0028272882232988072,-0.005602507071405971,-0.0017100802429794726,-0.002341360381297508
2023-05-15,0.006870259276912094,-0.002515548924714728,0.0021412620336231925,-0.0005218677996164933
2023-05-16,-0.008014757883301193,-0.002320020610130591,-0.0124993937971285,-0.0011737633920289037
2023-05-17,0.009389625698823956,-0.0015164813756536333,-0.0034618889303412725,-0.002089906569665567
2023-05-18,0.0049756874397222095,-0.004657461659569817,-0.012972911279784505,-0.0023553187531378805
2023-05-19,0.0006457932527199617,-0.0022380900610156074,0.0098988291245512,-0.0011804953825566011
2023-05-22,0.0015057332583863214,-0.0009178501839233189,-0.002341497915543389,0.0
2023-05-23,-0.012565615881911407,0.0011224982173627662,0.001200731149241463,0.00013125922201973061
2023-05-24,-0.009245274459864339,-0.002548279810822285,-0.008068450017086337,-0.001313423502642519
2023-05-25,0.004061975961181963,-0.003679069180544281,-0.009618027091793824,-0.003418454338786403
2023-05-26,0.013120455249992835,0.0008203656406611248,0.003995567330169925,-0.00039626833315220544
2023-05-30,-0.004101088277664422,0.006662254395689127,0.006190554546333882,0.0035639060311472015
2023-05-31,-0.00715196082604197,0.0035632842080466354,0.0015382006614657051,0.0014471694368713983
2023-06-01,0.011896843580734728,0.0030308370197014156,0.00789813034647624,0.0017896754417787708
2023-06-02,0.014885113270728612,-0.0052729441831060875,-0.014747450675273721,-0.0035473526380889187
2023-06-05,-0.002656987783192566,-0.00010188006567302121,0.006020416015011243,0.0007916282685249687
2023-06-06,0.004795491713088573,0.0012232074242373159,0.0010980396887689814,-0.0009223892549633517
2023-06-07,-0.005324776404396103,-0.005295132597315955,-0.012010543410059138,-0.0017140793613940053
2023-06-08,0.0072167452528990594,0.005323320284078115,0.013211240429905624,0.0019812744826239737
2023-06-09,0.0013900915917333112,-0.0023417469713979955,-0.0026845203333208945,-0.002108830581450394
2023-06-12,0.007261846119233528,0.00173486617592844,-0.0008788640365902101,0.0011891228005762589
2023-06-13,0.007739675340409979,-0.004687052708212125,-0.007367558613950331,-0.002243154956133697
2023-06-14,0.0024196237737630355,0.0009215555942303499,0.0005539277015322863,-0.0007933630030179106
2023-06-15,0.011335164866137948,0.006954969845707426,0.007030581691497284,0.0031757474187379398
2023-06-16,-0.0029058548453584354,-0.0031489869488720013,-0.0015392159510752013,-0.0018463380775144422
2023-06-20,-0.009159063872151263,0.0018342985125607836,-0.010350739592973501,0.0009248766737770531
2023-06-21,-0.0034663768602145595,0.0016275697521834775,-0.0014464228474878604,0.0002639583503039056
2023-06-22,0.00021082701056518438,-0.005178771655088177,-0.009916979914319946,-0.001847556456687438
2023-06-23,-0.010327754649424259,0.002960143723157227,0.0027572461643308177,0.000661110973511958
2023-06-26,-0.0017036868712649866,0.0012207927336080893,0.0017396047357047806,0.001321124393784734
2023-06-27,0.010559969545011816,-0.0019310565701291527,-0.004593535884055422,-0.0017153299448781079
2023-06-28,-0.00010543122258499515,0.0029536856972132153,-0.002307409851291853,0.001586179743732874
2023-06-29,0.001688854550078167,-0.007717592511150118,-0.001071764681377263,-0.003167671117947246
2023-06-30,0.011065451410097404,0.0023537731939711204,0.006663323502016594,0.0006618742690260859
2023-07-03,0.002397428705072757,-0.0011773466754920747,0.0011218766110339118,-0.001365712693883414
2023-07-05,-0.004887253080353204,-0.004508814121435889,-0.00353003237800964,-0.0014605642049695389
2023-07-06,-0.012330242109908296,-0.006485545728245334,-0.002980200124891419,-0.00239277390378434
2023-07-07,0.0020101458040571174,0.00020717417076965283,0.007500997402107412,0.001066343978961326
2023-07-10,0.0025341134894165673,0.002796845150205396,0.0007836956455820054,0.0023962959271752737
2023-07-11,0.00789888695237817,0.0021697356738750173,0.0037476125602418087,0.0003981470434324397
2023-07-12,0.012016786224426479,0.008143175571736716,0.013541420874312982,0.003983367131668025
2023-07-13,0.011357598690012738,0.006237599910042135,0.0007146999149643118,0.0040988791251788115
2023-07-14,-0.00275638181081006,-0.00477619479470881,-0.0031866482531699436,-0.0034237900102195296
2023-07-17,0.0025593204690241844,0.0011232991360807798,0.0007165567329587841,0.0009246426315472345
2023-07-18,0.0056163771297783605,0.0008158545594707522,0.011456278139590825,0.00026445008063613606
2023-07-19,0.001218429147872957,0.003057090673913132,0.00016335645500209495,0.0007920240255474553
2023-07-20,-0.00669369293632871,-0.005181231997780644,-0.005063389149303599,-0.0022418830746864238
2023-07-21,0.0005105052602423221,0.0007147987684563706,-0.0030645332195952113,0.00013193501596697743
2023-07-24,0.0035717952525229357,-0.0018369272143542448,-0.00428147332668416,-0.001057688577622895
2023-07-25,0.003254041976146871,-0.00112453097042009,0.005567859975791123,-0.0005290125382798605
2023-07-26,0.001317610947741299,0.003275109075193683,0.0048791150253855164,0.001853251711578796
2023-07-27,-0.00627597763885257,-0.008569704463035288,-0.01571197400361901,-0.002774567636861902
2023-07-28,0.010491999100440852,0.0039105729816693025,0.007981390400291666,0.0014571003803300897
2023-07-31,0.0019153123407256167,0.001229753777032272,0.0026944104889450315,0.0013232587799070217
2023-08-01,-0.006942307034643158,-0.0066209243692280095,-0.010364679607279714,-0.0020258534938876194
2023-08-02,-0.016514632095614434,-0.002376980074754176,-0.004765602229612864,0.0003979073634028385
2023-08-03,-0.0023695199071219752,-0.006732900353496829,-0.0003341470787491252,-0.0007958340344038639
2023-08-04,-0.0020651336206932713,0.00823860218548167,0.003620414278603157,0.003451510241597955
2023-08-07,0.006725926021781792,0.0002069512619680136,-0.0022753962847783527,0.00039669668781150413
2023-08-08,-0.005755908447643288,0.0023787009134521586,-0.006341080194621318,0.0009260026040125435
2023-08-09,-0.004238722996228406,0.0007219793584314349,-0.00475820704444585,-0.0006608822281554128
2023-08-10,0.0015574407934466628,-0.00649478907272194,-0.0010686044760203073,-0.0014542999031061932
2023-08-11,-0.003731779549784875,-0.003113285211771899,0.0,-0.0017212415555357685
2023-08-14,0.001976890705660983,-0.0007286194031894677,-0.003040588549344525,-0.0013258413131929103
2023-08-15,-0.012253334587558395,-0.0027083623661336986,-0.002654474343068869,0.0
2023-08-16,-0.007674665126744418,-0.002402198393232191,-0.005776029417432049,-0.0011954577983558368
2023-08-17,-0.006568363586641257,-0.0010468099493339267,-0.0015378724223797935,0.0007976265112739078
2023-08-18,-0.0004266858257806483,0.0022008002457039044,0.00017112823031739666,0.0005311403303700502
2023-08-21,0.005227871031308284,-0.005020114904773387,0.002737670236275802,-0.0013274260911116942
2023-08-22,-0.0022289125617435124,0.0010512381804852478,0.0016495566176504273,-0.0006646513542875043
2023-08-23,0.011807384420385425,0.009554777665136793,0.01016464068195777,0.0029266131238212534
2023-08-24,-0.012720877121923047,-0.002287953138764509,-0.00022482031744353037,-0.0005303653474934
2023-08-25,0.006069779285564625,-0.0006254422805176407,-0.0012932863561120334,-0.0010619656985079162
2023-08-28,0.0077263978996917615,0.0021905065064835583,0.0028713533365909427,0.0009303199757955127
2023-08-29,0.01417911955785911,0.006452990040883622,0.009768091768254772,0.0031858715626342793
2023-08-30,0.002485562253127016,-0.00041355353003180717,0.0025018747942815445,-0.00013245337830936066
2023-08-31,-0.0030991873277085302,0.0014483435690146873,-0.0016637258183913595,0.0014558398232171754
2023-09-01,0.002797964856677604,-0.005179293384814376,0.0004999240959600026,-0.0010460696712069062
2023-09-05,-0.00578700376651875,-0.0054145578122873905,-0.008161685723844458,-0.0018562924193130659
2023-09-06,-0.005820438141825868,-0.0009423186143023843,-0.004534245193468567,-0.0017269696643276156
2023-09-07,-0.003763855588096443,0.003144113434708551,0.0010684498647577367,0.002128971287796766
2023-09-08,0.00041987966590339987,0.0005220374903041058,0.0003370270596214642,-0.00013238667912707225
2023-09-11,0.008601692100308256,-0.0011484489354329774,0.001853109993606994,-0.00013329883070534176
2023-09-12,-0.004784217867255358,0.00031352520108129944,-0.005156651253074851,-0.0005311413936640585
2023-09-13,0.00031348863168068064,0.001463101343144535,-0.0023100098564432514,0.001063071113974301
2023-09-14,0.009193510524247106,-0.0013566407955614146,0.0005082241752882855,-0.0003978370808528364
2023-09-15,-0.00807458627288804,-0.002298577890928688,0.006603816566220333,-0.0005316297325278496
2023-09-18,-0.0010436002182909743,0.0014661416324557308,0.005887647601878543,0.0
2023-09-19,-0.00219381646093475,-0.0029279018877986784,-0.0009476457412548323,-0.001328662408979664
2023-09-20,-0.006491590191992969,-0.0005244732426750165,0.0007253927124595272,-0.0009316931977769727
2023-09-21,-0.01654546035167148,-0.006820575114361738,-0.007248413758109917,-0.0006655550532898014
2023-09-22,-0.0006429862187049551,0.004226101435736762,0.0032013033173832195,0.00186569299621131
2023-09-25,0.0012867138733956285,-0.007890237467770511,-0.005150588926742139,-0.0007979337056426283
2023-09-26,-0.01456421782069417,-0.0012727690272101855,-0.007990985893820302,-0.0003998459354489503
2023-09-27,0.0004348004487217949,-0.003504058463958293,-0.012366647894697436,-0.0015976685499949905
2023-09-28,0.006191667929312805,0.002983614341844021,-0.004997187509914736,0.001867547136835901
2023-09-29,-0.0028068553285162112,-0.0009563234583994662,-0.01027534966921384,0.0007986771825081451
2023-10-02,-0.00443862355804836,-0.006962735832495293,-0.010498705650611395,-0.002106896782333556
2023-10-03,-0.013375412669497266,-0.007838252113565813,-0.0028882419805683623,-0.002137501241852191
2023-10-04,0.004298318956860614,0.007034145158521188,-0.00011825651470720455,0.0025438113340676693
2023-10-05,0.002524158362410489,0.0006447591317437773,-0.0018327868021307259,0.0016030726569173925
2023-10-06,0.012370064303975026,-0.003866062111612001,0.005153083621109555,-0.0013338678065974996
2023-10-09,0.0035683290147581204,0.010350512123098898,0.01838544744893622,0.004273045953698151
2023-10-10,0.008404235259852122,-0.0009605069559497359,-0.0016780958953311886,-0.0005316067526457413
2023-10-11,0.0045945600546002385,0.004592969807243108,0.007303045938392039,-0.0001328885534449542
2023-10-12,-0.007657876885309056,-0.008612415365125692,-0.0030496507265770356,-0.0018632579482723566
2023-10-13,-0.0056807138925610845,0.0042900566541379526,0.03214825984540237,0.0008002697578775031
2023-10-16,0.009162500355371694,-0.0055531236658731276,-0.004864928190345896,-0.0013319331045745786
2023-10-17,0.0004272838643655241,-0.00719527193748748,0.001854273768354009,-0.003200992477981446
2023-10-18,-0.014307125600070969,-0.004651005629626392,0.014470816805260078,-0.001337880012104109
2023-10-19,-0.008990424229130767,-0.003803498539706074,0.012274016037125302,0.0009378381682125791
2023-10-20,-0.01191390271045889,0.003599742524236893,0.0027308974274993236,0.0024089708807126797
2023-10-23,-0.000774248105415487,0.003913165013674558,-0.0033770637265356784,0.0013356493863148078
2023-10-24,0.007306521396490684,0.003572758293906464,-0.0001093308866343401,-0.0002668631879149119
2023-10-25,-0.012748686251502828,-0.007444074257293654,0.004208823642007475,-0.0017341772435602865
2023-10-26,-0.010241535426254833,0.006739222484092977,0.0015784524505007003,0.002939695657811159
2023-10-27,-0.0035991730503645014,-0.0003239673290708067,0.011629799758343662,0.0009324787346496333
2023-10-30,0.011626588560653017,-0.002376013615049466,-0.00564054701797434,-0.001197640547479395
2023-10-31,0.004463279403419618,-0.0006495969016777625,-0.005456562573315948,-0.00026690930334549723
2023-11-01,0.009997822669087109,0.011050142662146323,-0.003150642851826202,0.004223086001897691
2023-11-02,0.019797623160160427,0.006018540589620036,0.0033240729584831374,0.0005320501976147085
2023-11-03,0.011540139844274933,0.006089000934459188,0.003638921283475316,0.0035910730865127416
2023-11-06,0.0008529332476097107,-0.00499026373929079,-0.007792560392528847,-0.0021200132516099313
2023-11-07,-0.0005326396577851611,0.0053353379887257635,-0.0041451308444239165,0.0011946444669508338
2023-11-08,-0.0002131010492022467,0.003396577065175155,-0.00996764391222027,0.0002652338849293834
2023-11-09,-0.005970323242520226,-0.008356867419134106,0.003982968433291267,-0.0026519689449691075
2023-11-10,0.011475695674393327,0.0023469161615026213,-0.010909752197912126,0.0
2023-11-13,0.00021224889476711972,-0.00010642822920980954,0.005570720464602941,0.0006646715747991028
2023-11-14,0.02183821567917099,0.012560046962422966,0.008919177105678688,0.005846672313086332
2023-11-15,0.002074774552171199,-0.0062023014745895555,-0.002635601473798599,-0.002245808538124283
2023-11-16,-0.000724630223628675,0.00550040489326542,0.011286077178189302,0.0023830127374733223
2023-11-17,0.0044550854875591295,0.0019985598326486276,-0.00010890234740634774,-0.0002640021306133944
2023-11-20,0.007013916950758148,0.0015749796168191832,-0.0016333808174913145,0.00026407184614352097
2023-11-21,-0.00266302356634629,0.0010480411917777044,0.01079790063288577,0.0009246162670917268
2023-11-22,0.0027728000002633646,0.0009424082108329124,-0.004262252597287075,0.0
2023-11-24,0.002457987082800761,-0.004602815017205719,0.005201596914642392,-0.0009237621415887354
2023-11-27,-0.002656221961612415,0.005675159131989238,0.006737817869841178,0.0019812889458488137
2023-11-28,0.0016388567961724831,0.00438926018046315,0.013331852960406732,0.002900159159656468
2023-11-29,-0.00010223533837028231,0.004890228231670513,0.0014794398574642376,0.002234481424613355
2023-11-30,0.002557046715175648,-0.0033134013868925116,-0.004167950375202456,-0.0010490793271032972
2023-12-01,0.007447441120830733,0.00879308473794893,0.017271494075951965,0.003750395124431316
2023-12-04,-0.006177207676126062,-0.0038210870329914437,-0.02161342646325959,-0.0018350331404288767
2023-12-05,-0.001936081062183348,0.00663478117482641,-0.0037794459254785195,0.0018384066776078178
2023-12-06,-0.0019396730578757904,0.002574683320866855,0.0036868953454944897,0.0
2023-12-07,0.006444357595425165,0.000308065097698762,0.0016503277504122948,0.0010494359528383512
2023-12-08,0.003252306891579293,-0.005031645599624435,-0.01334039111485108,-0.003012733545978863
2023-12-11,0.003545823686290639,0.00010317588543062861,-0.011042895165362276,0.0
2023-12-12,0.0032303095730199516,0.0029927448242839105,-0.0005446421195114404,0.0009194891277988226
2023-12-13,0.013785502015538187,0.012552922774203612,0.022562533466176538,0.006693749048107822
2023-12-14,0.0064516283035225275,0.008070885483442813,0.005862552982469849,0.002607682154893265
2023-12-15,-0.0042405998679097,-0.00232504717992843,-0.009166511771857233,-0.001169991808317894
2023-12-18,0.004456749231199986,-0.0020266061491897025,0.004545487184575592,-0.00026067763341275363
2023-12-19,0.007197773086689896,0.0012184159776500447,0.00681394057869511,0.00026074560395983326
2023-12-20,-0.013914643740717603,0.003650714865529592,-0.005445982936102989,0.0020829176912822156
2023-12-21,0.012527568274455225,-0.00010105632185941626,0.007070635455129759,0.0006491990098547173
2023-12-22,0.0014846832548651712,-0.0013135266605062146,0.004434417088942322,0.0007159676303609697
2023-12-26,0.004842848563446633,0.0020235658405827195,0.007620733251079592,-0.0006502660775983271
2023-12-27,0.0028523398067026307,0.006361845727163917,0.004537842226414179,0.00260329948808824
2023-12-28,0.0,-0.0022077620948016685,-0.005815437657636813,-0.000778907846703536
2023-12-29,-0.0018635182214651325,-0.0019105743472652703,-0.001566841018672216,0.0006491805395782979
2024-01-02,-0.008548611807410622,-0.0047355729337429375,-0.002353909884146743,-0.002336486543548233
2024-01-03,-0.007928722715699332,0.0005063382517451753,-0.008336809604204354,0.00026002467846897304
2024-01-04,-0.001098809214797658,-0.00404755510988275,0.0010046128932528209,-0.001300870378845187
2024-01-05,0.0009001229628007312,-0.002336621836632413,0.00015845540955172766,-0.0007819734585301497
2024-01-08,0.011990290842292639,0.0037677208250717076,-0.007816271130823282,0.001564844671254395
2024-01-09,-0.004541847850802028,-0.00020250830092993777,0.0003193567900841021,0.0005205104454342191
2024-01-10,0.004661813167836204,-0.001928337456507112,-0.00228804710551489,-0.0003903696099319953
2024-01-11,-0.0004935979653979405,0.005693485239024021,0.0019733072916665595,0.002993713007314991
2024-01-12,0.0020741979935090527,0.0018195947835348836,0.009794068475553752,0.0023357057599431297
2024-01-16,-0.008772829300656593,-0.007467260374265816,-0.009488181898979597,-0.002200599969295447
2024-01-17,-0.007657032780556183,-0.0027451021102083972,-0.01101595063528893,-0.00259530013283793
2024-01-18,0.00871830950834318,-0.0009174959298010599,0.008232882099906247,0.0005203889519591609
2024-01-19,0.010033776467864186,0.0002038569704649884,0.00298872590696031,-0.0007800147936083413
2024-01-22,0.0015737505070032576,0.001836729588167385,-0.003777957126316789,0.0006505197430299869
2024-01-23,0.0020621801433358122,-0.0024438579170291685,0.0038991332271092194,0.0
2024-01-24,0.003331967290299387,-0.0022460757112658936,-0.008246890539639895,-0.000910352458759478
2024-01-25,0.004004861400521698,0.00450175006689868,0.003969986681303217,0.002212994507510224
2024-01-26,0.000875449061642497,-0.0011202232910798582,-0.0006946931881827156,-0.000908953369381682
2024-01-29,0.006609601787527897,0.0039768531936181795,0.0070584854445867595,0.0018196690320448905
2024-01-30,-0.0016414162617377492,0.001929675357048577,0.0013805262268788976,-0.0007785034793532652
2024-01-31,-0.01296075023132126,0.004561436909045202,-0.0007423479101065222,0.003115898652242599
2024-02-01,0.012444999523384404,0.0056981808639935405,0.01040067256889099,0.0019211606284377236
2024-02-02,0.00406503565149241,-0.009157807074198554,-0.009453300862028224,-0.004145141695257704
2024-02-05,-0.0038559088954355225,-0.008226517430783953,-0.005513988032274764,-0.003121715418000326
2024-02-06,0.005806059612218917,0.005222537667576521,0.005224693124019186,0.0022185464711252934
2024-02-07,0.005099155552397594,-0.002037475193588656,-0.0002651978305409086,-0.0005211929981029373
2024-02-08,-0.00019139886344954338,-0.0030623246834239337,-0.0009018470501077624,-0.0009118320391515722
2024-02-09,0.00536141054058481,-0.0003072671238191216,-0.003876152075832917,-0.0006517481055384744
2024-02-12,0.0012379218490938815,0.00020496469273756368,-0.0026119694947860372,0.0007823907604533886
2024-02-13,-0.015883587377630737,-0.009216991936574104,-0.013788690196348319,-0.0048233927391480025
2024-02-14,0.011017706735399146,0.004444495428155504,-0.0005961123453055439,0.001965010072923823
2024-02-15,0.00802989174475277,0.0023670647066666994,0.0067238125229136525,0.0010458775753430238
2024-02-16,-0.0024656635528207405,-0.0031824999680892807,0.0036625695484677756,-0.0015670686593546312
2024-02-20,-0.002852011128724241,0.000926859883793929,0.006064210073093879,0.0011776357569557305
2024-02-21,0.00028602440686076314,-0.002983897445901218,5.331256612173263e-05,-0.0010455198317865788
2024-02-22,0.017251240705634885,0.0008256046820147578,0.00042672195902415666,-0.0005231438672831379
2024-02-23,0.00037476641271538824,0.003712113272416051,0.005651511902278639,0.0006543537435030888
2024-02-26,-0.0027160200184315197,-0.0021574266493370464,-0.0022266895335479875,-0.0007848850457753409
2024-02-27,0.0019721988940024637,-0.0013383555890006393,-0.0010626830578386315,-0.00026147100627260667
2024-02-28,-0.004217907166594093,0.001958778841747444,0.00180849115899262,0.0013087857962987837
2024-02-29,0.0038592036112417016,0.0016461964644856053,0.005150266749304189,0.0006541900076173501
2024-03-01,0.00965771571114793,0.004800951412653909,0.018910791174389097,0.0025933151715784586
2024-03-04,-0.0014858402696635853,-0.002461007390444081,0.016174996770490724,-0.0011760261912413528
2024-03-05,-0.008091518846286117,0.005447704948721821,0.006020141664404566,0.0015692662125947887
2024-03-06,0.007782478095422762,0.0015337399831010234,0.008215401882095241,0.00039167478186485916
2024-03-07,0.010420457044900244,0.002143540071715133,0.005683843351386164,0.0014363367196958965
2024-03-08,-0.004880278809563543,0.0009165134624513627,0.008452547868211147,0.000651275356560177
2024-03-11,-0.0020356943096083713,-0.0011194678438323225,0.00183502012710135,-0.0006508514730351189
2024-03-12,0.010106607472035956,-0.0025467574444510976,-0.01094062729637224,-0.0014342766155267528
2024-03-13,-0.0012850367316841194,-0.0018385069437096835,0.00700740378557585,-0.000652752330689732
2024-03-14,-0.003952180289897633,-0.006344081499286669,-0.004175139558116325,-0.001697484302903285
2024-03-15,-0.0050751467586475085,-0.00010272844698921979,-0.00319440663913817,-0.0010468412328430432
2024-03-18,0.004080828208975484,-0.001029703567562601,0.0016022835845583838,-0.00013116887661412946
2024-03-19,0.0035099277901544657,0.0024738530348937804,-0.0011498061737871268,0.0017030279639387302
2024-03-20,0.010125287855801801,0.002057041510380664,0.011911859798154678,0.0014383149927195138
2024-03-21,0.002186922777789979,0.0007182005213122178,-0.0010386361790747367,0.0
2024-03-22,-0.0023640325669115336,0.003179026632678106,-0.00802096899240623,0.0015669158216675694
2024-03-25,-0.002005080879580845,-0.0018399436177041206,0.0031944066391380588,-0.0009123698704616157
2024-03-26,-0.0013699131820240629,0.001024094075541715,0.003233961285236564,0.00039174396878860485
2024-03-27,0.007316032578799092,0.003274037844373634,0.007240660177973313,0.0016954854088679916
2024-03-28,-0.00018167335433683096,-0.001223768169113626,0.012900024807739996,-0.0015624144035158993
2024-04-01,-0.002360812743730789,-0.007270985904197835,0.010208079384865787,-0.0020403774839030664
2024-04-02,-0.005915962285631959,-0.0007218213482321767,0.014772360490971526,0.00039288222761513225
2024-04-03,0.002380482212509971,0.0006190652927624551,0.008772374739768773,0.0003934867216117688
2024-04-04,-0.010047671385932988,0.0023728849243240813,-0.005734705223284009,0.0015709439728435193
2024-04-05,0.007842892734276852,-0.00493996151204934,0.017114197447370305,-0.0022223558919801656
2024-04-08,0.002105604617426593,-0.000930980535299275,0.00622848536623688,-0.0011792511646677717
2024-04-09,0.0014617506170309102,0.0034164899662292303,0.005497054993034878,0.0011806434398191623
2024-04-10,-0.011402963683940337,-0.011968698251497045,-0.009463856185613961,-0.005634296388451143
2024-04-11,0.005905665288282513,0.0002086893244885868,0.019433247203493043,0.00026366183766413087
2024-04-12,-0.015411411700172462,0.0018795442601016177,-0.013239324939518515,0.0014487767484085978
2024-04-15,-0.00968982526544604,-0.006044390423757373,0.01871915519396472,-0.0015782863330788821
2024-04-16,-0.005268524089308224,-0.002830574483551729,0.0012220152803359419,-0.0011857767410045073
2024-04-17,-0.0036887007823984685,0.004626117770584415,-0.007368252752093185,0.0014509062214862478
2024-04-18,-0.0014239373295698021,-0.0028257985650486095,0.0034154561341945833,-0.0009219068189604274
2024-04-19,-0.006179319699584185,0.0010494869581176847,0.003131535140574959,0.00039559219092732967
2024-04-22,0.010139702055240951,0.0006291711726535976,-0.02470249054532203,0.0006586960805730069
2024-04-23,0.011174175386163165,0.0020955418995385333,-0.002458663172418052,0.0014487223877142075
2024-04-24,-0.0005619235932649014,-0.002614014786526786,-0.0018600907225296837,-0.0005257393542950073
2024-04-25,-0.00309209418003209,-0.002830364578369049,0.005963468053189924,-0.0010529028706356414
2024-04-26,0.009305427847778436,0.002207769079651145,0.003241927353549112,0.00026344866179095483
2024-04-29,0.004376867804393392,0.00304203725125074,-0.002031218037689575,0.0010532991604990105
2024-04-30,-0.015113524278624335,-0.0040786532089821526,-0.019937078844561418,-0.0011837963909395732
2024-05-01,-0.002635960469638876,0.003528698683036069,0.00906215232545482,0.00147901989947119
2024-05-02,0.012459813400755193,0.004513331228026329,-0.0030870874411647042,0.0027692164380914708
2024-05-03,0.010907954807521714,0.005120337833587119,-0.0007976266365629092,0.002235018458029314
2024-05-06,0.00903822563340162,0.0007280329929282292,0.010518361024399514,0.00013134409293757976
2024-05-07,0.00027420800121236155,0.002077525498914934,-0.004600326433150892,0.0002623288894048059
2024-05-08,-0.0005484107842027575,-0.002073218334959326,-0.002941061869504713,-0.00039355249314854124
2024-05-09,0.006034086336933475,0.0018697042193733804,0.015778607960932778,0.0007873065950110281
2024-05-10,0.0012722631620423197,-0.00207399139670017,0.008112513438038427,-0.0009178198019920147
2024-05-13,0.0006353232826126209,0.0005197902690519118,-0.011202103844459854,0.0
2024-05-14,0.005532842573500618,0.002700148195098784,0.008462045119477013,0.0011813856335536332
2024-05-15,0.011455857068289443,0.006628594021657053,0.012838750510223873,0.002752304196190325
2024-05-16,-0.002051077073955354,-0.0011318672099038807,-0.0038933433506626036,-0.0006537995125575069
2024-05-17,0.002323540899769938,-0.003193298213811091,0.0164977725898805,-0.0007847272856801313
2024-05-20,0.0006241076464266193,-0.0009301392286134025,0.004023937591649318,-0.00026163715506866136
2024-05-21,0.0001780233059112124,0.0018621814638952738,-0.001469548604570936,0.0005234112539687086
2024-05-22,-0.004721447006780122,-0.0012392037130005695,-0.01837396956557802,-0.0009157065103935214
2024-05-23,-0.006623683954453119,-0.002791026655676654,-0.019944570339717638,-0.001047882410600831
2024-05-24,0.006487606587781469,0.0011403150756905678,0.0009271136061119734,0.0002624077190502838
2024-05-28,0.00026858638393578715,-0.0046594172761413866,0.010513172896031486,-0.0010490309742703374
2024-05-29,-0.010113705627626812,-0.0038487333711628713,-0.009303812074716977,-0.0007868684584655394
2024-05-30,-0.0025316426612949083,0.004699229127448135,0.0018967600627461945,0.0013129136994969315
2024-05-31,0.006888990686743979,0.0032220021729862935,-0.00586417430627717,0.00222937313019278
2024-06-03,0.001980603454592833,0.006048969587132191,0.008917780500373507,0.0018372448584520473
2024-06-04,-0.0013476869713223705,0.003615531224527624,-0.008977059834655465,0.0017030076659061422
2024-06-05,0.011515986630541653,0.00308783825525083,0.011845603201319,0.0011771002032106015
2024-06-06,0.0009783753065191192,0.00030810399804281907,0.007391356612921562,0.0003917979333061261
2024-06-07,-0.004976002711822747,-0.008822236464048783,-0.03568330143379639,-0.003916767219195205
2024-06-10,0.0029469918727782485,-0.0008283270089638473,0.009168181127878317,0.0
2024-06-11,-0.0020202141616503244,0.003418614090278327,0.0028566106093961263,0.0011795534998975121
2024-06-12,0.009626636696505209,0.00474837566319386,0.0026617200115086614,0.002356650812722849
2024-06-13,-0.0031188690136767505,0.005034673092255693,-0.008150148984962247,0.001828605333718869
2024-06-14,-0.0018772464677209166,0.0010221170177342476,0.012959545903254766,0.0006520192479257947
2024-06-17,0.0063585896146092225,-0.0035743461042995195,-0.005191652247571676,-0.0016938023154600135
2024-06-18,0.004093723599547516,0.003587167883850606,0.004007271832187298,0.001827065770608538
2024-06-20,-0.0020386213673817544,-0.0017359425821352747,0.012484347826456466,-0.0005209289280978524
2024-06-21,-0.0039963322311517,0.00010238610220825173,-0.015493238109986152,0.00026054658576168954
2024-06-24,0.0008915512858962416,0.0008180773419983467,0.003957566385821121,0.0
2024-06-25,0.0030290092033444793,-0.00010187063642519423,-0.004962237629221655,0.00026058595593969613
2024-06-26,-0.00115469015149805,-0.004497848785315339,-0.009228168111804491,-0.0013024831338672715
2024-06-27,0.0014228161620544189,0.0016427942179941812,0.011336925587312363,0.0006518225320837345
2024-06-28,-0.001953478992461566,-0.004920384124962318,9.297647872519299e-05,-0.00013023667565625896
2024-07-01,0.0016903689883462913,-0.005363327177140831,0.002604589701363791,-0.0013468483822959287
2024-07-02,0.005329032487297214,0.003324526277419526,-4.643394389247657e-05,0.001309557524481919
2024-07-03,0.007244565410605697,0.005384592733952864,0.011273000380832565,0.0019609625111307594
2024-07-05,0.0057012654597636825,0.005046958818566649,0.013486798057397165,0.002479817018053554
2024-07-08,0.0,0.0003074131545204306,-0.012402074526820739,0.0
2024-07-09,-0.0002618095186028846,-0.000921956042146288,0.0016957473442755777,-0.0001302163171834625
2024-07-10,0.010206856204477033,0.0010254532877711497,0.0036603361122538036,0.0005208262665665764
2024-07-11,-0.0038860338822929164,0.005122014052705293,0.017733403441032136,0.002602241836146879
2024-07-12,0.007282242555770813,0.002751575092679648,-0.0006270969301161999,0.0019468820704942047
2024-07-15,-0.0010329057754072668,-0.0034556952900520743,0.0032271131671974818,-0.0006476642630913743
2024-07-16,0.005341655058207939,0.004079641522623634,0.019925798233449088,0.0010367429486961566
2024-07-17,-0.012597462650789759,0.0007109029268563827,-0.004643206403117217,0.0
2024-07-18,-0.008505523939577597,-0.002740320703444099,-0.006381186355259194,-0.0009063566735584283
2024-07-19,-0.00656509730425614,-0.0020358353190075285,-0.017937829186174925,-0.0006477874193748789
2024-07-22,0.010309382790800292,-0.0004080312075142034,0.00031573231212611574,-0.00012983302090041615
2024-07-23,-0.003401394650789258,-0.0001017978813965259,0.003516676143213937,0.0006486107925471885
2024-07-24,-0.019690326000595837,-0.0030613756122122027,-0.0035043524704835294,0.00012944661624736398
2024-07-25,-0.005088380219584465,0.0027634884726646103,-0.01564473026582147,0.0007776426876489051
2024-07-26,0.011843920722000023,0.003572769273680887,0.010534525866662925,0.0016835124177372318
2024-07-29,-0.0008867893525781323,0.0016271409722137253,-0.0014050562105476505,0.0003880784177263674
2024-07-30,-0.003372566835575741,0.001015624002474791,0.009985461488319247,0.0007751133983795455
2024-07-31,0.016386068633217343,0.005376178693852207,0.018110725786084414,0.002453454774381969
2024-08-01,-0.01778670935423554,0.004190162095447647,-0.003442943141866439,0.0025453353840625415
2024-08-02,-0.01757365006924072,0.011187146721845398,-0.0019046282784819235,0.006571926636594672
2024-08-05,-0.026241698579530737,-0.0007971943853408714,-0.012691935106198704,-0.0005119176138417281
2024-08-06,0.006807183480471046,-0.005985199191577584,-0.008000713832612472,-0.00204924325354805
2024-08-07,-0.0018523533537792014,-0.0030106598588277578,-0.0006796279952806517,-0.001155322327683006
2024-08-08,0.02106337690085769,-0.001509751948587823,0.015688013635013043,-0.0007710006195972285
2024-08-09,0.0044528482713885875,0.0035283839159214736,0.0024552612171107047,0.0006430138039101863
2024-08-12,0.0007238658425805511,0.0017075374440977953,0.017144665770273848,0.0012853063604421067
2024-08-13,0.015369385109259559,0.004011340734482394,-0.001532358906807807,0.0020534512747192313
2024-08-14,0.00267112389211821,0.0017978177247364169,-0.008155751250824572,0.0002561423061255841
2024-08-15,0.015895515781179093,-0.004187461566059314,0.0031388449312386157,-0.002817262965324363
2024-08-16,0.0034964789464386747,0.0024029323764807042,0.02238773852658915,0.0007704005631110622
2024-08-19,0.01001750585472072,0.0010986254701892406,-0.0016380226467286318,0.0002566025009924644
2024-08-20,-0.0025010161970087097,0.0029929928620708868,0.0036699887797402297,0.0015396399018652307
2024-08-21,0.005187513744971062,0.0018902425407831824,-0.0013336178629832496,0.0015372730549298996
2024-08-22,-0.007913364012848034,-0.004071000460666885,-0.011975011209935604,-0.0016626834050508243
2024-08-23,0.013525299333249308,0.004586048421784117,0.011553425520716143,0.0026902576949483503
2024-08-26,-0.003678361990457013,-0.0008933138382175576,0.0031893380775307456,-0.000383649786912299
2024-08-27,0.0019747739814484078,0.0002981731523397091,0.002706671669018279,0.0007672803305800446
2024-08-28,-0.005484149202112376,-0.000893927395327565,-0.007026862307456638,-0.00012779942658502907
2024-08-29,0.0008616511499572876,-0.001291768525893744,0.005177980359189593,-0.00038292473396972504
2024-08-30,0.007059199025509555,-0.002388182804137995,-0.0071260085162319076,-0.00025614764810455437
2024-09-03,-0.019148545151368435,0.004222404258103163,-0.0043235765879541255,0.0016539874210783623
2024-09-04,-0.0030503703339697097,0.004384347573157976,0.000607926500195255,0.0025593636858511903
2024-09-05,-0.001223881425179596,0.0025794048383713797,0.008332306942507639,0.0008938133495288714
2024-09-06,-0.016980261906782146,0.001286182261256208,-0.007402630408956501,0.0015299764578189379
2024-09-09,0.010328579440991525,0.0014823674550401567,0.004205876079289794,0.0002548316199810774
2024-09-10,0.0014099432087699704,0.003058997942426034,0.004404097525005923,0.0017822244300387258
2024-09-11,0.008800430953260996,-0.00029505149942332665,-0.001590555949419148,-0.0005081085351348325
2024-09-12,0.008723796391303607,-0.0008856568678032861,0.017567284525531468,-0.00038150851662266394
2024-09-13,0.005016011641462148,0.002068203659455037,0.009943683944142245,0.0017805337305247804
2024-09-16,0.0034420880460304115,0.002359126941597456,-8.374817448153493e-05,0.000635063216809062
2024-09-17,-0.00102911798126204,-0.0009806427182352806,-0.0055309113549146804,-0.0007612609479137333
2024-09-18,-0.002832837826135526,-0.0031410728952586675,-0.007710465405288858,-0.0011430721478049577
2024-09-19,0.017820328578705746,9.867893277171191e-05,0.01554075728197235,0.0008900735332246779
2024-09-20,-0.003975343862848146,-0.0008859319759926265,0.012710660066880486,0.0008888675197777918
2024-09-23,0.00382122074166813,-0.0003943023749494179,0.0019404068737312041,-0.0003805753354881869
2024-09-24,0.006852240776465068,0.0013799988018914355,0.01396907347432852,0.001269550750130799
2024-09-25,-0.0042009781617020625,-0.003839357901182061,-0.001381767735031958,-0.0016481785320556774
2024-09-26,0.011137335645214685,0.00019783733364020506,0.005086884066794806,-0.0007621448970482891
2024-09-27,-0.0023364453739583846,0.0028652090394505336,-0.007935830791900744,0.001906400761813698
2024-09-30,-8.358344146819352e-05,-0.002266048041988822,-0.007999374253898295,-0.0017759976520113074
2024-10-01,-0.006357154168152079,0.0026446190873425923,0.010491249392624136,0.0014405566406239245
2024-10-02,0.0023570310358440594,-0.0020746405657668943,0.00020358719772617384,-0.0002549828810518573
2024-10-03,-0.004955023772817979,-0.004058437371027623,-0.0006920058878576718,-0.0020366554489076316
2024-10-04,0.008440249967946789,-0.006460812476346445,-0.001996030315693287,-0.004591515439787752
2024-10-07,-0.0062771733309605615,-0.003401304019213458,-0.0033877625757333663,-0.0016657821759430425
2024-10-08,0.0026109243222607326,0.0017064970561555537,-0.007371925565205384,0.0003847715662896878
2024-10-09,0.004116257566864068,-0.002605365610446886,-0.005446185963701722,-0.0007700821518379364
2024-10-10,-0.00100384593491476,-0.0006027269405606273,0.007342892553628744,0.0008990519373539563
2024-10-11,0.0062807867397962625,0.0003015042878198315,0.010913408354139564,0.0007696702941184519
2024-10-14,0.005159770293850174,-0.000904485748457029,-0.001629502157067031,-0.0006407074478069763
2024-10-15,-0.010432241385020968,0.0040236578400834055,0.003468359323146597,0.0007695714274982279
2024-10-16,0.004016115326565872,0.0013025848468899426,0.005001609209081437,0.0007690839111629266
2024-10-17,-0.00041664733490409667,-0.0049031490166365765,0.00598831083503093,-0.0011528435017811312
2024-10-18,0.005835756637459166,0.0007040883468343306,0.010618185005034864,0.0006413932617930218
2024-10-21,-0.004807240434733129,-0.00693332395100299,-0.00019900127714245208,-0.0024350858341696258
2024-10-22,-0.002165447196622483,0.00020227705463837786,0.01078732362833379,0.0
2024-10-23,-0.008847272741613454,-0.002529063929193831,-0.012050555849465017,-0.001027301603357511
2024-10-24,0.0023578249149711628,0.001926981816932516,0.007693259346016168,0.0005141267168067287
2024-10-25,-0.0017642586094688273,-0.0020245788254541486,0.0020569789010425055,-0.000256983538102884
2024-10-28,0.005218026168866574,-0.001622568913545397,3.945407605776552e-05,-0.0007712533635797492
2024-10-29,-0.0005860674576896319,0.0011173342420256471,0.010894858433216914,0.0005147053128933265
2024-10-30,-0.004440073683690371,-0.0010149402476861136,0.005505891218995584,-0.0012861013190514914
2024-10-31,-0.015062153257805355,-0.00020283031002843455,-0.015495166963743978,-0.0003862748825490536
2024-11-01,0.0038444667209376338,-0.003975271193717322,-0.0041023758773532926,-0.0005940956946712816
2024-11-04,-0.00017023166854579497,0.004195482730962041,0.0014259144001700363,0.0014219594019739823
2024-11-05,0.011661581079295713,0.0023438797028454417,0.002254447895034817,-0.00038725644668391457
2024-11-06,0.011947835031354437,-0.00782833355312984,-0.030386729020158154,-0.0020661678524683813
2024-11-07,0.011224746758802029,0.007582757131516349,0.016076503855530166,0.002717460034929342
2024-11-08,-0.0026311793719577814,0.0017286397215157123,-0.006769426092267161,-0.00064526082353078
2024-11-11,0.0012366109821675408,-0.0022336293567989385,-0.02347155656813127,-0.0010330839262342462
2024-11-12,-0.007410372303676804,-0.005799425095728616,-0.008631355179477884,-0.0016803926339923336
2024-11-13,-0.0019909654666980803,-0.00020469892020491542,-0.010081225320474285,0.0011653796242241388
2024-11-14,-0.00465457010370629,-0.00040956475373310486,-0.0026091417886487944,-0.0014226948944102702
2024-11-15,-0.00926941934672676,0.00010257861353957232,-0.0017720694429753658,0.0015541369613265577
2024-11-18,0.004973181961615003,0.0009215335808265834,0.019020246289590537,0.0006467008189585677
2024-11-19,0.002767604568664428,0.0014322230165637606,0.008959325127211537,0.00038760201804599603
2024-11-20,0.0,-0.0010216955020686536,0.005632045702723465,-0.000645927690464343
2024-11-21,0.003763889489912353,-0.000511079688006455,0.008339500390982302,-0.000646135500579903
2024-11-22,0.003582973229311115,0.0007161431947544372,0.012892210445830665,0.00012924770700717403
2024-11-25,0.0034872740161764337,0.008996962615329451,-0.029458856541118794,0.002845179998229419
2024-11-26,0.0014892312215215586,-0.0015198323397422886,0.0019383092584315254,0.0
2024-11-27,-0.0007435083549051091,0.0027400765208154265,0.002222714763140843,0.0012896895958762755
2024-11-29,0.006779632766419352,0.003946780933243632,0.008624546377060671,0.0018033442775706732
2024-12-02,0.0021352807514574135,0.00012135100077337313,-0.008754403389975018,-0.00024504608065478717
2024-12-03,0.0018027773457691687,-0.0019211713475223435,0.002012776164397767,0.0001288111006589876
2024-12-04,0.00531698413800652,0.00324188953786253,0.003033679807253664,0.0009027087310580217
2024-12-05,0.0005695038505264538,0.00020198888783307112,-0.007397709454119217,0.00012919931641053317
2024-12-06,0.0012198812010280058,0.002827028269220655,0.0003705687954560499,0.0015459201522187715
2024-12-09,-0.0023554312947823286,-0.002919666643150798,0.009919751769426055,-0.0006432518419376976
2024-12-10,-0.005943192313625167,-0.001211729139361073,0.01316431251835759,-0.0003859497230748188
2024-12-11,0.0071252600293918444,-0.0023251280624159154,0.009533812345188464,-0.0005151106946539308
2024-12-12,-0.00626168113577219,-0.0040532034401640216,-0.014663722649505995,-0.0007733247044895419
2024-12-13,-0.00114559680199533,-0.0037641873260093606,-0.012091578404740733,-0.0012893854499310686
2024-12-16,0.002048142378218154,0.0009192536030957488,0.002415209844427002,0.00012924072431585998
2024-12-17,-0.0038269610205486915,0.0,-0.0038386247250202787,-0.00038715016353418896
2024-12-18,-0.0297234279326426,-0.007615680857208429,-0.01918507783771317,-0.002970170999941235
2024-12-19,8.519669745887803e-05,-0.0025787847141136577,0.0014210967336203417,0.0005184272613560914
2024-12-20,0.00784995042494141,0.002688713309510371,0.010434056495473909,0.0009057831632779401
2024-12-23,0.006180106683733033,-0.003094106506973726,-0.004708795377563968,-0.0012933876276549627
2024-12-24,0.00841394215081448,0.0011380964325404808,0.001992014086009908,0.00051982622891944
2024-12-26,0.0008344259486865457,0.0007233062044886829,0.006751179863859091,0.0006492358578731316
2024-12-27,-0.007586483326273319,-0.0020652382407562175,-0.0068705038771271765,0.00012980476359425452
2024-12-30,-0.01024872735208704,0.003932290325631138,-0.0031896811646235923,0.0022055579139097503
2024-12-31,-0.0027159570826836843,-0.001236960125805986,0.006233636577161361,0.00025858717069526804
2025-01-02,-0.001957476832028626,0.00010346432349517265,0.013587714119632333,-0.00012926016032854815
2025-01-03,0.010403349201461243,-0.0010322890149567776,-0.007864039973028869,-0.0007767046209229411
2025-01-06,0.006920418416387353,-0.0010328558468331028,-0.0012320959587239777,0.0002590679797094264
2025-01-07,-0.009638707934070512,-0.0035155242019221378,0.005633435188264313,-0.0006474500053136323
2025-01-08,8.456336696438527e-05,0.0011412698962696144,0.005315681488123669,0.0006478694684044495
2025-01-10,-0.015232273945230523,-0.005597100085021123,0.009558310004399662,-0.0031076973892586457
2025-01-13,-0.0001718624075736086,-0.000937974551691978,-0.009951255605703757,-0.000519721291995956
2025-01-14,0.0028362171640754497,0.0003129517246509561,0.005249423200524461,0.0005199915426723489
2025-01-15,0.0162839529175951,0.008656687816055664,0.007488993695735191,0.003637106571348525
2025-01-16,8.426385091997446e-05,0.0021713482775915782,0.006910965874952435,0.0011647439123270154
2025-01-17,0.008516777724305369,0.0,-0.005307269747253374,-0.00038790050570891577
2025-01-21,0.011371221741075743,0.003301853543538069,0.01548521901629396,0.000646821223993399
2025-01-22,0.003637563064430527,-0.0023652207784085055,0.005135652699768123,-0.0003875918108101617
2025-01-23,0.005518907376198312,-0.001649311632515027,-0.0014148699521492336,0.000129038901997669
2025-01-24,-8.185474147104355e-05,0.0016520363552932071,0.006218705580030903,0.0005171311954130786
2025-01-27,-0.011961299747374365,0.0055663540094395,-0.0104048052682425,0.002196619530872468
2025-01-28,0.006633440238904997,-0.0003076632796145118,0.008656417783572623,0.0003869541872434379
2025-01-29,-0.002965412819454505,-0.0006150196804644015,-0.0038404097330004827,-0.0007731934395543982
2025-01-30,0.007683396717244717,0.0014362049100431484,0.01514551884715587,0.0010316529894489612
2025-01-31,-0.006394960474947031,-0.0020490739788843193,0.0019763991077348386,-0.00012869388585634578
2025-02-03,-0.00808658290180675,0.0009476810342807784,0.005337271410283728,-0.0006852091435737284
2025-02-04,0.009067557207244503,0.0018525325514837654,0.00984841707528572,0.0012936005443850984
2025-02-05,0.004863947511069,0.005341286673604895,0.006209542410714253,0.0014212883454562952
2025-02-06,0.0034457298036254524,-0.0010216595437441134,-0.0026502562908058414,-0.0005160797512201443
2025-02-07,-0.008012406273546935,-0.003170728979880688,0.0017841598670260694,-0.001807211794683794
2025-02-10,0.008077123468296588,0.00030791920688333363,0.016938239196991,0.00012958004945229362
2025-02-11,0.0001635797138688222,-0.0022566094636590206,-0.0036516022155236305,0.00012904376079658775
2025-02-12,-0.0008992541206507276,-0.005243280461123101,0.0010471549570203464,-0.0020684853463848185
2025-02-13,0.011618432600591477,0.005994316328984839,0.009862831092105617,0.0016839522659495287
2025-02-14,-0.00016175693539177693,0.003698263946700031,-0.014871773334245608,0.0021988850931324855
2025-02-18,0.004125532322931891,-0.003991799995457956,0.01656090548123368,-0.0009034245202398372
2025-02-19,-0.0012083880430522331,0.0014387031893774438,0.000554096378723612,0.0009042414341235983
2025-02-20,-0.0013712892738469984,0.0015391765727064133,0.0005168326664386491,0.00025810647737345427
2025-02-21,-0.013569179252292951,0.004303367739848074,-0.0009225433005247696,0.001806175457162995
2025-02-24,-0.005322099005422909,0.001734442059645902,0.005429568123388684,0.0010301951171960422
2025-02-25,-0.0015640785771485755,0.006212401091916675,-0.013188334192659745,0.0024444926189162164
2025-02-26,0.0018962463679896846,0.001619447099946436,0.0015263333689308212,0.0003848684810967562
2025-02-27,-0.015223805792779266,-0.0015157718584228874,-0.015239958822878874,0.0
2025-02-28,0.009693338791906925,0.004452927088485215,-0.006265820058134697,0.002052563818282005
2025-03-03,-0.010593392391604173,0.002162891495064878,0.013180390342641513,0.0012070413937115276
2025-03-04,-0.0072772850031080916,-0.002521119925875337,0.008697635934455272,0.00025657110240806524
2025-03-05,0.01584088498263303,-0.003437674386457479,0.0020813110966888537,-0.0015385181164437878
2025-03-06,-0.015428039701831597,-0.0010143054056908074,-0.005081207410422395,0.00025679765301767077
2025-03-07,0.0067397521674692484,-0.0012187278772892718,0.0005219558189655249,-0.0006420350268061537
2025-03-10,-0.025857716451308743,0.004778998807654311,-0.008755937163287819,0.0028260691239339053
2025-03-11,-0.005240203135659094,-0.0035418572885846933,0.011727541035094546,-0.0015373440987447307
2025-03-12,0.005958573585259197,-0.0029451640822484304,0.004346793335703092,-0.0011540381364015806
2025-03-13,-0.011417278142227594,0.0030558195833017,0.017756144523255468,0.0014125437715166722
2025-03-14,0.019885346458545117,-0.0020311151740286526,0.00039975774946587883,-0.0011542555930065257
2025-03-17,0.009961833420800703,0.0013227732196199327,0.0054135329342379634,-0.0003854022468765539
2025-03-18,-0.007165802836707091,0.0010162801913562447,0.011671955843306048,0.0008993441621725218
2025-03-19,0.008151462441748025,0.0029437241270908743,0.004107707999658539,0.0015400978147721567
2025-03-20,-0.004211288715361028,0.0006073286979397796,-0.0012805854303336028,0.0006406778700418503
2025-03-21,-0.002114417283393677,-0.0012138390788085651,-0.008049901213267985,0.0006401650577205764
2025-03-24,0.014663427183078559,-0.0038484546199069047,-0.004452548665506595,-0.0023035915211835345
2025-03-25,0.0005011367359246677,0.0009149459587891595,0.004400365088198743,0.0008981779290579972
2025-03-26,-0.011021115347692567,-0.002437544188272911,-0.0008259812019960622,-0.0005129159843617614
2025-03-27,-0.0014351781493879834,-0.0005092155778837482,0.013405732882559862,0.0006412942102085317
2025-03-28,-0.01724722014309843,0.005806790420106234,0.007412123023167849,0.0025625061346958855
2025-03-31,0.0012904768236647879,0.0019245032662087436,0.014363222998346137,0.0005114370808474433
2025-04-01,0.0035226410270374764,0.0037019359815910757,-0.0019782303576065807,0.0010252173161824363
2025-04-02,0.005137024525144973,-0.0011115216198219757,0.0020516615880092903,-0.0006400023231910579
2025-04-03,-0.038245268039166946,0.005260511143221569,-0.006038278082531101,0.004868012572501579
2025-04-04,-0.061199218116154364,0.0009057255973794476,-0.02339226273628292,0.0002549646318030785
2025-04-07,-0.009716947373979212,-0.01266852338246749,-0.02148580630415131,-0.003186550908568564
2025-04-08,-0.013146739756083714,-0.005193243366030553,0.005443793790763651,-0.001022960076983992
2025-04-09,0.08794287921176336,0.0022518612668986915,0.03699125081478161,-0.0011515868590905587
2025-04-10,-0.030612230762080417,-0.00786441812981964,0.0244235794430141,-0.0014095953807273798
2025-04-11,0.016933609666467397,-0.0010295558173850639,0.019086664805096243,-0.002438117984863597
2025-04-14,0.01395148766449883,0.005873940078023887,-0.005705977012200658,0.0030873307760028723
2025-04-15,0.0006213128174907823,0.002048869582282231,0.005232379352138938,0.0014104750845942426
2025-04-16,-0.01587996980546691,0.0031695158062132744,0.0325408102664011,0.0019207032562051918
2025-04-17,0.004236827145868816,-0.002547937983269244,-0.004390692094044635,0.00012780822070235232
2025-04-21,-0.016157969476416678,-0.006028500398589043,0.03093558529908469,-0.0003832735933476661
2025-04-22,0.022536504753091213,0.0018504516465118748,-0.014195668551963636,-0.0005113635435369801
2025-04-23,0.012224553813293682,0.002462493165319213,-0.023978630729734163,-0.000639735785647022
2025-04-24,0.018247535514024804,0.00552740823144271,0.014556277018207942,0.0024320819320571285
2025-04-25,0.005800322995569429,0.003664330271579974,-0.010841679678267213,0.0016599114108839519
2025-04-28,0.001893645305848679,0.002738396267595311,0.01424210344049559,0.001657160670976543
2025-04-29,0.005068634021942575,0.002427455674998802,-0.009738925467677184,0.0011452966555163258
2025-04-30,0.0,-0.0009081016009895304,-0.007482221012837353,0.0013980026126505507
2025-05-01,0.003675526368485338,-0.0027255709230485925,-0.02077228754256477,-0.002597039986771521
2025-05-02,0.01694779361566301,-0.004876660198805283,0.0017481999132260562,-0.0024254108159640353
2025-05-05,-0.002009909845949842,-0.0017353469145282574,0.029867754776654154,0.0
2025-05-06,-0.005790071126213436,0.0024542944656635868,0.02802400275899264,0.0010236334401867442
2025-05-07,0.0008440745125866123,0.0015303003780058333,-0.014993060801348546,0.0005113951335622424
2025-05-08,0.003288857600082684,-0.005194860389242217,-0.0196942722998793,-0.0025554652344612627
2025-05-09,0.0013448518865064596,0.0010238520513403682,0.007254674259445482,0.0003844344539765121
2025-05-12,0.024343227330403172,-0.0033756306604283415,-0.028190568373488878,-0.002560823900941478
2025-05-13,0.005326523857537735,-0.0010265143231478202,0.004258992599597278,0.00012828815051935116
2025-05-14,0.0008966886405863406,-0.0028768009149218177,-0.021037827999516923,-0.0016683497003245895
2025-05-15,0.005374993992253607,0.00566740250437503,0.015963953531585195,0.0029568173215992477
2025-05-16,0.0047793004772471726,0.000614786797225042,-0.012087047232674286,-0.0001280051871703769
2025-05-19,0.0031440884792905965,-0.00030736759305249883,0.012880671121226372,0.0008971719278700885
2025-05-20,-0.001125046965833043,-0.0017412793718052377,0.0186222454642182,0.0
2025-05-21,-0.012390460251907931,-0.006566820172964394,0.007378683875855163,-0.001665032641738895
2025-05-22,-0.000570254176156304,0.0028920365827371786,-0.008861493387459118,0.0010262893545442964
2025-05-23,-0.0030974318511542975,0.0014418074129711744,0.021906288045034472,0.000897452502532925
2025-05-27,0.01676206723949991,0.004524882431745425,-0.016949152542372836,0.000896239912074881
2025-05-28,-0.0071572724170427815,-0.0018427685659727633,-0.0022660178699712707,-0.0007675759769298907
2025-05-29,0.0036449639341609164,0.003692259598686798,0.0059247154716217665,0.0016644947516670783
2025-05-30,-0.002098321021885563,0.002452532675484287,-0.006576942326457891,0.0016617288127795948
2025-06-02,0.007440343538389849,-0.002628502610605876,0.026581051258171673,-0.0006657228733172316
2025-06-03,0.0022476903646724278,-0.0007179176189938685,-0.008855551213511115,-0.0006403372829443255
2025-06-04,0.002563090619724928,0.005951954379886493,0.006441974072654677,0.002435593777228906
2025-06-05,-0.0029559249309695224,-0.0025501548947293173,-0.00504987891618125,-0.0012789905800313361
2025-06-06,0.007692226858298623,-0.005113674269840884,-0.013416073696802311,-0.00281707777043394
2025-06-09,0.0012722410181651433,0.0012337172652543416,0.004718534884218695,0.0003851719697545164
2025-06-10,0.004764965778504493,0.0022586613318988924,0.000293510988597534,0.00038502366942938515
2025-06-11,-0.0013436361272700648,0.0033804788584919088,0.005412290790508978,0.002053110576080819
2025-06-12,0.003957249766090243,0.0036752674882882808,0.0124202002480438,0.0011523623682643258
2025-06-13,-0.011509627787736565,-0.003559935469106268,0.013100564311248064,-0.0008947989884934282
2025-06-16,0.008767983680013192,-0.002041840556750718,-0.01425909653729851,-0.00038429323829847206
2025-06-17,-0.010117877537800912,0.003068702586284333,0.0005131941200071655,0.0008964529271744404
2025-06-18,0.00032195216229791157,0.0007139641332971625,-0.005385627565021256,0.0005117564855663392
2025-06-20,-0.004425168157137893,0.0009171718821836539,-0.00041901914110908933,0.0010232939712140343
2025-06-23,0.008970431793586142,0.0020360317588312693,0.0030631724583116693,0.0016606838646873179
2025-06-24,0.013215834977807761,0.0040643539507609905,-0.015719378751237634,0.0017857907545240082
2025-06-25,-0.0007113854619191784,-0.00010110720013367658,0.003037305817845004,-0.00025455714383448846
2025-06-26,0.0083853964665479,0.0027325799134856332,-0.0011070472235482631,0.0017829602011423251
2025-06-27,0.004471561365602783,-0.0028261353280212287,-0.018123728993798327,-0.0007628090625348971
2025-06-30,0.004373731427008476,0.0040485605573186145,0.01198454729743359,0.0012721170186091868
2025-07-01,-0.0005443582391634338,-0.0009203190428681562,0.008923010663382636,-0.00126182774417527
2025-07-02,0.004045765461682116,-0.0012146365911255286,0.005527596405484614,-0.0001276346997953759
2025-07-03,0.0057340975675375105,-0.002027043277903151,-0.006822911403597365,-0.0012764089352058638
2025-07-07,-0.008706212667079605,-0.0035543702566890323,0.000748780548875283,-0.0005112565423849302
2025-07-08,0.0017098616612998274,-0.00040769727948930523,-0.010443411868664265,-0.0005115180593393553
2025-07-09,0.005431395454022159,0.004180420064790358,0.004471282664348264,0.0014073945709227598
2025-07-10,0.0020837282618917374,-0.0003047246129619374,0.0022257895319868215,0.0
2025-07-11,-0.0050058568005553195,-0.004164044839827019,0.009601575193336043,-0.0006387246450878514
2025-07-14,0.0013932179419273716,-0.00010197690787783209,-0.0036553174266280575,0.00012754337005582705
2025-07-15,-0.004173778885277146,-0.0029579546832628756,-0.004155705135267751,-0.0015337637364692958
2025-07-16,0.0038807297732028623,0.001432058278686421,0.004988096125243757,0.001920402944293631
2025-07-17,0.004020428915225693,0.0004086552156470358,-0.0021735334020257513,-0.0003835465989909803
2025-07-18,-0.000770109307799971,0.0018381568931045145,0.002600924347578637,0.0015340671316432797
2025-07-21,0.0028515407848059837,0.0027518538932482794,0.015370115792427752,0.0010209766215438787
2025-07-22,0.0016907250616267078,0.0019313035201200535,0.009484882235462067,0.0008927333922839065
2025-07-23,0.011890929352582846,-0.0022318173694456656,-0.01240118112003663,-0.0012739079464442193
2025-07-24,-0.0020469599174309794,-0.0006100755198692465,-0.006118276977772341,-0.0006378673413536262
2025-07-25,0.0018992078081263575,0.0016278075172739825,-0.0092499926477293,0.000638274475796452
2025-07-28,-0.004473873719354704,-0.0013204743101297156,-0.00647361832754334,-0.000255106571577568
2025-07-29,-0.001827895334878371,0.005390577945584729,0.002750389076383808,0.0014032422951884005
2025-07-30,-0.0033574752353691117,-0.0028326451449548484,-0.017273497289540862,-0.0012739697113928194
2025-07-31,-0.004976669378697451,0.0005074354989933472,0.0066454015709211944,-0.00012746864528689894
2025-08-01,-0.012619179717852647,0.008647936716232207,0.020299689958884537,0.006131387568617752
2025-08-04,0.014416915609395842,0.0008068496172592976,0.005823229257701401,0.0002546198760007279
2025-08-05,-0.0027655530820516194,0.0003022650810728944,0.0008040912066364925,-0.00038153169932653164
2025-08-06,0.0074724002530226485,-0.00040289832600193254,-0.00212110700071233,0.000381677321323437
2025-08-07,0.002370366965597448,-0.0008065187760177839,0.008437987494967825,-0.00038153169932653164
2025-08-08,0.0058739075874467694,-0.0019167200259783135,-0.00022357985855403495,-0.0008909817595564862
2025-08-11,-0.002654323765462152,0.0007076796831864129,-0.014374701087597641,0.00025477888667357895
2025-08-12,0.010949730621500287,0.0,-0.0009074665058316222,0.000636835177156847
2025-08-13,0.004588192986344719,0.0036359093205282633,0.0030492830145867345,0.0016540353948524267
2025-08-14,-0.0015722535413694727,-0.0028175964703283096,-0.006338706734070332,-0.0012702570234515154
2025-08-15,0.00022492815021113444,-0.0015140241168153379,0.0005858183101099534,-0.00012717723310884388
2025-08-18,0.000224877568915538,-0.0011116810336825322,-0.0015612675411803556,-0.0003817808481633156
2025-08-19,-0.005321989788719561,0.0019223785992945608,-0.005473279447945512,0.0008906939143809023
2025-08-20,-0.001130266447968653,0.0006060697744596499,0.010122175284489776,0.00012732927350134204
2025-08-21,-0.0038476751247961127,-0.0023213563029284012,-0.0034698951143765644,-0.0012713261911039275
2025-08-22,0.016510265543399294,0.005563943800187765,0.01070642694476942,0.003055086919968142
2025-08-25,-0.006481905147986633,-0.0015090646194699797,-0.0024148368614391735,-0.0006345337037865217
2025-08-26,0.002099639220359162,0.0012090921569549717,0.007262047243691283,0.0012696729210408542
2025-08-27,0.00037413343242209685,0.0010064261320112955,0.0020187288833615202,0.0010145503216960616
2025-08-28,0.0040396398350952545,0.0012062593279220657,0.007419038046796889,-0.00012677767222402103
2025-08-29,-0.005811379157341978,-0.001305265894489871,0.00964990177666114,0.000633668985390301
2025-09-02,-0.007044466029382135,-0.002653022836098806,0.023642559312442524,-0.0006351649102191992
2025-09-03,0.004226451557985067,0.0036412473994495986,0.007831992196408066,0.0008898559914056747
2025-09-04,0.006688731898123024,0.004031037635635615,-0.004418882618094533,0.0012702067340324419
2025-09-05,0.0008959139108388747,0.004717372146871179,0.01334594055214322,0.0019028930335032168
2025-09-08,0.004848118704835702,0.0033965593537501615,0.011388067271604019,0.00037993539108116536
2025-09-09,0.0014845404927998906,-0.001991277248037937,-0.002269905468609168,-0.0010127430953968952
2025-09-10,0.0022235672637709314,0.001995250344653421,0.0035922056391106683,0.0002534175522672655
2025-09-11,0.0098359363479823,0.0018917603275796502,-0.0014913797811720864,0.000380079796847399
2025-09-12,-0.001464644974778051,-0.0008944296570196908,0.0019715725978484144,-0.00037993539108116536
2025-09-15,0.006527224531410747,0.0016908083428530674,0.01040483601055886,0.0010132142934293764
2025-09-16,-0.0010200630461276727,0.0003972345732186078,0.0020064107533963593,0.0005062932620432115
2025-09-17,-0.0009482170220267427,-0.0017866507929525932,-0.007715171664187115,-0.0008853412067437727
2025-09-18,0.004161478156679221,-0.002783965887940165,-0.0040063094596702875,-0.0006329327379136496
2025-09-19,0.0015994115553232824,0.0,0.010607227252210416,0.00025325379863283537
2025-09-22,0.00471848399414343,-0.0011965374926964367,0.01730643093326134,-0.000633272766195736
2025-09-23,-0.003756970022258166,0.001597268397259155,0.004086375052867464,0.0006336740547172592
2025-09-24,-0.0042787653488993715,-0.0018937559001198645,-0.009063049726670935,-0.000759369983667102
2025-09-25,-0.004952749045406435,-0.0013981168542253064,0.004165188877066628,-0.001521089327843228
2025-09-26,0.005270089089034258,0.0006999978704600451,0.00577227044053652,0.00038075188971942175
2025-09-29,0.002475653516802012,0.0018986763762300907,0.016496514338703028,0.0008880496988747932
2025-09-30,0.00406743758858763,-9.98523376732896e-05,0.008540004081594166,0.00025394455899130364
2025-10-01,0.005063644663089839,0.002551975823601449,0.0015753722020723782,0.0019448868062332814
2025-10-02,0.002303076582035324,0.0010981129735812,-0.003482825151325697,0.00012674334224671568
2025-10-03,0.0017235053330542094,-0.0010969084441878607,0.008032937892485048,-0.0005073066974125018
2025-10-06,0.003942626455578857,-0.0021959913911695494,0.01884573861512795,-0.0005078625213071897
2025-10-07,-0.005997798587334735,0.0017006690781942169,0.005159462258136571,0.000762131117594711
2025-10-08,0.005890312229840378,9.997074408585327e-05,0.01649095687844504,-0.00025381709898086857
2025-10-09,-0.004855969983046715,-0.0011984339795220178,-0.018452848086064955,-0.0005078625213071897
2025-10-10,-0.026121386376449784,0.004099157881283899,0.010097700011942212,0.0019051288041387338
2025-10-13,0.015547882127344703,0.0018919764801874628,0.02430104394061705,0.0013941531961749742
2025-10-14,-0.0010158825942339078,0.0015900298140321123,0.007141189222626965,0.0006329860190712466
2025-10-15,0.006391703714639707,-0.0003968375482620301,0.017332403569977117,-0.00025311352428969425
2025-10-16,-0.0034642007800769203,0.0035735778230114867,0.02338727694573084,0.002024726946860511
2025-10-17,0.003983171940068475,-0.0013849224432584961,-0.01881705572696646,-0.0006313682795313635
2025-10-20,0.01002671548207168,0.0016839794484062587,0.03640197438905224,0.0
2025-10-21,-0.0029281740935815925,0.0009888151659942501,-0.06426889260666147,0.0005052553385660463
2025-10-22,-0.003939631016784628,-9.88070499488014e-05,0.00010605594835544352,0.0
2025-10-23,0.006400134406610469,-0.0017782383554405534,0.004002358382396931,-0.0008839482070069904
2025-10-24,0.006502350497249232,0.0009896183868398634,-0.0033528327110016187,0.0007584675489475945
2025-10-27,0.010506897763863599,0.0006921099619228155,-0.027839530498784404,-0.000378896878697188
2025-10-28,0.001475380573085383,0.0005928046975516299,-0.007166030388359279,0.00037904049595804956
2025-10-29,6.999227802584329e-05,-0.004739627906724886,-0.0037872684129753864,-0.002399845155958258
2025-10-30,-0.009750198306631486,-0.0018852184157528429,0.01964188672951095,-0.0006331461900133117
2025-10-31,0.0017001866012960054,-0.000596477071408863,-0.005430550723012573,0.0003801482419334423
2025-11-03,0.002192182621335137,-0.0012274770695270831,0.0017929035935666526,0.0001904979805726903
2025-11-04,-0.012771657912671097,0.0004997531654609144,-0.017517195825319742,0.00038112179360960674
2025-11-05,0.004645752769413036,-0.0026963991462831682,0.011564369498527016,-0.0011430289463875143
2025-11-06,-0.0086795712085046,0.003704850240186408,-0.0012005195756799036,0.0019073606270652022
2025-11-07,0.0014353185998121631,-0.0003990017401709345,0.006119021470095687,0.0002538570265733231
2025-11-10,0.014619510674849678,-0.00039916100610704053,0.02734111859838051,-0.0005076842594203823
2025-11-11,0.0033197259259136747,0.0029950978607791168,0.003937814406542062,0.0013964692025516534
2025-11-12,0.001971153730795372,-0.0003980502531838459,0.016110762091908537,-0.00025346843996265633
2025-11-13,-0.015316624967412484,-0.002987576384245849,-0.008083098515826892,-0.0010144278026278375
2025-11-14,-0.000499441527534894,-0.001198439946064389,-0.018047911171504505,-0.0003808338785378229
2025-11-17,-0.010708187700697591,0.00019994061896344562,-0.011463979297139493,0.00012689385358877203
2025-11-18,-0.008587143745611314,0.0006000922306164114,0.007264932736103624,0.0013965473986046195
2025-11-19,0.0013830694036969238,0.0,0.0016294519610446923,-0.0005071001946045373
2025-11-20,-0.015118540955394999,0.0011988406006933072,-0.0002933255655774847,0.0008879498588598711
2025-11-21,0.009889244938752428,0.002395277698563625,-0.0015473311468576778,0.0016475726281104386
2025-11-24,0.011108007658571006,0.0019911914051296,0.01584423909859023,0.0008856040590201619
2025-11-25,0.009106587621302564,0.0015898961575557813,-0.00031569077041548876,0.0006319582147609193
2025-11-26,0.00823666942413337,0.001587140045203883,0.007998338908444147,0.0
2025-11-28,0.004972748002640914,-0.001386585559930431,0.012424331348639184,-0.00025280118109338723
2025-12-01,-0.004453360778841509,-0.00431862417322193,0.004821066034977672,-0.001140704780334456
2025-12-02,0.002201054909109379,0.0012991845973713279,-0.006440050713598433,0.0005075918013701664
2025-12-03,0.0037548363728163725,0.0018963445560580272,-0.0009296182229129313,0.0007610507851587567
2025-12-04,0.002046942440556032,-0.002390926248441283,0.0006461951944911615,-0.0008871351591304144
2025-12-05,0.0009156903558849017,-0.0010983542249103362,-0.0017823532991587676,-0.0006343716689316548
2025-12-08,-0.0023927250517309373,-0.0015996315603993283,-0.002639449868615862,-0.0005077206838728365
2025-12-09,-0.0007759543336667285,-0.0009011467355189984,0.005137202012788666,-0.0008890366772604796
2025-12-10,0.008118629020500423,0.0032071232107919734,0.004259147967166088,0.002033920305703374
2025-12-11,0.002661017487941786,0.0001997946856946431,0.010769830543307712,0.0001267755988962893
2025-12-12,-0.00984767052044011,-0.00309643220093625,0.005594579039939429,-0.00025361778013655023
2025-12-15,0.00021156923062126687,0.0010021100212795897,0.0009103412637567754,0.000507462984283169
2025-12-16,-0.004090638676092717,0.001901658956957819,0.00022745542760316262,0.001014509889768922
2025-12-17,-0.010215064675186847,-0.00029961428741909213,0.008588228474273762,-0.00012669753748295598
2025-12-18,0.008299773898468477,0.002498104297798509,-0.0018032036998043566,0.0012331155371572144
2025-12-19,0.00858915762167789,-0.0014601897765771366,0.0011289903434381632,-0.0005079044288733847
2025-12-22,0.0058903099257345826,-0.00040061678049063687,0.02308160549906857,-0.0003810479913538556
2025-12-23,0.005079794775511015,0.0,0.013252341857567629,-0.0003812918202357185
2025-12-24,0.001754852174888022,0.0022043142200027788,-0.004134082564786756,0.001016903054880558
2025-12-26,0.001331213579282453,0.0002000642376800421,0.011676735474757116,0.0006351157852428901
2025-12-29,-0.0034288258023440488,0.0011996026185496778,-0.0435283019531133,0.00076141892099435
2025-12-30,0.0,-0.0003994142440659765,0.0007275678386380324,0.00012690497650491572
2025-12-31,-0.006460227123830431,-0.0023972881036611327,-0.006467991163222386,-0.0006341492779727842
