Date,kalman_z,kalman_beta
2008-03-28,0.0,0.0
2008-03-31,1.030867243703145,1.0308861532088793
2008-04-01,-0.0463520170160119,1.0303834139407075
2008-04-02,0.022536484164538472,1.030610442915347
2008-04-03,0.09639200647402284,1.0315749267458671
2008-04-04,0.04019224991140848,1.0319770238381234
2008-04-07,0.04736632704731931,1.0324506534248599
2008-04-08,-0.007917951121551529,1.0323714638552393
2008-04-09,0.016785091928771614,1.0325393654578745
2008-04-10,0.005791837235289331,1.0325972744819016
2008-04-11,-0.008990200560895759,1.0325073512741474
2008-04-14,-0.004808111244906023,1.0324592706830509
2008-04-15,-0.06783149307590167,1.0317810054495862
2008-04-16,-0.03820277821195857,1.0313990380838889
2008-04-17,0.017173898666195297,1.0315707586035265
2008-04-18,0.05161675066356051,1.0320869443012377
2008-04-21,0.04066447323602358,1.032493568581331
2008-04-22,0.010403210070556706,1.0325976172490527
2008-04-23,-0.016261759591059532,1.0324349882579866
2008-04-24,-0.007751439161313815,1.032357490553316
2008-04-25,-0.019607288815481676,1.0321614127430074
2008-04-28,0.02310298337893952,1.032392467339909
2008-04-29,0.021248958452843924,1.0326049792172571
2008-04-30,0.04553246685942233,1.0330604593258184
2008-05-01,0.04720918124968511,1.0335324605203748
2008-05-02,0.010883187011926114,1.0336412834619748
2008-05-05,-0.015399039178095753,1.03348727043909
2008-05-06,-0.05213412247804029,1.0329659191156952
2008-05-07,0.010659310196326129,1.0330725278186188
2008-05-08,-0.0054468495264065435,1.033018043717339
2008-05-09,-0.01333046615681374,1.032884718916292
2008-05-12,0.013673837780924316,1.0330214370668431
2008-05-13,-0.051438665413778735,1.032507131111898
2008-05-14,0.021723851111185844,1.0327243654592992
2008-05-15,0.04134299875623969,1.0331379159564906
2008-05-16,-0.023272000365310224,1.0329051859511407
2008-05-19,0.003509060423784741,1.0329402810639599
2008-05-20,0.036413610820008095,1.0333044416495967
2008-05-21,-0.00355005908240005,1.033268940630307
2008-05-22,-0.03153892389919722,1.0329536368905183
2008-05-23,0.013223283346364233,1.0330858973164436
2008-05-27,-0.04989944997199228,1.0325869646580836
2008-05-28,-0.057068312462393495,1.0320163589833833
2008-05-29,-0.045167522338651886,1.0315647097045897
2008-05-30,0.0323442335005976,1.0318881875991075
2008-06-02,0.029117000019394212,1.0321794308620986
2008-06-03,-0.00246316389987151,1.0321547928613897
2008-06-04,-0.0375252956510961,1.0317795549158777
2008-06-05,-0.047888550067972956,1.0313007068576416
2008-06-06,0.03140673384252478,1.0316148549995752
2008-06-09,0.026011331234756616,1.0318748694041935
2008-06-10,-0.0166309027229241,1.0317086073220856
2008-06-11,-0.029264274110769335,1.031415900156436
2008-06-12,-0.030934118856036284,1.0311066540404696
2008-06-13,-0.0371178087831731,1.0307354962362878
2008-06-16,-0.003778708715380341,1.0306977057176114
2008-06-17,0.00935396783381409,1.0307912702905124
2008-06-18,0.05776610388052013,1.031369018585479
2008-06-19,-0.03186745534898866,1.0310503797249435
2008-06-20,0.014726956845620623,1.0311976722421803
2008-06-23,0.007558758120626205,1.0312732559650204
2008-06-24,0.009201298006704725,1.0313652838182967
2008-06-25,-0.0305990534831276,1.0310592193766042
2008-06-26,0.0016737937451475479,1.0310759592932062
2008-06-27,0.03541009946135567,1.031430090947034
2008-06-30,-0.020165232122572856,1.0312283935156747
2008-07-01,-0.06541441350643845,1.0305742099657724
2008-07-02,-0.05749180019793076,1.0299992223264345
2008-07-03,-0.030980371118272232,1.0296893762726438
2008-07-07,0.033244548293212654,1.0300218676642756
2008-07-08,0.06901820697051961,1.0307121174849625
2008-07-09,0.07036206143944651,1.0314158325611018
2008-07-10,0.032522298366331484,1.0317410808461898
2008-07-11,-0.028616934877636307,1.031454970710531
2008-07-14,-0.03160083394538165,1.0311388879086092
2008-07-15,0.05349810607281019,1.0316739156708574
2008-07-16,-0.07352022839742242,1.0309388134691342
2008-07-17,-0.04595149615979396,1.0304793894410462
2008-07-18,-0.10232344015757762,1.02945618945773
2008-07-21,0.04868813216722854,1.0299431157442016
2008-07-22,-0.0005008866433440562,1.0299381075647613
2008-07-23,-0.0024483012151798804,1.0299136212931064
2008-07-24,0.03866270704873519,1.030300406419248
2008-07-25,-0.04730252325430697,1.0298274031903925
2008-07-28,0.0364833220351043,1.0301922951834455
2008-07-29,0.027509708512511208,1.0304673648268328
2008-07-30,0.002012046397960307,1.0304874882299855
2008-07-31,0.03842546392984909,1.0308718499462584
2008-08-01,-0.006823449475113951,1.030803611186673
2008-08-04,-0.04126425366545406,1.0303909681726755
2008-08-05,-0.035497167681559964,1.0300359910406722
2008-08-06,-0.02322620117016094,1.029803725144132
2008-08-07,0.011937930112866185,1.0299231469987278
2008-08-08,0.009974979041614571,1.0300228907145217
2008-08-11,-0.05252135548191276,1.0294976301505627
2008-08-12,0.02738067900494055,1.029771487109355
2008-08-13,-0.0004726680482082448,1.0297667605572853
2008-08-14,0.02560325125987334,1.0300228218748613
2008-08-15,0.03992246727389865,1.0304221005845313
2008-08-18,0.03484526373716849,1.0307705838335073
2008-08-19,-0.0032774707589414316,1.0307378073711215
2008-08-20,-0.0033241567742976277,1.030704559844016
2008-08-21,0.03033563858362838,1.031007898949439
2008-08-22,0.0063995584671130675,1.031071892642007
2008-08-25,0.027985833916168785,1.0313517962367702
2008-08-26,-0.01694930901539069,1.0311822895360454
2008-08-27,-0.009859704680084694,1.0310836765368032
2008-08-28,0.040443293682153054,1.031488085836822
2008-08-29,0.01879553458264579,1.0316760393511486
2008-09-02,0.011412412319310835,1.0317901940580794
2008-09-03,-0.009267262599050457,1.0316975112436053
2008-09-04,0.01948294873640894,1.0318923862482268
2008-09-05,-0.018170976047040047,1.031710685837131
2008-09-08,0.08250003598580719,1.0325357930135246
2008-09-09,0.10256429100807782,1.0335614948049714
2008-09-10,-0.013185367937216357,1.0334296162367806
2008-09-11,-0.00317387673902581,1.0333978786007174
2008-09-12,-0.055327918157702986,1.0328446144482981
2008-09-15,-0.07288284711340903,1.0321153678347528
2008-09-16,-0.07999483060625753,1.0313157495370309
2008-09-17,-0.011162786492645151,1.0312041065857098
2008-09-18,-0.021888887743900205,1.0309852331040097
2008-09-19,0.15041014431149952,1.0324888860367525
2008-09-22,-0.22736892224906116,1.0302151795892476
2008-09-23,-0.07494278170816424,1.0294657844139363
2008-09-24,-0.14080030623664508,1.0280568864600537
2008-09-25,-0.06307583980999112,1.0274260932293837
2008-09-26,-0.0335794090739432,1.0270903884389322
2008-09-29,-0.1155694408946806,1.0259345443598018
2008-09-30,0.13465855324423506,1.0272805643950567
2008-10-01,0.39839236528061306,1.0312562416592934
2008-10-02,-0.16246672172778337,1.0296293485081163
2008-10-03,0.06795510850700962,1.030309059005806
2008-10-06,-0.09368796697761467,1.0293716352294018
2008-10-07,-0.5263027935814837,1.0241050945796433
2008-10-08,-0.20832820761059592,1.0220243481453843
2008-10-09,-0.14251905068576032,1.020598521142218
2008-10-10,-0.893571130479284,1.0116773027912827
2008-10-13,0.995754477854966,1.0216072893987367
2008-10-14,0.2100750738336748,1.0237118598270705
2008-10-15,0.34845203484004955,1.027197066770541
2008-10-16,-0.2918119917915269,1.0242772304333505
2008-10-17,0.145067849344729,1.025726973471347
2008-10-20,0.26356561930312855,1.0283636422325713
2008-10-21,0.02995576422850349,1.0286634894422961
2008-10-22,0.08732394281664373,1.0295373144437852
2008-10-23,-0.2771512802897058,1.0267655863167897
2008-10-24,0.050735953731610266,1.0272723480745378
2008-10-27,-0.29944792016640503,1.0242762615619487
2008-10-28,-0.011696278874902299,1.024159297229107
2008-10-29,0.24355096471802215,1.0265958004764872
2008-10-30,0.01968457800594726,1.0267926910647944
2008-10-31,0.0371072490112563,1.0271636507669586
2008-11-03,-0.23672426235873742,1.024796708445609
2008-11-04,0.2739805235365356,1.0275358050178147
2008-11-05,0.04230803243695153,1.0279594530887488
2008-11-06,-0.04992407812853287,1.0274601471148783
2008-11-07,-0.054104008043377075,1.0269187795340524
2008-11-10,-0.08633452182766173,1.026055503312459
2008-11-11,-0.032763549060762294,1.0257276608418067
2008-11-12,-0.25683531018553746,1.0231579903623649
2008-11-13,-0.10390073367581891,1.022118505994569
2008-11-14,0.10129385738856754,1.0231311830651193
2008-11-17,0.22653895954000286,1.0253951731263373
2008-11-18,-0.025866317028693357,1.0251364354510761
2008-11-19,-0.027254221758715523,1.0248637920806432
2008-11-20,-0.2206633026645357,1.0226549418254063
2008-11-21,-0.1274736639647465,1.021380465338936
2008-11-24,-0.020053040794272007,1.0211799473641452
2008-11-25,0.30264099476392453,1.0242080462814034
2008-11-26,-0.0046497392572547175,1.0241615385040603
2008-11-28,-0.009986888670639802,1.0240616736985455
2008-12-01,0.17768167157695583,1.0258390451534745
2008-12-02,0.021372504914154603,1.02605283160152
2008-12-03,-0.03488675141554986,1.0257038750939438
2008-12-04,0.04708035461909822,1.0261747110704753
2008-12-05,-0.02058072455986286,1.0259689468218092
2008-12-08,-0.04954310491861419,1.0254734597143398
2008-12-09,0.2664039795707004,1.0281363030585788
2008-12-10,-0.12598226330464327,1.0268755359545259
2008-12-11,0.22571027177054293,1.0291312350507
2008-12-12,-0.0929313166974263,1.0282012757954997
2008-12-15,0.08399094329903696,1.0290410257813147
2008-12-16,-0.014654422971578785,1.0288944097034618
2008-12-17,0.04070265571437929,1.0293015549039506
2008-12-18,0.04030985221557327,1.029704820654931
2008-12-19,-0.10685784841927957,1.0286358699544627
2008-12-22,0.05450316317193437,1.029180959103372
2008-12-23,0.16504379884758583,1.0308316280417613
2008-12-24,0.07764453409698349,1.0316082955080426
2008-12-26,-0.048556620408648485,1.0311226672043627
2008-12-29,0.0851674197929446,1.0319745097974649
2008-12-30,0.030148596915547797,1.0322760177113675
2008-12-31,-0.050589537597635494,1.0317699449305902
2009-01-02,0.16805035908513505,1.0334485209968418
2009-01-05,0.33740495481875454,1.0368222076449691
2009-01-06,-0.23950015452504053,1.0344246776350208
2009-01-07,-0.011700740700652607,1.034307761888754
2009-01-08,-0.13214618277224294,1.0329863600486158
2009-01-09,-0.10608359540508785,1.0319254500867558
2009-01-12,-0.08265433591880676,1.0310983709104464
2009-01-13,-0.005265879280034529,1.031045704631416
2009-01-14,-0.1544524159405498,1.0295002525621797
2009-01-15,-0.048231605986269306,1.0290178882580385
2009-01-16,0.12342489317977139,1.0302519514363147
2009-01-20,0.10997643652518886,1.0313509957876374
2009-01-21,0.07318297022260023,1.0320824106845312
2009-01-22,-0.17260169230102604,1.0303555337082817
2009-01-23,0.0018156988585637799,1.0303736861312782
2009-01-26,0.1062392732117997,1.031435552328645
2009-01-27,-0.1528637488266783,1.0299051521749951
2009-01-28,-0.006781156464723584,1.0298373387159296
2009-01-29,-0.14380549224772451,1.0283992962722743
2009-01-30,0.06807217677093456,1.0290800419786335
2009-02-02,0.0492635174920044,1.0295725798188702
2009-02-03,-0.08262971539461075,1.0287461892754763
2009-02-04,-0.0378014519177408,1.0283681716727422
2009-02-05,-0.016906266716780034,1.028199136700543
2009-02-06,-0.051071648233420766,1.0276882051951202
2009-02-09,-0.009212475379903998,1.0275960744622703
2009-02-10,0.24636304063336217,1.0300583490385822
2009-02-11,-0.10526813462290775,1.0290048899916922
2009-02-12,0.10773308041996095,1.0300821277489969
2009-02-13,-0.0022417481344013854,1.0300597111312202
2009-02-17,0.019784599750104468,1.0302575597649306
2009-02-18,0.058565861267527344,1.0308430273364526
2009-02-19,-0.023315763646111327,1.0306098526712706
2009-02-20,-0.15310141699823737,1.0290783927939045
2009-02-23,0.14296665904482683,1.0305075598049493
2009-02-24,0.006718909131955213,1.0305747504356422
2009-02-25,0.023070937674257955,1.0308054352183074
2009-02-26,-0.06387810504865536,1.0301666869267312
2009-02-27,-0.0632798262046421,1.029533740836794
2009-03-02,0.025011071815956087,1.0297838832424409
2009-03-03,-0.005762749069211285,1.0297262546912604
2009-03-04,-0.04444150284303029,1.0292818917220508
2009-03-05,0.05069337293792538,1.029788828293238
2009-03-06,0.08277435661137234,1.0306165376657417
2009-03-09,-0.06248856531652705,1.029991711014743
2009-03-10,0.050948067855113695,1.0305011459046471
2009-03-11,0.03871135607956915,1.0308883040236205
2009-03-12,0.04579366312992789,1.0313462305815713
2009-03-13,-0.024002692340060968,1.0311061371986774
2009-03-16,-0.0334422036210465,1.0307717304549622
2009-03-17,-0.03928173386823688,1.0303789351988488
2009-03-18,0.04294949749569912,1.0308088456394433
2009-03-19,0.06936816734942416,1.0315025804402616
2009-03-20,-0.024190679838120736,1.0312607143887689
2009-03-23,-0.00047733192462371527,1.0312559410644455
2009-03-24,-0.06650335501738315,1.0305910248449102
2009-03-25,-0.08044461629925283,1.029786609711259
2009-03-26,0.017210979955046515,1.0299587217118331
2009-03-27,0.012208037385368353,1.0300808113205413
2009-03-30,0.014076529241827198,1.0302216261157238
2009-03-31,0.05037394484645674,1.0307254966662078
2009-04-01,0.018235982467468787,1.0309078603582538
2009-04-02,-0.026798542706607066,1.030639888069661
2009-04-03,-0.035483603783300934,1.0302850820505434
2009-04-06,0.02475141615599751,1.0305325647890742
2009-04-07,-0.050072044634375056,1.0300317644056842
2009-04-08,-0.003710128525471626,1.029994653727685
2009-04-09,-0.03166350932655482,1.0296779907959965
2009-04-13,0.07765773400267864,1.0304547366771202
2009-04-14,-0.009523101669383265,1.0303594875709419
2009-04-15,0.03837868992160109,1.0307433096072818
2009-04-16,-0.0010944919796226757,1.0307323649370894
2009-04-17,-0.03757114545785536,1.0303567310721136
2009-04-20,0.004279223938708504,1.030399539643197
2009-04-21,-0.02191361244837506,1.0301804153023035
2009-04-22,0.07176562890882074,1.030898004129227
2009-04-23,-0.035619936243464434,1.0305416721423417
2009-04-24,0.035372522839868754,1.0308953848800047
2009-04-27,-0.0005318038823030476,1.0308900657522477
2009-04-28,-0.005295770837945839,1.0308371046464162
2009-04-29,-0.06004706292057037,1.0302366376095144
2009-04-30,0.06133684725716856,1.0308500453194758
2009-05-01,-0.06525664260764852,1.0301973998990146
2009-05-04,-0.02413404017938153,1.0299560274051958
2009-05-05,0.019718692228175672,1.0301532332167656
2009-05-06,0.04314420901863067,1.0305847028202642
2009-05-07,-0.030166677411955493,1.0302830638237022
2009-05-08,0.01217692604234113,1.0304048434154982
2009-05-11,-0.009238985975243676,1.0303124389444813
2009-05-12,0.05905183641466204,1.0309030770545073
2009-05-13,-0.02782099213858748,1.0306247781081137
2009-05-14,0.031193119618471765,1.0309366941628157
2009-05-15,0.08253679973804948,1.0317619783987177
2009-05-18,-0.03752389342402015,1.0313867080177674
2009-05-19,0.013106096077750538,1.031517770949935
2009-05-20,0.011431505259172912,1.0316321130491846
2009-05-21,-0.02612679321223274,1.031370854854406
2009-05-22,-0.04491093775879979,1.0309217436410103
2009-05-26,-0.030263718621433573,1.0306191213805125
2009-05-27,-0.08495827435632393,1.029769576710794
2009-05-28,-0.03236642102345002,1.0294458806292024
2009-05-29,0.12086299229695445,1.0306548520300358
2009-06-01,-0.16277754824286556,1.0290270814204165
2009-06-02,0.09698549000431649,1.0299968692516794
2009-06-03,0.027510268895419267,1.0302720402975079
2009-06-04,-0.09547406778450322,1.0293173980557615
2009-06-05,-0.0006447846044056583,1.029310953189991
2009-06-08,0.0054279342753402095,1.0293652206546666
2009-06-09,0.01357764256418098,1.0295010384992769
2009-06-10,-0.02172394467905561,1.0292838040180337
2009-06-11,0.07025104795842849,1.0299862974556118
2009-06-12,0.02154087522117522,1.0302017921383582
2009-06-15,0.05824858767510738,1.0307843591807937
2009-06-16,0.057616696542169346,1.0313605210230263
2009-06-17,0.02205145177859068,1.0315810728292119
2009-06-18,-0.08620566828625569,1.0307190379287108
2009-06-19,0.02620982887925616,1.0309811600582472
2009-06-22,-0.002735626902098344,1.0309537981388772
2009-06-23,0.06928320936297755,1.031646635157597
2009-06-24,-0.04344341654250121,1.0312121478161635
2009-06-25,0.033168310993066115,1.0315438970566746
2009-06-26,0.09289383411184404,1.0324727706715244
2009-06-29,0.010471791909726805,1.0325774936845595
2009-06-30,-0.02296548033714028,1.0323477990100407
2009-07-01,-0.010682991228019197,1.032240963777928
2009-07-02,-0.03262323446660291,1.031914619034585
2009-07-06,-0.009879669874694495,1.031815820367498
2009-07-07,0.041824207675656706,1.0322341020271273
2009-07-08,0.11200421537475416,1.0333541834752897
2009-07-09,-0.06956004880568346,1.0326583912828518
2009-07-10,0.015634856736833336,1.0328147656079862
2009-07-13,0.005293050238452585,1.0328676973138162
2009-07-14,-0.005636200058936234,1.0328113432765311
2009-07-15,-0.08162142473529439,1.031995218365128
2009-07-16,0.00949002070079438,1.0320901300308707
2009-07-17,-0.010713291015035192,1.0319829849889541
2009-07-20,-0.016712468117937744,1.0318158273140585
2009-07-21,0.08346160199958538,1.0326506063255003
2009-07-22,-0.022686924495291128,1.0324237334234236
2009-07-23,-0.030547729267014965,1.032118267709235
2009-07-24,0.029203772189760314,1.032410270797745
2009-07-27,-0.043861974240845834,1.0319716358483286
2009-07-28,0.007767232176494572,1.0320493156224484
2009-07-29,0.06456074379681272,1.032694872468094
2009-07-30,-0.033107947321854625,1.0323636770571214
2009-07-31,0.05754252421262053,1.0329391954352727
2009-08-03,0.029868360401680945,1.0332378358135377
2009-08-04,-0.03901857681018094,1.032847644837672
2009-08-05,-0.029313522480093567,1.032554493168914
2009-08-06,0.013234252187141264,1.0326868348707325
2009-08-07,-0.05913847278885176,1.0320955246520753
2009-08-10,0.05094964153191709,1.032605178486212
2009-08-11,0.10801522051351228,1.0336852669457064
2009-08-12,0.005980329733654326,1.0337450771714642
2009-08-13,-0.026694962809945096,1.033478031964327
2009-08-14,0.0109873893494452,1.0335879195902768
2009-08-17,0.06650253904011241,1.0342530077088425
2009-08-18,-0.050572065938901255,1.0337472312334635
2009-08-19,0.05614926507576184,1.0343086706139062
2009-08-20,-0.0042298033434660315,1.0342663622810815
2009-08-21,-0.05470366988698917,1.0337193965282883
2009-08-24,0.013560684174229181,1.033855030864564
2009-08-25,0.023557054894159397,1.0340906252920898
2009-08-26,0.04120242263001118,1.0345026565751447
2009-08-27,-0.0009915131947726254,1.0344927409769298
2009-08-28,-0.036787941695040884,1.0341248053170353
2009-08-31,0.040542997569797165,1.0345302934598388
2009-09-01,-0.030405525859592275,1.034226204231339
2009-09-02,0.037803969025713924,1.0346043355185515
2009-09-03,-0.013596200402798166,1.0344683681568883
2009-09-04,-0.030766751734939306,1.0341606941521224
2009-09-08,0.03765731966011002,1.0345371724407375
2009-09-09,-0.0002469400173909246,1.0345347025219527
2009-09-10,0.043349135043182954,1.0349683027232643
2009-09-11,0.03381491005346968,1.0353064433509613
2009-09-14,-0.017039654711327016,1.0351360378571075
2009-09-15,0.010974191588451507,1.035245765794739
2009-09-16,0.014355307222928238,1.0353893250954682
2009-09-17,0.04980822513502919,1.0358875064533881
2009-09-18,-0.03271064302139764,1.035560373180246
2009-09-21,-0.01866437532901455,1.0353737230249398
2009-09-22,0.005246394545615073,1.0354261846150286
2009-09-23,0.004339512326232519,1.0354695888303176
2009-09-24,0.000458345333138221,1.0354741730053472
2009-09-25,0.06270541070121857,1.0361012353796768
2009-09-28,0.01942371537700976,1.0362954798048265
2009-09-29,-0.011400939594164071,1.0361814606028337
2009-09-30,0.01676629707842371,1.0363491403010223
2009-10-01,0.023528917760574246,1.0365844633162105
2009-10-02,-0.06416105280344954,1.0359427139747692
2009-10-05,-0.014393118884949927,1.0357987694305506
2009-10-06,0.03363989005774394,1.0361350989592069
2009-10-07,0.03917380492682767,1.0365269131028934
2009-10-08,0.029378286695847786,1.0368206789732914
2009-10-09,-0.10098032913063668,1.0358108819792498
2009-10-12,-0.001657706509372874,1.035794303398331
2009-10-13,0.04934407048635066,1.0362877568532927
2009-10-14,-0.01988808941083685,1.0360888720001784
2009-10-15,-0.02805573918363498,1.0358083065879156
2009-10-16,-0.010090196215573078,1.0357073997752824
2009-10-19,0.03186035705334895,1.0360260192216288
2009-10-20,0.02178660850082813,1.0362439225660378
2009-10-21,0.02417555588286755,1.036485663590679
2009-10-22,-0.037264224589806355,1.0361129786453984
2009-10-23,-0.0012801246133006463,1.036100178354511
2009-10-26,-0.019968552650448612,1.0359005074563423
2009-10-27,0.012662931393191143,1.0360271676769566
2009-10-28,0.01968866069428989,1.0362240749096099
2009-10-29,-0.02442069544273495,1.0359798590739635
2009-10-30,0.029754525701257358,1.0362774547806581
2009-11-02,-0.01795861225551107,1.0360978582315703
2009-11-03,-0.0286660532010231,1.0358111831573606
2009-11-04,-0.027899054616525858,1.0355321890460458
2009-11-05,0.03205455827625907,1.035852755551339
2009-11-06,-0.00014136876934000347,1.035851341646374
2009-11-09,0.020942238751851954,1.036060778408541
2009-11-10,0.020240031150781355,1.0362631816553005
2009-11-11,-0.04332147021751432,1.035829846269246
2009-11-12,0.03965883258760096,1.0362264332285416
2009-11-13,0.043517513348060484,1.0366616038124281
2009-11-16,0.011709903734523455,1.0367787286681267
2009-11-17,0.02727689873095364,1.0370515053915836
2009-11-18,-0.048203527813327075,1.0365694068522486
2009-11-19,-0.014164322085612925,1.0364277450687553
2009-11-20,0.01349157465976678,1.036562662328442
2009-11-23,0.00299169760471292,1.036592580419209
2009-11-24,0.0206017349655946,1.0367986344245184
2009-11-25,0.01141884622863089,1.036912835167514
2009-11-27,-0.004083951685129663,1.0368719896480494
2009-11-30,0.03936878672705215,1.0372656825513449
2009-12-01,-0.03935952066255035,1.036872054491807
2009-12-02,-0.020173232454888487,1.036670331909859
2009-12-03,7.320897162311175e-05,1.0366710640162393
2009-12-04,0.005655362463800947,1.036727610925938
2009-12-07,-0.017577716988102322,1.0365518016558093
2009-12-08,-0.0023070514865242905,1.0365287277982953
2009-12-09,-0.009886967846236131,1.036429855977118
2009-12-10,-0.007231169574457851,1.036357543516147
2009-12-11,-0.032320718631256365,1.0360343362036877
2009-12-14,0.01366683119576622,1.036171003154981
2009-12-15,-0.03275013180746123,1.0358435023586738
2009-12-16,0.014952086775213203,1.0359930341608266
2009-12-17,-0.016552758754524794,1.0358274643576768
2009-12-18,0.017365524508960763,1.0360011154715456
2009-12-21,-0.027411702587505807,1.0357270321523222
2009-12-22,-0.03123639586037134,1.0354146921484904
2009-12-23,-0.004928802330930143,1.0353654017678697
2009-12-24,0.03863172529889905,1.0357516261291408
2009-12-28,-0.11320772635305364,1.0346194309398995
2009-12-29,-0.029192901336168583,1.03432746685848
2009-12-30,0.03489585701759395,1.0346764450814094
2009-12-31,0.01791320154629675,1.034855564429429
2010-01-04,0.009741085291064823,1.0349529854620625
2010-01-05,0.03657330515318797,1.035318806745332
2010-01-06,0.01442785545358025,1.035463086942521
2010-01-07,-0.020222392478991914,1.035260849847096
2010-01-08,0.008452158068702097,1.0353453741970182
2010-01-11,-0.05796942133812957,1.0347655387880665
2010-01-12,0.07244014494732963,1.0354900494584152
2010-01-13,-0.026878177584786587,1.0352212792024564
2010-01-14,0.007805642316676053,1.0352993482758468
2010-01-15,0.008725718203776676,1.0353866203775384
2010-01-19,-0.00998660541413802,1.0352867547025337
2010-01-20,0.03515591872343414,1.0356383395027238
2010-01-21,-0.0091002502702947,1.0355473230126098
2010-01-22,0.0049890114082157275,1.0355972165419576
2010-01-25,0.0020533723578536355,1.0356177511383886
2010-01-26,0.02214221910030014,1.035839184252454
2010-01-27,0.009060971890799418,1.0359297926365505
2010-01-28,-0.025628315097619318,1.0356734839577995
2010-01-29,0.011979428021720022,1.0357932946891866
2010-02-01,-0.009629676989929411,1.0356969965269869
2010-02-02,0.010334417691107118,1.0358003483996356
2010-02-03,-0.0038592891153870143,1.035761757413288
2010-02-04,0.0023231705296936434,1.0357849937192327
2010-02-05,-0.021684138031923587,1.035568112663043
2010-02-08,0.04447485858277813,1.0360128560385355
2010-02-09,-0.004754305699208795,1.0359653134961229
2010-02-10,-0.021108693084814126,1.0357542346909627
2010-02-11,-0.0346024601677056,1.0354081955334409
2010-02-12,-0.03160714065551539,1.0350920764807225
2010-02-16,0.029268064631031192,1.0353847798189482
2010-02-17,-0.02430557689766618,1.0351417314901437
2010-02-18,-0.004992921901078717,1.035091801976394
2010-02-19,0.02523416764787589,1.0353441412707638
2010-02-22,-0.033587920351725115,1.0350082315420344
2010-02-23,0.022457934543568755,1.0352328498724717
2010-02-24,0.016032680261050865,1.0353931923838593
2010-02-25,0.021755130461080636,1.0356107715129357
2010-02-26,0.0009156526970492577,1.0356199288980383
2010-03-01,0.01782760823589403,1.0357982203355889
2010-03-02,-0.0014133732526012725,1.0357840850714117
2010-03-03,0.017420997440100124,1.0359582918565098
2010-03-04,0.036662776915869034,1.0363249357164805
2010-03-05,-0.004263667373544946,1.0362823000758838
2010-03-08,0.003605211483586083,1.0363183547501544
2010-03-09,0.025431900420132922,1.0365726822546264
2010-03-10,0.002732928561616213,1.0366000121116943
2010-03-11,0.014235600990957225,1.0367423669974436
2010-03-12,0.005912869491268478,1.036801498342217
2010-03-15,0.023264582171449246,1.037034155688927
2010-03-16,0.01598573933305942,1.0371940358012308
2010-03-17,0.011261125532167682,1.0373066567264484
2010-03-18,0.0019404227821770358,1.0373260609151418
2010-03-19,0.009779563992119813,1.0374238519659258
2010-03-22,0.0026860906205702115,1.037450715469589
2010-03-23,-0.0026049950462299814,1.037424663387678
2010-03-24,-0.03465773022736057,1.0370781446066961
2010-03-25,-0.05075157768563402,1.0365706228313456
2010-03-26,-0.0004037799527678512,1.0365665846194951
2010-03-29,-0.00885169430726932,1.0364780669280096
2010-03-30,-0.0049671648163638485,1.036428391144173
2010-03-31,-0.0005041154773684654,1.036423349535634
2010-04-01,-0.007099625683946866,1.0363523493439029
2010-04-05,-0.03706936266025449,1.0359817473041986
2010-04-06,0.003917081915440734,1.0360209201316888
2010-04-07,0.04314473334581412,1.0364524453558186
2010-04-08,-0.019514190266979668,1.0362572787279767
2010-04-09,0.0012815855528564453,1.0362700959067894
2010-04-12,0.03135673564241627,1.0365836920646436
2010-04-13,0.026407843870607073,1.0368477969492353
2010-04-14,-0.00977594989433436,1.036750033037597
2010-04-15,0.02188837004191729,1.0369689336818615
2010-04-16,-0.020743585846329834,1.0367614409527737
2010-04-19,-0.022039204273074948,1.0365410476998431
2010-04-20,0.023846140118066073,1.036779517871822
2010-04-21,0.027979642059608012,1.037059338285268
2010-04-22,-0.01070205175854326,1.0369523189885863
2010-04-23,-0.01132182882975928,1.0368391019380485
2010-04-26,-0.005063136653286148,1.0367884683161603
2010-04-27,0.006128838164431883,1.0368497716081104
2010-04-28,-0.006756164282662957,1.036782210399607
2010-04-29,-0.011057561433118177,1.0366716226791153
2010-04-30,0.05763445451395515,1.0372480309093577
2010-05-03,-0.009951900362481949,1.037148508681335
2010-05-04,0.04855855278218527,1.0376341535113986
2010-05-05,-0.00764266905116806,1.0375577196933679
2010-05-06,-0.04009679424494907,1.0371566271119965
2010-05-07,-0.07011249661403424,1.0364555021624815
2010-05-10,0.010880859535786568,1.0365643007301848
2010-05-11,0.052050177635510016,1.0370848554174594
2010-05-12,0.0018977175970324178,1.037103833280693
2010-05-13,0.011897798869183185,1.0372228236335024
2010-05-14,0.043789660387367,1.0376607843365628
2010-05-17,0.0021727798033726368,1.0376825132087868
2010-05-18,0.024038450399111386,1.0379229449055452
2010-05-19,0.01091375295271475,1.038032091303578
2010-05-20,0.008587368379700658,1.0381179624576553
2010-05-21,0.05162465230765931,1.038634283007166
2010-05-24,0.007817322097544693,1.038712460081765
2010-05-25,0.03470721748381498,1.0390595337208937
2010-05-26,0.010856684843962426,1.0391680966236112
2010-05-27,-0.006343686666977161,1.0391046652060143
2010-05-28,0.0004618309690389802,1.0391092839864637
2010-06-01,-0.006009720620606219,1.0390491749578596
2010-06-02,-0.00864893709951887,1.038962684087406
2010-06-03,0.01832785054047913,1.0391459493635198
2010-06-04,-0.017387628277473,1.0389720185021476
2010-06-07,0.034274991457156505,1.0393148092359885
2010-06-08,-0.0004220165966611506,1.0393105889870868
2010-06-09,0.011885645074477206,1.039429449979921
2010-06-10,-0.017471063671310422,1.0392547531611034
2010-06-11,-0.017723523935293806,1.039077494892585
2010-06-14,0.01697108865749983,1.0392472170284448
2010-06-15,0.018461301498781803,1.0394318294164888
2010-06-16,0.01825151411855572,1.039614362826391
2010-06-17,0.014904234108638859,1.0397634323303104
2010-06-18,-0.009838814638287216,1.0396650434933148
2010-06-21,0.0278059653291254,1.0399431235902046
2010-06-22,0.003888838544524957,1.0399820175441425
2010-06-23,0.020441787109814227,1.040186467778208
2010-06-24,-0.008476908260034962,1.0401016936406187
2010-06-25,0.003988657655958047,1.040141585140875
2010-06-28,0.026845445942510416,1.0404100620743613
2010-06-29,0.04403931346083195,1.0408505064950782
2010-06-30,0.0014275340067734937,1.0408647834076175
2010-07-01,0.01183290380879285,1.0409831091273822
2010-07-02,-0.031833868468041975,1.0406647422945607
2010-07-06,0.03491574160676713,1.0410139310126703
2010-07-07,-0.016618505026251396,1.0408477340644602
2010-07-08,-0.010414378095522953,1.0407435839303671
2010-07-09,-0.02449766502233733,1.040498599229301
2010-07-12,0.0054223956411114885,1.0405528272870723
2010-07-13,-0.03094029692863683,1.040243422154815
2010-07-14,0.024549332167166003,1.0404889512715463
2010-07-15,0.013759383785892134,1.0406265631085294
2010-07-16,0.03728870347601263,1.0409995016693443
2010-07-19,-0.009433370764182937,1.040905160793945
2010-07-20,-0.020078349543630806,1.0407043631942214
2010-07-21,0.0583874070030544,1.0412882938086065
2010-07-22,0.005787454282711197,1.0413461704420155
2010-07-23,-0.017710419313419795,1.041169065573132
2010-07-26,-0.006262333935637099,1.041106439923837
2010-07-27,0.013840526003279778,1.041244839465798
2010-07-28,-0.0058243875122746605,1.0411865831800062
2010-07-29,-0.007780039682725054,1.0411087707805913
2010-07-30,0.006627393311151872,1.0411750539943823
2010-08-02,-0.01681348853641136,1.0410069125335721
2010-08-03,-0.004799604602092694,1.0409589119816343
2010-08-04,-0.02532959565534459,1.0407056091909415
2010-08-05,-0.0043025531830570216,1.0406625785055943
2010-08-06,0.01255203948522322,1.0407881160744044
2010-08-09,0.021378594457206194,1.041001899015045
2010-08-10,0.02634638732570068,1.0412653840219748
2010-08-11,0.003995410291397333,1.0413053434461164
2010-08-12,-0.012803378578071328,1.0411773091842267
2010-08-13,0.02734850332180886,1.0414508165594012
2010-08-16,0.04126627252318969,1.041863541651806
2010-08-17,-0.004025034943445842,1.0418232896487345
2010-08-18,-0.020319285087427905,1.0416200867974477
2010-08-19,0.03866234432299254,1.0420067468181458
2010-08-20,-0.0035625678532755574,1.04197112049235
2010-08-23,0.00984041695844728,1.0420695319455597
2010-08-24,0.05355732183384665,1.0426051712618616
2010-08-25,-0.006137290418245089,1.0425437992668756
2010-08-26,0.015983419524224593,1.0427036433917567
2010-08-27,-0.0575813069409763,1.0421278781038499
2010-08-30,0.065802500163345,1.0427860164895666
2010-08-31,0.02341163262550916,1.0430201553991998
2010-09-01,0.0016596162306299063,1.0430367503367997
2010-09-02,-0.03724375443204189,1.0426642748984414
2010-09-03,-0.04206037452996413,1.0422436632704914
2010-09-07,0.04350183327224633,1.0426786904768375
2010-09-08,-0.008632138393991245,1.0425923619117115
2010-09-09,-0.05908878310218429,1.0420015062897632
2010-09-10,-0.04775998083078472,1.0415238999024903
2010-09-13,0.0021760217565805298,1.0415456630892677
2010-09-14,0.0430780256134305,1.0419765028750922
2010-09-15,-0.003686171148123594,1.041939641341653
2010-09-16,-0.045302708156536954,1.0414865654338388
2010-09-17,0.015529311946941765,1.041641862948157
2010-09-20,-0.0022014903082348196,1.0416198458064674
2010-09-21,0.041813737236338674,1.0420380582719009
2010-09-22,0.0039915043144162,1.042077977898323
2010-09-23,0.024608222830298326,1.0423240694659
2010-09-24,-0.04088406324816553,1.0419152343418456
2010-09-27,0.02471653230270126,1.0421624326717045
2010-09-28,0.028781175846701618,1.042450283991288
2010-09-29,0.013463286522289956,1.0425849150336355
2010-09-30,-0.011146381426465481,1.0424734423014737
2010-10-01,-0.03923709418083575,1.042081025187372
2010-10-04,0.008194745850378353,1.0421629801466388
2010-10-05,0.00024287992107743493,1.0421654090976906
2010-10-06,-3.501035999792714e-05,1.042165058951313
2010-10-07,-0.01401867358819361,1.0420248518744382
2010-10-08,0.04384166460233643,1.0424632707937234
2010-10-11,-0.02496838170956537,1.0422135467290023
2010-10-12,0.005847385471266854,1.0422720168235182
2010-10-13,-0.015203252641076642,1.0421199687787397
2010-10-14,-0.046088016702381135,1.041659104358048
2010-10-15,-0.03776096880216972,1.0412814953271143
2010-10-18,0.012011725713897201,1.0414016361614762
2010-10-19,0.015677858524017745,1.041558425985998
2010-10-20,0.01870159241285419,1.0417454565841848
2010-10-21,-0.014861778132635744,1.0415968349462028
2010-10-22,0.01228431771019993,1.0417196796555288
2010-10-25,-0.0013603376914755117,1.0417060752815936
2010-10-26,-0.015994687755315293,1.0415461356913764
2010-10-27,-0.016247421945355715,1.041383669145167
2010-10-28,-0.0013139275053911242,1.0413705272252918
2010-10-29,0.018633583381708823,1.0415568880459338
2010-11-01,0.0015846876329028256,1.04157273563513
2010-11-02,0.013138007355828617,1.0417041315383755
2010-11-03,-0.014592025364140457,1.0415581940528125
2010-11-04,0.06929088325641737,1.0422511661983445
2010-11-05,-0.01162994368824292,1.0421348677192652
2010-11-08,-0.00043221471497217813,1.042130545569466
2010-11-09,-0.04489581434507927,1.0416816386205392
2010-11-10,-0.01669188312687629,1.041514721269016
2010-11-11,-0.0065481255810756365,1.0414492370780215
2010-11-12,-0.03771318365899224,1.0410721369489835
2010-11-15,-0.04212453619478648,1.0406509846995586
2010-11-16,-0.01253028650618714,1.040525657263415
2010-11-17,0.007706616513924758,1.0406027262064672
2010-11-18,-0.009137980071838898,1.0405113394971852
2010-11-19,0.029782885792139707,1.0408091679381524
2010-11-22,0.010910060870050272,1.040918291042864
2010-11-23,0.020846313222126527,1.0411267674654687
2010-11-24,-0.03760522814951267,1.0407507563656127
2010-11-26,0.015371787844840293,1.0409044852697575
2010-11-29,0.004763125866378805,1.0409521211298738
2010-11-30,-0.025193915080233137,1.0407001526229347
2010-12-01,-0.03333213016849392,1.0403668995905113
2010-12-02,-0.03515676790140516,1.0400153348582748
2010-12-03,-0.016121192736653217,1.0398540896573667
2010-12-06,0.0451241360656533,1.0403053840127927
2010-12-07,-0.05497274830920712,1.039755773778986
2010-12-08,-0.048656599114889086,1.039269295687834
2010-12-09,0.025474584182001454,1.0395240398674184
2010-12-10,-0.007364003377862468,1.0394504018525588
2010-12-13,-0.017379539503920852,1.0392765800920996
2010-12-14,-0.06647305053400861,1.038611906641665
2010-12-15,-0.029434077108321365,1.0383175787202317
2010-12-16,0.008631978468340554,1.0384039075876772
2010-12-17,0.058368710623624205,1.0389877165499994
2010-12-20,0.011050318827495142,1.0390982348037179
2010-12-21,0.047040781571275996,1.0395686485238707
2010-12-22,0.0010580898904380038,1.0395792296288806
2010-12-23,-0.021317046151337036,1.0393660587057647
2010-12-27,0.02241451810891109,1.0395902326827022
2010-12-28,-0.05658190514777102,1.0390244688947115
2010-12-29,0.06223380865563384,1.0396469375117592
2010-12-30,0.014343328290169382,1.0397903747708355
2010-12-31,0.04105767268091279,1.0402010271047601
2011-01-03,0.0015267974327754792,1.0402162954706975
2011-01-04,0.009816524494309462,1.0403144636300903
2011-01-05,-0.03809020771135918,1.039933608950436
2011-01-06,-0.030367142489751586,1.0396298994268198
2011-01-07,-0.004658178476508651,1.0395833052840013
2011-01-10,0.0331905484504761,1.0399152486521022
2011-01-11,-0.013285170501894487,1.0397823955482575
2011-01-12,0.01001119268775842,1.0398825057841767
2011-01-13,0.04264792600099086,1.0403090424320998
2011-01-14,-0.03427875414497877,1.0399662196873845
2011-01-18,-0.0015799610224896442,1.0399504204993162
2011-01-19,-0.019434046752385668,1.0397560540616
2011-01-20,-0.040016595829988774,1.0393559158001688
2011-01-21,0.035402015330653375,1.0397099595196975
2011-01-24,0.007385135165166049,1.0397838126714054
2011-01-25,0.044863572274163085,1.0402324901242983
2011-01-26,-0.05041083447240753,1.0397283410185516
2011-01-27,0.005495247681104457,1.039783298384092
2011-01-28,-0.007248055087420241,1.0397108041522125
2011-01-31,-0.03250582816124671,1.0393857285787829
2011-02-01,-0.022091869163448564,1.039164820533181
2011-02-02,-0.0017659658996618827,1.039147161903524
2011-02-03,-0.031240098242157673,1.0388347908225541
2011-02-04,-0.02683360464876394,1.0385664888139001
2011-02-07,-0.005846494012181187,1.0385080207954411
2011-02-08,-0.015588479547073245,1.0383521509525058
2011-02-09,-4.0251301272200124e-05,1.038351748380423
2011-02-10,-0.02736343143265704,1.038078123031417
2011-02-11,0.05757607520424842,1.0386539135791604
2011-02-14,0.025404154912448455,1.0389079678705957
2011-02-15,0.0110866145935226,1.0390188476683995
2011-02-16,0.010008635497488932,1.0391189369382405
2011-02-17,0.015090108908623265,1.0392698631822839
2011-02-18,-0.0222001765386881,1.0390478298344188
2011-02-22,0.02685037006548962,1.0393163808529158
2011-02-23,0.025582689431351183,1.039572218729837
2011-02-24,0.022026889920087434,1.0397924885199117
2011-02-25,0.02112782488294205,1.0400038033087053
2011-02-28,0.036735655594328585,1.0403711855271756
2011-03-01,-0.015943429059882348,1.0402117346015531
2011-03-02,-0.03036395013766188,1.0399080812023365
2011-03-03,-0.011701243381993966,1.0397910906085113
2011-03-04,-0.017783044784987434,1.0396132113669143
2011-03-07,0.018533720903365306,1.0397985497486155
2011-03-08,0.0013004236008800428,1.039811554113072
2011-03-09,0.02130841252305768,1.0400246655262382
2011-03-10,0.03112429442691314,1.040335971278062
2011-03-11,0.014733320922373252,1.0404833124908242
2011-03-14,-0.0014248813851045438,1.0404690620574926
2011-03-15,-0.0005736586858097647,1.0404633249965913
2011-03-16,0.02863811531771363,1.0407497445333882
2011-03-17,-0.013998923014833442,1.0406097409604924
2011-03-18,-0.0062194048332039715,1.0405475446319714
2011-03-21,-0.004742882464725938,1.0405001207646096
2011-03-22,0.004675644535202303,1.040546878064449
2011-03-23,-0.011449139664939862,1.040432379088573
2011-03-24,-0.01733610198726859,1.0402590326856882
2011-03-25,-0.006472048435678031,1.0401943132546052
2011-03-28,-0.005665403184677908,1.0401376577483328
2011-03-29,-0.014059708199878748,1.039997059037725
2011-03-30,0.025337763351186295,1.040250448481698
2011-03-31,-0.0009507380821131069,1.0402409410607012
2011-04-01,0.02097803051028908,1.0404507329215211
2011-04-04,0.009501428933692524,1.0405457615096942
2011-04-05,0.004799563113566596,1.0405937525393687
2011-04-06,-0.04287559795312463,1.0401649923503615
2011-04-07,-0.006569006278245762,1.0400992938494773
2011-04-08,-0.03488649905374382,1.039750408997929
2011-04-11,0.017310470850685992,1.0399235145847887
2011-04-12,0.014946661087986526,1.0400730220512875
2011-04-13,0.015777912154392653,1.040230816463264
2011-04-14,-0.007233095286016906,1.0401584829080515
2011-04-15,0.03773204853863867,1.0405358559949343
2011-04-18,0.027166137468267657,1.0408075478558996
2011-04-19,0.01778430752730352,1.0409854184705098
2011-04-20,-0.0013237372332175986,1.0409721812713675
2011-04-21,-0.009057167898844544,1.0408815981991049
2011-04-25,0.002632597382816397,1.0409079261400223
2011-04-26,0.05303009969737303,1.0414382786899472
2011-04-27,-0.005569992426262405,1.0413825742424345
2011-04-28,0.01886301530400366,1.0415712296270465
2011-04-29,0.0046067517296823944,1.0416173026838393
2011-05-02,0.010014971136728095,1.0417174581989779
2011-05-03,0.00783094015812619,1.0417957715710022
2011-05-04,0.03025718423281208,1.0420983639995323
2011-05-05,0.03882956788869593,1.0424866936897506
2011-05-06,-0.00565379633240809,1.0424301491594397
2011-05-09,0.0021306438581127707,1.0424514581244342
2011-05-10,-0.0033590305816654066,1.0424178695540052
2011-05-11,0.014101807189429818,1.042558902278159
2011-05-12,-0.010537766607176023,1.0424535235675918
2011-05-13,0.004319468053690786,1.042496723741831
2011-05-16,0.024989075134721293,1.0427466421165366
2011-05-17,0.020045160499601058,1.042947110186951
2011-05-18,-0.0014340152276513384,1.0429327704329265
2011-05-19,-0.019961691245714376,1.0427331395298438
2011-05-20,0.007977682047526663,1.0428129211894197
2011-05-23,0.01461175497935064,1.0429590474961572
2011-05-24,0.004088901421253761,1.0429999396892655
2011-05-25,-0.015290128125391109,1.042847022191692
2011-05-26,0.012443910253874764,1.0429714781355688
2011-05-27,0.001981701244723695,1.0429912977020896
2011-05-31,0.005398355579871617,1.0430452843301494
2011-06-01,0.050325127958488064,1.0435486126527105
2011-06-02,-0.03628058594037958,1.0431858112608563
2011-06-03,-0.0059939154209392555,1.0431258651606072
2011-06-06,0.0014412507372217383,1.043140278471744
2011-06-07,0.024587668117774554,1.043386178506419
2011-06-08,0.0017740489965384911,1.0434039213732131
2011-06-09,-0.000773263618138718,1.043396189049411
2011-06-10,-0.012841025688881813,1.0432677676897217
2011-06-13,-0.02180639401494264,1.0430496960232956
2011-06-14,-0.01537723100695464,1.0428959395195019
2011-06-15,-0.007668074544595151,1.0428192416198196
2011-06-16,0.008957017921797391,1.0429088176383372
2011-06-17,0.012033292856423836,1.0430291599481427
2011-06-20,-0.01885419439234894,1.0428406081155597
2011-06-21,0.01704919091938285,1.0430111040464314
2011-06-22,-0.010593214244938438,1.0429051649623702
2011-06-23,0.03738477666266978,1.0432790551574935
2011-06-24,-0.022557292780785856,1.0430534536873812
2011-06-27,-0.01719392372118284,1.0428815184391267
2011-06-28,-0.03432643304103663,1.04253829406589
2011-06-29,-0.050604323691169475,1.0420322554486294
2011-06-30,-0.0071388195276934985,1.041960867239198
2011-07-01,0.02156143016819432,1.0421764755801515
2011-07-05,0.03929301565988698,1.0425694753923307
2011-07-06,-0.0008619116609163153,1.0425608549799936
2011-07-07,-0.022026174713145573,1.0423406038659433
2011-07-08,0.044401855787006915,1.0427847080975148
2011-07-11,0.02647034901610814,1.0430494634174838
2011-07-12,0.03106427261064518,1.0433601146004898
2011-07-13,0.022854139954512354,1.0435886852351621
2011-07-14,-0.023151735071643646,1.0433571670599529
2011-07-15,0.01714305365799932,1.0435286054731514
2011-07-18,-0.02271068590672095,1.0433014853277367
2011-07-19,0.021201966702929266,1.0435135232936534
2011-07-20,-0.014265219027057295,1.0433708673216606
2011-07-21,-0.0027319957566460445,1.0433435492084673
2011-07-22,0.029388875640524215,1.0436374574692058
2011-07-25,-0.03210161638050608,1.0433164362303509
2011-07-26,0.01506692811384416,1.043467121983351
2011-07-27,-0.006680231677239447,1.043400320732534
2011-07-28,0.013946710621259692,1.0435398039304948
2011-07-29,0.06422655792330025,1.0441822135240524
2011-08-01,0.04223969039398558,1.0446046686785067
2011-08-02,0.04575325435087478,1.0450623003973518
2011-08-03,0.03750366602772836,1.0454373513295845
2011-08-04,0.06946453297066067,1.0461321225631754
2011-08-05,-0.04239176374419224,1.045708264942411
2011-08-08,-0.031065567003778563,1.0453975659852999
2011-08-09,0.041159562978216144,1.0458092687618605
2011-08-10,0.12951565463394232,1.0471046274872717
2011-08-11,-0.12845152943552904,1.0458202845201605
2011-08-12,0.048754761967913875,1.0463078272328965
2011-08-15,0.047724945905092804,1.0467850854418361
2011-08-16,0.028118545760676017,1.0470663089538776
2011-08-17,0.007881470361421292,1.047145137189976
2011-08-18,0.04270701447253883,1.0475722069486353
2011-08-19,0.013796429948817145,1.0477101811773997
2011-08-22,-0.0023862617014309994,1.0476863187898915
2011-08-23,-0.023753500016894514,1.0474487898846077
2011-08-24,-0.09341836456774362,1.0465146068723181
2011-08-25,-0.023761150073367297,1.0462769552398965
2011-08-26,0.020968672216733507,1.0464866509230815
2011-08-29,-0.010485465480302965,1.0463817920110035
2011-08-30,0.02609435075130451,1.0466427735838046
2011-08-31,-0.007979257971302887,1.0465629763487523
2011-09-01,0.02690449955560996,1.0468320629168955
2011-09-02,0.07937790292785991,1.047625825983073
2011-09-06,0.06421480120522137,1.0482680135347244
2011-09-07,-0.014985622074221607,1.048118153625243
2011-09-08,-0.008565492444777561,1.0480324915928452
2011-09-09,0.02970865337187295,1.0483295833800272
2011-09-12,-0.014566099912342536,1.0481839219077171
2011-09-13,0.015191674384096833,1.0483358376010499
2011-09-14,-0.0056492484352720475,1.048279339586106
2011-09-15,-0.042854168117118854,1.0478507897990286
2011-09-16,0.0035519478006554024,1.0478863122093016
2011-09-19,0.031925787366221335,1.0482055953755849
2011-09-20,0.05031215338255358,1.0487087300700912
2011-09-21,0.036235217976474,1.0490711091785523
2011-09-22,0.0559498062503006,1.0496306462241172
2011-09-23,-0.04115424992365192,1.0492191331810254
2011-09-26,-0.04672735899274009,1.0487518494137964
2011-09-27,-0.035032390668791775,1.048401511950427
2011-09-28,-0.017779230620609727,1.048223715635117
2011-09-29,0.012802833575226526,1.0483517376247167
2011-09-30,0.054608068478497244,1.0488978698315083
2011-10-03,0.06777275694529934,1.0495756836374874
2011-10-04,0.0024564415747326666,1.049600245970538
2011-10-05,-0.04384589874859246,1.0491617935562967
2011-10-06,-0.00561984511829089,1.0491056006020385
2011-10-07,-0.06068869329130375,1.0484986318220788
2011-10-10,0.0008230128409036132,1.0485068606646883
2011-10-11,0.0033375324715832167,1.0485402421102659
2011-10-12,-0.005371691852142679,1.0484865276190625
2011-10-13,-0.02773407019174383,1.0482091358578152
2011-10-14,-0.04766370423599553,1.0477324482439305
2011-10-17,0.04696190423100517,1.0482021055687596
2011-10-18,-0.002765266921673221,1.0481744516867921
2011-10-19,0.0309906858087303,1.0484843656303628
2011-10-20,-0.01801306575317317,1.0483042136101774
2011-10-21,0.02184756524038246,1.0485226859906345
2011-10-24,-0.031375522604571625,1.0482089029311707
2011-10-25,0.051987023496256196,1.0487288561816899
2011-10-26,-0.029445420863107034,1.0484343870458972
2011-10-27,-0.06586443639587186,1.0477757330222017
2011-10-28,0.03708541764103336,1.048146621015399
2011-10-31,0.052475492414801796,1.0486714875315304
2011-11-01,0.07385424880285878,1.0494101477973805
2011-11-02,0.026210163346688447,1.0496722604021733
2011-11-03,-0.042968080914854545,1.0492425356647157
2011-11-04,-0.023968171650757493,1.049002834559112
2011-11-07,0.03350864815136834,1.0493379032625094
2011-11-08,-0.02678688397803693,1.0490700092654146
2011-11-09,0.04386854803440305,1.0495086796546718
2011-11-10,-0.0397646874176505,1.0491109842199835
2011-11-11,-0.02540436609137304,1.0488569329921438
2011-11-14,0.004376706716483618,1.0489007025571135
2011-11-15,-0.0029036814772232787,1.0488716663228803
2011-11-16,-0.01598497356210432,1.0487118039149554
2011-11-17,-0.0008169009272421315,1.0487036349094438
2011-11-18,0.005482075463507021,1.0487584562251955
2011-11-21,0.0006774417393406316,1.0487652308981557
2011-11-22,0.0305077978479308,1.0490703021772225
2011-11-23,0.004684008303601649,1.0491171480424617
2011-11-25,-0.008790822498342352,1.0490292395296699
2011-11-28,-0.001955364972738372,1.0490096851538178
2011-11-29,0.010139665279040666,1.0491110849594327
2011-11-30,-0.04981268613674981,1.0486129163409843
2011-12-01,-0.016257732283782685,1.0484503255123783
2011-12-02,0.03269626495717994,1.0487773141487646
2011-12-05,0.02186601001617633,1.0489959915432938
2011-12-06,0.0018028843851699923,1.0490140205367138
2011-12-07,0.01423189463313636,1.0491563561617345
2011-12-08,0.008175337839821804,1.049238118439638
2011-12-09,-0.002590481247402328,1.0492122126552619
2011-12-12,0.0017449979455953668,1.049229663641586
2011-12-13,0.0305803357502872,1.0495354878941292
2011-12-14,0.06012975290307664,1.0501367952098615
2011-12-15,-0.01824472493011857,1.0499543393728419
2011-12-16,0.028076386368559567,1.0502351444589335
2011-12-19,0.02985047135538999,1.0505336613531018
2011-12-20,-0.0012815743883781865,1.050520845657511
2011-12-21,-0.03973928377122676,1.050123441803098
2011-12-22,0.017111658800854773,1.0502945650957771
2011-12-23,-0.04671465588497942,1.0498273371277462
2011-12-27,0.05062620075827942,1.0503335624613865
2011-12-28,0.046811891154182855,1.0508016956398427
2011-12-29,0.05654546983180022,1.0513671726365632
2011-12-30,-0.020744263170771098,1.0511597069183896
2012-01-03,-0.04042396484295608,1.0507554449019132
2012-01-04,-0.03757585745942372,1.0503796640197722
2012-01-05,0.016809034587101132,1.0505477599155613
2012-01-06,-0.0033051947952322334,1.0505147034286917
2012-01-09,-0.023934731987737486,1.0502753338280573
2012-01-10,-0.016166697894165607,1.0501136553056736
2012-01-11,0.0581934842732411,1.0506956152372577
2012-01-12,0.0098379910543582,1.050793997388445
2012-01-13,0.04401227577776512,1.0512341371990082
2012-01-17,-0.020206318233283786,1.0510320336983554
2012-01-18,-0.012133928595032168,1.0509106942851623
2012-01-19,-0.029357830643586796,1.0506171051359716
2012-01-20,-0.06786589994112618,1.0499383709432635
2012-01-23,-0.03404788811468079,1.0495978732398736
2012-01-24,0.0040192571972588595,1.0496380678400432
2012-01-25,-0.002725893269320813,1.0496108044135781
2012-01-26,0.009071238050063535,1.0497015310300668
2012-01-27,0.057228553140342954,1.0502737899509431
2012-01-30,0.03984365609791618,1.0506722852420913
2012-01-31,0.0499870740347852,1.051172167605027
2012-02-01,-0.03438979256836462,1.0508282275272602
2012-02-02,-0.007678926888465408,1.0507514332602856
2012-02-03,0.012183387401101859,1.0508732626457227
2012-02-06,-0.015074504288901079,1.0507224926042729
2012-02-07,-0.019283988518386298,1.0505296428338977
2012-02-08,0.006955902879266709,1.0505991979946518
2012-02-09,-0.003708319638903685,1.0505621165598475
2012-02-10,0.006694214592457231,1.050629065624336
2012-02-13,0.025949296849114654,1.050888554442913
2012-02-14,0.006073074225297512,1.0509492916290455
2012-02-15,-0.022188354923939627,1.0507273802567532
2012-02-16,0.0059090951535977106,1.0507864709013661
2012-02-17,-0.006707483480427257,1.0507193965844628
2012-02-21,-0.037307712241172644,1.0503462895056859
2012-02-22,0.030571840713782134,1.050652032094082
2012-02-23,0.03851650635786129,1.0510371935990974
2012-02-24,0.016001356568824874,1.0511972143436075
2012-02-27,0.05673123613255079,1.0517645598053547
2012-02-28,-0.015687586298244682,1.0516076635164409
2012-02-29,-0.02166353523065592,1.0513910158252937
2012-03-01,-0.038167617928317576,1.051009324704546
2012-03-02,0.012746386179215951,1.0511368015647358
2012-03-05,-0.02333552838023548,1.0509034314909205
2012-03-06,0.029540880757568225,1.0511988527917686
2012-03-07,-0.011276138607101093,1.051086083850605
2012-03-08,-0.02663767609475125,1.050819709835294
2012-03-09,-0.004297542575769351,1.0507767336234812
2012-03-12,0.012076166907788883,1.0508975020670501
2012-03-13,-0.031849515075117976,1.0505790190020265
2012-03-14,-0.06769722069631902,1.0499021141135976
2012-03-15,-0.030023005459963992,1.0496018702830157
2012-03-16,-0.01843275729805357,1.049417525375729
2012-03-19,-0.04489474127209307,1.0489685816834144
2012-03-20,0.018653974005141002,1.0491551248269417
2012-03-21,0.03966728575583272,1.0495518270141155
2012-03-22,0.03185335609484697,1.0498703715017517
2012-03-23,0.021797283080364365,1.0500883781424284
2012-03-26,-0.015005834653862822,1.0499383056117249
2012-03-27,0.0010010733709144145,1.0499483174170412
2012-03-28,0.006085781896411157,1.05000917642166
2012-03-29,0.039723137843856865,1.0504064407007152
2012-03-30,-0.0014498372346545094,1.0503919423331192
2012-04-02,-0.019375628219993467,1.0501981610491578
2012-04-03,-0.041532462103306,1.0497828754642489
2012-04-04,0.014966381401308761,1.04993255021064
2012-04-05,0.021298414801259862,1.0501455643127398
2012-04-09,0.05449613033555351,1.0506906150606843
2012-04-10,-0.00019798300675519603,1.0506886349721025
2012-04-11,0.0037252934538504474,1.0507258896999592
2012-04-12,-0.0026845921169827325,1.0506990438634465
2012-04-13,0.03209923436876861,1.0510200763099573
2012-04-16,0.012562203490556683,1.0511457054417848
2012-04-17,0.011270231973663135,1.0512584114658357
2012-04-18,0.020592850502543194,1.0514643536068278
2012-04-19,-0.004151563840719062,1.051422836199749
2012-04-20,-0.009217703017978427,1.0513306505543578
2012-04-23,0.014359294419901606,1.0514742512191737
2012-04-24,-0.009498979978760728,1.051379260827758
2012-04-25,0.004973918038306091,1.0514290023066541
2012-04-26,0.012278735207917717,1.051551803334067
2012-04-27,-0.00459963521311379,1.0515058032219895
2012-04-30,-0.011998998661360517,1.0513858047886242
2012-05-01,-0.005073791800559384,1.0513350651850981
2012-05-02,0.008912603460264684,1.0514241979064396
2012-05-03,0.027938866529164844,1.051703593750495
2012-05-04,0.009706718933549423,1.0518006715788772
2012-05-07,0.004602637528348585,1.051846701305299
2012-05-08,0.009294096927576536,1.0519396487412467
2012-05-09,0.005161351689338327,1.0519912653793724
2012-05-10,-0.0021876611148159046,1.051969388809014
2012-05-11,0.005077461462838577,1.0520201670749116
2012-05-14,0.04014595106279956,1.052421647420988
2012-05-15,0.007004460000765301,1.0524916942988305
2012-05-16,0.005620668097320006,1.0525479022235977
2012-05-17,0.021403688087515027,1.0527619417257386
2012-05-18,-0.005024133283485558,1.052711696714745
2012-05-21,0.008789023939311247,1.052799586875127
2012-05-22,-0.04141502834811084,1.052385414067768
2012-05-23,0.0012438761471833103,1.0523978537859366
2012-05-24,-0.004651591723331913,1.0523513370772914
2012-05-25,0.013805070736160056,1.052489400385427
2012-05-29,-0.007441004823773356,1.052414985697119
2012-05-30,0.041605090108220256,1.0528310798475011
2012-05-31,0.05413781662069777,1.053372506685268
2012-06-01,0.05022733835555022,1.0538748237346698
2012-06-04,-0.007379789239697142,1.0538010271232727
2012-06-05,-0.042105667169484606,1.0533799444099938
2012-06-06,-0.05893687216148526,1.0527905560298587
2012-06-07,0.008968919454385195,1.052880249579998
2012-06-08,-0.011796595733669637,1.0527622746090388
2012-06-11,0.005315478886083722,1.0528154335807316
2012-06-12,0.018859652286846187,1.053004016704318
2012-06-13,0.03694669821504917,1.0533735178620711
2012-06-14,0.0007521630256337606,1.0533810398299897
2012-06-15,0.011351721597117276,1.0534945756739875
2012-06-18,0.0009335126744807034,1.0535039112777087
2012-06-19,-0.0064022116829182425,1.053439889335383
2012-06-20,-0.016965695682751303,1.05327023215963
2012-06-21,0.0159328606282199,1.0534295694641747
2012-06-22,-0.011099447499644366,1.0533185733112624
2012-06-25,0.02397806800087971,1.0535583906288184
2012-06-26,-0.004774325558909288,1.0535106458209913
2012-06-27,0.008526087839452214,1.0535959100833305
2012-06-28,0.00917083916473532,1.053687627823271
2012-06-29,-0.020394549883774395,1.0534836712105662
2012-07-02,0.031090991231886928,1.0537945915900624
2012-07-03,-0.012114990959512125,1.0536734315227794
2012-07-05,0.04333994024766533,1.0541068500227075
2012-07-06,0.007201074109769359,1.0541788694045942
2012-07-09,0.026983189233318803,1.054448725916959
2012-07-10,0.0066827037588589,1.0545155588838488
2012-07-11,0.0004240165953875695,1.054519799276009
2012-07-12,0.02631919791269001,1.0547830091067063
2012-07-13,0.009400061162651074,1.0548770162139713
2012-07-16,0.0075954557881369004,1.054952977369752
2012-07-17,0.0005643790869567311,1.0549586213616922
2012-07-18,0.024862729886935147,1.055207269509601
2012-07-19,-0.01308112579680557,1.0550764478933028
2012-07-20,0.0027857344742198637,1.0551043086535454
2012-07-23,0.024952386680351542,1.055353837816646
2012-07-24,0.030858847000135463,1.0556624382423607
2012-07-25,0.004036440898517969,1.0557028063991782
2012-07-26,0.0016566483122643846,1.0557193730460033
2012-07-27,-0.03355682487444828,1.0553838126898534
2012-07-30,-0.005315880798667825,1.0553306464403254
2012-07-31,0.006285460454867566,1.055393506879875
2012-08-01,0.0011566791692185028,1.0554050734197868
2012-08-02,0.0033969050558971896,1.055439043958523
2012-08-03,-0.04027403670223916,1.055036283668245
2012-08-06,0.011939846511340358,1.0551556891497096
2012-08-07,-0.03350900134585327,1.05482059389446
2012-08-08,-0.026883706643781362,1.0545517488882366
2012-08-09,0.0008868790742404294,1.0545606176387916
2012-08-10,0.007836138634722557,1.054638988768035
2012-08-13,0.0029796065961572673,1.054668786253819
2012-08-14,-0.021194016653663966,1.0544568504259948
2012-08-15,-0.06161321462250993,1.0538406912209144
2012-08-16,-0.037484168485752124,1.0534658342847418
2012-08-17,0.0023591819045397653,1.0534894278865392
2012-08-20,0.007896215219477384,1.0535683899941004
2012-08-21,0.009838407240699343,1.0536667846138776
2012-08-22,0.05215645551684396,1.0541884282028133
2012-08-23,0.016447511681545828,1.0543529202020734
2012-08-24,0.001471200046545407,1.0543676324888929
2012-08-27,0.018968796522472346,1.0545573327633941
2012-08-28,0.01710724684324595,1.0547284155023795
2012-08-29,-0.014026998435372279,1.0545881371470698
2012-08-30,-0.00671540345757337,1.0545209761739263
2012-08-31,0.022624128612476747,1.0547472555276673
2012-09-04,0.032088592514625564,1.0550681245490443
2012-09-05,0.004979904487491218,1.0551179265148285
2012-09-06,-0.02942341559941512,1.054823687743258
2012-09-07,-0.016692209363926153,1.0546567504799669
2012-09-10,-0.0018493464581576969,1.0546382560254839
2012-09-11,-0.024897180183567885,1.0543892673396842
2012-09-12,-0.03286352382983741,1.054060623800058
2012-09-13,0.019142832262714217,1.0542520696595516
2012-09-14,-0.04948188560226194,1.0537572545912657
2012-09-17,0.010942242603046657,1.0538666828996999
2012-09-18,0.0028352485973271334,1.0538950380554442
2012-09-19,0.030141333433252836,1.0541964728694129
2012-09-20,-0.0018789805647748952,1.0541776820897826
2012-09-21,0.018134956396597075,1.054359047102928
2012-09-24,0.025902101318315454,1.0546180795816509
2012-09-25,0.03509921067803383,1.0549690890658092
2012-09-26,0.0204228689774069,1.0551733333134363
2012-09-27,-0.0135677268937023,1.0550376442075347
2012-09-28,0.022642816202694444,1.0552640824283912
2012-10-01,-0.0034981881096024198,1.0552290983222787
2012-10-02,-0.0006125734785981737,1.0552229719529984
2012-10-03,0.009287296333963621,1.055315844301691
2012-10-04,-0.021712487619661415,1.055098709627227
2012-10-05,-0.04600722957377579,1.054638606452144
2012-10-08,0.010284797369524194,1.0547414606198355
2012-10-09,-0.013116752985516796,1.0546102875630465
2012-10-10,0.021461107068648566,1.0548249110969816
2012-10-11,0.0321100475957378,1.055146022248298
2012-10-12,0.016510223579095977,1.0553111368225843
2012-10-15,0.009545824192598636,1.0554066017056445
2012-10-16,-0.01577935402176197,1.0552488055171698
2012-10-17,-0.035934469467079046,1.0548894753298057
2012-10-18,-0.01666360046853685,1.0547228322903874
2012-10-19,0.023220995041363966,1.0549550475880933
2012-10-22,-0.011708483988220655,1.054837959218583
2012-10-23,0.0214861432807458,1.0550528423209988
2012-10-24,-0.014837916260155012,1.0549044498873208
2012-10-25,-0.016635534616518906,1.0547381016928838
2012-10-26,0.027696770711298686,1.0550150956007058
2012-10-31,0.014816816627098486,1.0551632821139667
2012-11-01,-0.004842036845968271,1.055114861557198
2012-11-02,0.011537176952945519,1.0552302376239546
2012-11-05,0.05248638128179732,1.055755085720889
2012-11-06,-0.026894701719778088,1.0554861341930017
2012-11-07,0.005197720775207037,1.055538119318151
2012-11-08,0.011803552354250313,1.055656166953582
2012-11-09,0.0031937730743947525,1.0556881053079143
2012-11-12,-0.010330919374748154,1.0555847885054908
2012-11-13,0.03197235392106331,1.055904523094296
2012-11-14,0.002856400797787052,1.0559330897402692
2012-11-15,-0.020409127551902592,1.055728983936424
2012-11-16,0.0023301122009568597,1.0557522860632376
2012-11-19,0.012885037253449251,1.0558811428024217
2012-11-20,-0.023807430676677517,1.055643060791072
2012-11-21,-0.029386934000936143,1.0553491849025243
2012-11-23,0.0020716704185597384,1.0553699025931538
2012-11-26,0.008944722705960589,1.055459353494608
2012-11-27,0.014463725534041658,1.055604004188981
2012-11-28,0.005053655534183961,1.0556545439043103
2012-11-29,0.02063385973396134,1.055860894838091
2012-11-30,-0.014201944365684248,1.0557188619672513
2012-12-03,-0.0001559003145639163,1.0557173028897173
2012-12-04,0.006266550892919846,1.0557799726118537
2012-12-05,0.026041366225264137,1.0560403905926208
2012-12-06,-0.004996201115449331,1.0559904240454787
2012-12-07,-0.00346610812441476,1.0559557629271137
2012-12-10,0.00205300227627657,1.055976293889956
2012-12-11,-0.012214097333182157,1.0558541436463507
2012-12-12,-0.0445384830547048,1.0554087472466787
2012-12-13,-0.03188906449155611,1.0550898524858796
2012-12-14,0.014779999094886144,1.055237663273665
2012-12-17,-0.021687798446566993,1.055020787307793
2012-12-18,-0.02870783334376942,1.0547337162276058
2012-12-19,0.014234837052624044,1.0548760745407038
2012-12-20,0.007954951443041276,1.0549556274710912
2012-12-21,0.011087095943979322,1.0550665068218428
2012-12-24,0.07397938040454777,1.0558061375992478
2012-12-26,0.03819542519919171,1.0561881121403052
2012-12-27,0.0048332611920098405,1.0562364501612902
2012-12-28,0.02091935400741596,1.0564456608001602
2012-12-31,-0.02020313379814834,1.0562436223641007
2013-01-02,-0.02378803579988613,1.0560057325059553
2013-01-03,-0.04360016590409479,1.0555697209256079
2013-01-04,0.003543545380953478,1.0556051583788135
2013-01-07,-0.0037663777517862166,1.0555674933615502
2013-01-08,0.005415572653411355,1.0556216536252014
2013-01-09,-0.01524496056683533,1.0554691932708382
2013-01-10,-0.001563148346258131,1.0554535612530331
2013-01-11,0.0076198813263789736,1.0555297664551817
2013-01-14,0.019927764813707966,1.0557290528930987
2013-01-15,0.006025949885021436,1.05578931643566
2013-01-16,0.01102130045168758,1.0558995351138045
2013-01-17,-0.01820911116144812,1.0557174460924497
2013-01-18,0.014744440485786034,1.0558648970877835
2013-01-22,-0.016104064005027563,1.0557038413830215
2013-01-23,0.00934515483965085,1.0557972996010097
2013-01-24,-0.01820958534204904,1.055615195908124
2013-01-25,-0.020331438000009385,1.0554118929662821
2013-01-28,-0.021825135959712683,1.0551936404081106
2013-01-29,-0.02402422450577528,1.054953380698681
2013-01-30,-0.017048885550744085,1.0547828814832534
2013-01-31,-0.005112336724310679,1.0547317523611905
2013-02-01,-0.03291266379212619,1.054402615024353
2013-02-04,0.025160624736308115,1.0546542467854816
2013-02-05,-0.028393213820181198,1.0543702991906718
2013-02-06,0.02794880046201341,1.0546497938809245
2013-02-07,0.003252265935826755,1.0546823195249755
2013-02-08,0.010081793601691697,1.054783141095686
2013-02-11,-0.01415698161091954,1.054641564370946
2013-02-12,-0.007257671473624078,1.0545689840346373
2013-02-13,-0.010326491777803055,1.0544657175930818
2013-02-14,0.03258130462028918,1.0547915401826609
2013-02-15,0.006629885884056222,1.0548578434097586
2013-02-19,-0.009293376785013185,1.0547649081517962
2013-02-20,-0.0030336070224043386,1.0547345693153696
2013-02-21,-0.0005019554847639571,1.054729549314929
2013-02-22,0.0024852245064233337,1.0547544035435832
2013-02-25,0.059151663051803936,1.055345966878467
2013-02-26,0.008262421130949408,1.0554285968786439
2013-02-27,0.004841923628110958,1.0554770190455023
2013-02-28,0.005738424272059938,1.0555344087293688
2013-03-01,0.0007808232482778561,1.0555422175953755
2013-03-04,-0.007690495550196174,1.0554653099357203
2013-03-05,-0.01845902960066756,1.0552807090207725
2013-03-06,-0.012866702333398384,1.0551520411389301
2013-03-07,-0.028339004254973606,1.054868650464366
2013-03-08,-0.05594826631498986,1.0543091470612493
2013-03-11,-0.0026179123291582567,1.0542829671183493
2013-03-12,0.021457000503402344,1.0544975550668891
2013-03-13,-0.0054774195883104445,1.054442778457466
2013-03-14,0.017085573738586313,1.0546136426507644
2013-03-15,0.011647987161588411,1.0547301324408742
2013-03-18,0.010024660558742102,1.0548303878934868
2013-03-19,0.023295172740131553,1.0550633561386302
2013-03-20,-0.009548850216522034,1.0549678635302138
2013-03-21,0.0025376263337045287,1.0549932408237368
2013-03-22,0.01366028324226028,1.0551298467733878
2013-03-25,-0.011139667719534918,1.055018440868346
2013-03-26,0.023604334711642794,1.0552544904560563
2013-03-27,0.035863045761177666,1.0556131475840596
2013-03-28,0.010527717000458287,1.055718430239349
2013-04-01,0.014548894889915566,1.055863928800432
2013-04-02,-0.018778263953801465,1.0556761332248672
2013-04-03,0.008606092511552674,1.055762200112147
2013-04-04,0.030372967087537638,1.0560659695167207
2013-04-05,0.0560531333707439,1.0566265376598807
2013-04-08,-0.010635465698116483,1.0565201784674705
2013-04-09,0.0008357036844406104,1.0565285359896754
2013-04-10,-0.026352506159131494,1.05626500680476
2013-04-11,-0.009099755561632719,1.0561740033710298
2013-04-12,0.043948438379788776,1.0566135256973215
2013-04-15,0.020594310457814145,1.0568194797438277
2013-04-16,0.003812444744480936,1.0568576064418718
2013-04-17,0.0033481516186113823,1.0568910893649792
2013-04-18,0.00012964606555839207,1.0568923858782013
2013-04-19,0.008277563984300514,1.056975163412448
2013-04-22,0.012810433634014377,1.0571032794707094
2013-04-23,-0.0061759431877587995,1.0570415161856064
2013-04-24,-0.0048826867695847265,1.0569926868243307
2013-04-25,-0.011381198439217751,1.0568788681358574
2013-04-26,0.02089359136131399,1.057087823797274
2013-04-29,0.019100898730024553,1.057278841399444
2013-04-30,0.004759848586532734,1.0573264418305055
2013-05-01,-0.004241900532525786,1.0572840184698182
2013-05-02,-0.004171337491241641,1.0572423020873614
2013-05-03,-0.03757190109922208,1.05686660311725
2013-05-06,-0.045516425497585736,1.0564114081681684
2013-05-07,-0.013702499618586215,1.0562743809251696
2013-05-08,0.011440648536365318,1.0563887928003568
2013-05-09,-0.026532580130102276,1.056123446812643
2013-05-10,-0.015042528781828204,1.0559730295309107
2013-05-13,-0.022150359121920232,1.0557515148887637
2013-05-14,-0.044671788012508595,1.0553047785964234
2013-05-15,0.009535412995134778,1.055400138259235
2013-05-16,0.03368629622444763,1.0557370390321472
2013-05-17,-0.02527528760125387,1.055484278847079
2013-05-20,-0.013353760186635973,1.0553507406703704
2013-05-21,0.0011352970867628584,1.0553620945631792
2013-05-22,-0.04158609183548913,1.0549462373462724
2013-05-23,-0.009511209612545602,1.0548511243208056
2013-05-24,-0.002791890502961573,1.0548232041165082
2013-05-28,-0.06914015811607055,1.0541318719106452
2013-05-29,0.003225675649003222,1.0541641298617406
2013-05-30,-0.001509510632790264,1.054149034151535
2013-05-31,-0.02444381849633976,1.0539045925970318
2013-06-03,-0.007715674053169049,1.0538274294390244
2013-06-04,-0.04451110677818018,1.0533822869890217
2013-06-05,-0.02927813409541113,1.0530894827078288
2013-06-06,0.044458712385863706,1.053534077425946
2013-06-07,-0.020321704423722702,1.053330866996686
2013-06-10,-0.029494023973856982,1.0530359271923875
2013-06-11,-0.004831990372280984,1.0529876055172502
2013-06-12,-0.027676549048810496,1.052710828952544
2013-06-13,0.050916774797648764,1.0532200713880626
2013-06-14,0.00401711030162738,1.053260247321553
2013-06-17,-0.013695896013351066,1.0531232794707959
2013-06-18,-0.0013608879619921722,1.0531096703742133
2013-06-19,-0.06209228490700138,1.0524888504880574
2013-06-20,-0.09028881007265643,1.0515860868445994
2013-06-21,-0.1025686216200073,1.0505604484056492
2013-06-24,-0.05443038818826262,1.050016219311608
2013-06-25,-0.010172556635515674,1.0499144848417346
2013-06-26,0.04693383280099916,1.050383890166445
2013-06-27,0.058939638769689696,1.050973383921309
2013-06-28,0.025693532630850342,1.0512303277824107
2013-07-01,0.018633547158525793,1.0514166816260586
2013-07-02,0.012250526236311452,1.051539190242068
2013-07-03,-0.018175506323848175,1.0513574280618856
2013-07-05,-0.13755697181001902,1.049982098735667
2013-07-08,0.012353524903076913,1.0501056554551542
2013-07-09,0.016827570494574038,1.0502739444005431
2013-07-10,-0.035674934069984496,1.0499171827437337
2013-07-11,0.042987023076178604,1.0503471775193787
2013-07-12,0.004624846503127959,1.050393427194892
2013-07-15,0.01802114131270492,1.0505736616921497
2013-07-16,0.025783665251060565,1.050831519849375
2013-07-17,0.030820506451476267,1.0511397576633763
2013-07-18,-0.020623045190683996,1.050933517737765
2013-07-19,0.02744280702800151,1.0512079716104155
2013-07-22,0.03258886793560365,1.0515338749308065
2013-07-23,3.788882847892641e-05,1.0515342538378711
2013-07-24,-0.02667491593992738,1.051267522154347
2013-07-25,-0.019415846558393575,1.0510733421132041
2013-07-26,-0.019452194096532625,1.0508788025133378
2013-07-29,0.0032490445625871786,1.0509112935445817
2013-07-30,0.0012912966262293927,1.0509242067765492
2013-07-31,-0.0002980436968942207,1.0509212260392446
2013-08-01,-0.06913913628891291,1.0502298739450446
2013-08-02,-0.002857044069222235,1.0502012977666948
2013-08-05,0.009419231080875891,1.0502954951760144
2013-08-06,-0.008135649802588312,1.0502141367512081
2013-08-07,0.020054346774642885,1.050414689791193
2013-08-08,0.023189942601157056,1.0506466069538305
2013-08-09,0.015773623960312698,1.0508043528436708
2013-08-12,0.00016947140548175262,1.050806047598864
2013-08-13,-0.03752062461975611,1.0504308701314922
2013-08-14,-0.04026871559742678,1.0500281565031493
2013-08-15,-0.04616315765928115,1.0495665505861462
2013-08-16,-0.05536889864928174,1.0490128537883994
2013-08-19,-0.056359958211273334,1.0484492579658031
2013-08-20,0.013518576520232594,1.0485844606883707
2013-08-21,-0.018872227520431183,1.048395758109444
2013-08-22,0.020083107288235938,1.0485965929551018
2013-08-23,0.0446820798039853,1.0490434668587938
2013-08-26,0.03263043185568256,1.0493698040133774
2013-08-27,0.045798043463441566,1.0498278257301161
2013-08-28,-0.016578668710009015,1.0496620316552392
2013-08-29,0.020031618512552293,1.0498623649097432
2013-08-30,-0.019306084094166665,1.0496692955341727
2013-09-03,-0.015652069449486834,1.0495127872626941
2013-09-04,-0.004120962921135782,1.0494715800999133
2013-09-05,-0.09437244562732591,1.0485279021881977
2013-09-06,0.00879799435564963,1.0486158952575895
2013-09-09,0.0187364013094145,1.04880328368189
2013-09-10,-0.0005982984429142845,1.048797300947228
2013-09-11,0.04257116317651491,1.0492230572445906
2013-09-12,-0.029515112808373815,1.0489278635212484
2013-09-13,0.011183412043123921,1.0490397061448407
2013-09-16,0.011924601912762947,1.0491589711858367
2013-09-17,0.019693346045335566,1.0493559163576645
2013-09-18,0.08623207825846685,1.0502184958651533
2013-09-19,0.01792735765727299,1.0503977727216185
2013-09-20,0.0007771184790133899,1.050405544411911
2013-09-23,0.006350006969203479,1.0504690494297753
2013-09-24,0.0374282340794334,1.050843358025105
2013-09-25,0.028242878972289984,1.0511258089535171
2013-09-26,0.011836918183375966,1.0512441811900197
2013-09-27,0.0063314068777479615,1.0513074999796
2013-09-30,-0.02149236642153,1.05109255748665
2013-10-01,-0.015152382099764376,1.0509410278843687
2013-10-02,7.5033489515792e-06,1.0509411029268603
2013-10-03,0.008349246404727985,1.0510246015449967
2013-10-04,0.008229595989766917,1.0511068952222171
2013-10-07,-0.005278885403640144,1.0510541031468295
2013-10-08,0.00391033653390259,1.0510932064215723
2013-10-09,-0.01840299568678231,1.0509091631859346
2013-10-10,0.011572180568925342,1.0510248920270502
2013-10-11,0.0075539568419340924,1.051100436110185
2013-10-14,-0.023096700711122607,1.0508694634944433
2013-10-15,-0.01029438422093366,1.0507665165671074
2013-10-16,0.0526394113521793,1.0512929735017407
2013-10-17,0.029705978969589226,1.0515900893647394
2013-10-18,0.04183187119037092,1.0520084265929424
2013-10-21,-0.00138542683597694,1.0519945717616335
2013-10-22,0.03532584009025399,1.052347881888669
2013-10-23,0.010088345315232672,1.0524487694426348
2013-10-24,-0.0011572430251061796,1.0524371965453445
2013-10-25,0.0037777206287758092,1.0524749759432295
2013-10-28,-0.00011691973532846378,1.052473806717605
2013-10-29,0.007133957910365311,1.0525451534902612
2013-10-30,-0.02962359735693646,1.0522489014077268
2013-10-31,-0.0003731827851526453,1.0522451694909154
2013-11-01,-0.03166993094539363,1.0519284673802705
2013-11-04,-0.0029663632320249354,1.0518988010570853
2013-11-05,-0.04743406267544026,1.0514244434441995
2013-11-06,-0.0069013700064293635,1.0513554208935567
2013-11-07,0.006252211188363373,1.0514179476581598
2013-11-08,-0.07618495901559685,1.0506561458971082
2013-11-11,-0.034241229590243616,1.0503137167495111
2013-11-12,-0.000793706040495857,1.0503057797847462
2013-11-13,0.022280778269419176,1.0505286172360129
2013-11-14,0.034689296227062565,1.0508755637206282
2013-11-15,0.028383635699101427,1.051159401764415
2013-11-18,0.02836731914505228,1.0514431031084635
2013-11-19,-0.03568403567560476,1.0510862465493833
2013-11-20,-0.04947759671002743,1.050591463505993
2013-11-21,-0.0013792598586208006,1.0505776700167853
2013-11-22,0.01908370302431887,1.050768520199952
2013-11-25,0.013909266449182327,1.050907622498482
2013-11-26,0.006646079509074472,1.0509740873112712
2013-11-27,0.012153999465124571,1.0510956324240572
2013-11-29,0.0010051852453861745,1.0511056851265015
2013-12-02,-0.04091846293166486,1.0506965174640164
2013-12-03,0.006600303966111379,1.0507625238675333
2013-12-04,-0.03177584257857385,1.050444763581474
2013-12-05,-0.03733911091988431,1.0500713684265457
2013-12-06,0.015729904923356654,1.0502286762051531
2013-12-09,0.023256953403489405,1.050461259533544
2013-12-10,0.025138827852670128,1.0507126694683668
2013-12-11,-0.008704374228273973,1.0506256249482264
2013-12-12,-0.008076617476217133,1.0505448614612347
2013-12-13,-0.003317341488017801,1.050511685448497
2013-12-16,0.009670616585997851,1.0506083975338962
2013-12-17,0.011531504064810351,1.0507237276392982
2013-12-18,-0.006890128461402909,1.0506548218162963
2013-12-19,-0.008483847222091145,1.0505699865023612
2013-12-20,0.03981806742320199,1.0509681629553005
2013-12-23,0.01940827404563998,1.0511622423149403
2013-12-24,-0.013890002940955347,1.0510233386166348
2013-12-26,0.00203677814551147,1.0510437061046418
2013-12-27,0.0002926650337183501,1.0510466329632306
2013-12-30,0.00488464054318352,1.0510954840795819
2013-12-31,-0.012382390410517762,1.0509716545960264
2014-01-02,0.005358624693020219,1.0510252439790728
2014-01-03,0.014783249508078857,1.051173080017206
2014-01-06,0.011051214304670787,1.0512836043309781
2014-01-07,2.4734457869956174e-05,1.0512838517002145
2014-01-08,-0.015393621595582696,1.0511299290710592
2014-01-09,0.01736181705252153,1.0513035554017431
2014-01-10,0.053402560220856085,1.0518376884005283
2014-01-13,0.015901258108042084,1.051996720901599
2014-01-14,-0.009656539084840907,1.0519001543526867
2014-01-15,-0.010499888742582193,1.051795153355397
2014-01-16,0.03467403739050666,1.0521419132503325
2014-01-17,0.018161841738906562,1.0523235408478007
2014-01-21,0.01780774087755976,1.0525016240102985
2014-01-22,-0.03153643327229365,1.0521862443888772
2014-01-23,0.00623344770350511,1.052248589172731
2014-01-24,0.025012604096304538,1.0524987435023958
2014-01-27,-0.013605712844899044,1.0523626872691318
2014-01-28,0.017961006664480503,1.0525423102170401
2014-01-29,0.03369556102455829,1.0528793131657705
2014-01-30,0.015301677713619795,1.0530323374314143
2014-01-31,0.018240987409544725,1.0532147693099
2014-02-03,0.04177454240524548,1.0536325736483718
2014-02-04,-0.019955847128922826,1.0534330106924428
2014-02-05,-0.03299392902248497,1.0531030761093532
2014-02-06,-0.022118459799539095,1.052881877764438
2014-02-07,0.009300997051678592,1.0529748965968342
2014-02-10,0.015721381890589047,1.0531321216546041
2014-02-11,-0.010787515840475574,1.0530242485280148
2014-02-12,-0.009323919854548368,1.0529310134807095
2014-02-13,0.02037463578576673,1.0531347791991215
2014-02-14,0.003706322511651516,1.0531718447522294
2014-02-18,-0.008022153339923205,1.0530916127326475
2014-02-19,-0.01055460940011005,1.052986062498076
2014-02-20,0.0008614587904448438,1.0529946770511236
2014-02-21,0.0026501378566956917,1.0530211810395516
2014-02-24,-0.015104052201828809,1.0528701323356802
2014-02-25,0.030368108688026894,1.0531738421595493
2014-02-26,0.03861810676213193,1.053560054209701
2014-02-27,0.024229581413821755,1.053802367042465
2014-02-28,-0.00014713364621506505,1.0538008956428198
2014-03-03,0.02830622038374273,1.0540839895745602
2014-03-04,-0.03480800046588171,1.053735917969882
2014-03-05,-0.002953856484860965,1.0537063778541882
2014-03-06,-0.020967238090343725,1.0534967097841856
2014-03-07,-0.040399680397495086,1.0530927166888793
2014-03-10,-0.002839824757495957,1.0530643181736787
2014-03-11,-0.011419224082888316,1.0529501165685626
2014-03-12,0.02136119837324903,1.0531637511681562
2014-03-13,0.03273552406369408,1.0534911475191528
2014-03-14,-0.0005691383336836247,1.0534854557639919
2014-03-17,0.003799237735471992,1.0535234480739395
2014-03-18,0.010479702723961386,1.0536282545133404
2014-03-19,-0.01469688748986484,1.0534813116471844
2014-03-20,-0.014813737063901957,1.0533331710750333
2014-03-21,0.026319096129391945,1.0535963675405893
2014-03-24,0.03542062386207161,1.0539505874685309
2014-03-25,-0.0025832767839711326,1.0539247538946266
2014-03-26,0.039719237030254144,1.0543219866622198
2014-03-27,0.022083529329580475,1.0545428359368845
2014-03-28,-0.009877508114930137,1.054444059310561
2014-03-31,-0.017093542162496825,1.0542731052249887
2014-04-01,-0.0344497926065902,1.0539285840087158
2014-04-02,-0.02073726126535546,1.0537212154644382
2014-04-03,0.002157857538373764,1.053742795373021
2014-04-04,0.036716694580585955,1.054110007143693
2014-04-07,0.02940270559224946,1.05440405855339
2014-04-08,0.017937843909530914,1.0545834544318307
2014-04-09,-0.0156629758007359,1.0544268023329715
2014-04-10,0.023708179558014148,1.0546639083665768
2014-04-11,0.020503162043132316,1.0548689529595707
2014-04-14,0.028070305008818325,1.0551496529962356
2014-04-15,0.009793418178186538,1.0552475915640187
2014-04-16,0.016855332677805694,1.055416150257603
2014-04-17,-0.030061198357053173,1.0551155477036676
2014-04-21,-0.010393182325625297,1.055011611410587
2014-04-22,-0.003968548314440949,1.054971924317453
2014-04-23,0.014005333501425373,1.055111985779199
2014-04-24,0.01763687764988156,1.0552883650656604
2014-04-25,-0.0029373994339930865,1.055258988277031
2014-04-28,-0.009663516143500629,1.055162348764344
2014-04-29,0.005061164420132868,1.0552129629176712
2014-04-30,0.022684920209082395,1.05543983551909
2014-05-01,0.023025686046622078,1.055670112681483
2014-05-02,0.02724074608919375,1.0559425346567661
2014-05-05,0.0039205161008574515,1.0559817414426667
2014-05-06,0.013760441608866055,1.056119352638338
2014-05-07,-0.007252359140409316,1.056046822212086
2014-05-08,-0.004633105729976793,1.0560004862030445
2014-05-09,-0.012580352952581373,1.055874677998702
2014-05-12,-0.013367758745255994,1.0557409962307183
2014-05-13,0.008666106805248467,1.0558276668532387
2014-05-14,0.03549138303603708,1.0561826221947048
2014-05-15,0.037461595986106544,1.0565572722312568
2014-05-16,-0.0011059999220526266,1.0565462119318874
2014-05-19,-0.013322476792504718,1.0564129772493138
2014-05-20,-0.0073114213595160986,1.056339856002345
2014-05-21,-0.0039051369227206104,1.0563008032148342
2014-05-22,-0.004490604724561478,1.0562558957659294
2014-05-23,0.018170029746179466,1.0564376032506027
2014-05-27,0.014233892087692717,1.0565799529268918
2014-05-28,0.03530851950804651,1.0569330783255786
2014-05-29,0.005483240090215673,1.0569879128019894
2014-05-30,0.023944905149663187,1.0572273672561672
2014-06-02,-0.029574453460597616,1.05693162663661
2014-06-03,-0.04069282667549484,1.056524701781631
2014-06-04,-0.022725882688405624,1.056297428707314
2014-06-05,0.008610650463756099,1.056383541890242
2014-06-06,0.0020974521285297134,1.056404516768554
2014-06-09,-0.0038396463454618383,1.0563661201906762
2014-06-10,-0.015052754830436084,1.0562155923809462
2014-06-11,0.0036953899870929485,1.0562525486280872
2014-06-12,0.02283884035686923,1.0564809588228792
2014-06-13,0.013253118954593046,1.056613491291486
2014-06-16,0.0012155012476861241,1.05662564654723
2014-06-17,-0.017590703924555442,1.056449740518084
2014-06-18,0.024680712659986906,1.0566965741154986
2014-06-19,-0.02471382329203437,1.0564494157417996
2014-06-20,0.029424930386113584,1.0567436727341821
2014-06-23,-0.002591176170915431,1.0567177601886655
2014-06-24,0.01780671997674646,1.0568958438756546
2014-06-25,0.019732486615819948,1.057093186301702
2014-06-26,0.027387612784320888,1.0573670891491809
2014-06-27,0.0012696926333844781,1.0573797870980168
2014-06-30,-0.007087148522097968,1.0573089093814014
2014-07-01,-0.016322752744633646,1.0571456774807477
2014-07-02,-0.04644910473576707,1.0566811969951944
2014-07-03,-0.0065880295428173636,1.0566153184828788
2014-07-07,0.000550945735412762,1.0566208282279212
2014-07-08,0.025749151732249568,1.0568783417906924
2014-07-09,0.0081384860993137,1.0569597352924776
2014-07-10,0.0012092720852164406,1.0569718291038284
2014-07-11,0.017123508117080747,1.0571430778778221
2014-07-14,0.00218143529559726,1.0571648924131125
2014-07-15,-0.012313297870033232,1.0570417580691007
2014-07-16,0.008275072575810493,1.0571245133858793
2014-07-17,0.034511308422634376,1.0574696683031304
2014-07-18,0.0026093195134676054,1.0574957618086551
2014-07-21,0.016064419890070614,1.0576564078375377
2014-07-22,0.021584938288505506,1.0578722768381235
2014-07-23,0.011696743988712092,1.057989249501539
2014-07-24,-0.04078333212701446,1.0575814103882428
2014-07-25,0.01870708667733057,1.0577684916837133
2014-07-28,0.015387584638157762,1.0579223712180148
2014-07-29,0.01944161270069665,1.0581167983551316
2014-07-30,-0.03956237890722521,1.0577211790859031
2014-07-31,-0.03131367574201144,1.0574080310869753
2014-08-01,0.014112706798693565,1.0575491877735737
2014-08-04,-0.010301055707786368,1.0574461660959593
2014-08-05,0.006005115023368187,1.0575062184260817
2014-08-06,-0.010208912073127,1.0574041190541281
2014-08-07,0.014123459269302564,1.057545370040497
2014-08-08,0.01717045524534606,1.0577170796017423
2014-08-11,0.00206902679073935,1.0577377712324691
2014-08-12,0.0017943240184120808,1.0577557147617205
2014-08-13,0.025918371064696067,1.0580149198165996
2014-08-14,0.0034254837260457274,1.0580491782722152
2014-08-15,0.056612342767218646,1.0586153027822585
2014-08-18,-0.017018034457696896,1.0584451161367558
2014-08-19,-0.03066379951711962,1.0581384604332358
2014-08-20,-0.0074245077110957685,1.0580642174941692
2014-08-21,0.029760876064801104,1.0583618365134233
2014-08-22,0.003365471850149944,1.058395493165386
2014-08-25,0.028576461571990956,1.0586812571059503
2014-08-26,-0.0036275745475345413,1.0586449777866942
2014-08-27,0.018506544034206557,1.0588300548916674
2014-08-28,0.039676014910813635,1.059226835323289
2014-08-29,-0.005900052237185451,1.059167829242638
2014-09-02,-0.036396040064826295,1.058803874338659
2014-09-03,0.008091806219134695,1.0588847959953525
2014-09-04,-0.021752822730883338,1.0586672550776464
2014-09-05,-0.02253818727260838,1.0584418557942001
2014-09-08,-0.014782789718243925,1.0582940253849007
2014-09-09,-0.007479958256975159,1.058219228236265
2014-09-10,-0.007631576983918199,1.0581429145995762
2014-09-11,-0.03083690447488565,1.0578345185397056
2014-09-12,-0.032348383195488765,1.0575110318171763
2014-09-15,-0.026191769169529984,1.0572490880310277
2014-09-16,-0.014455122444625596,1.0571045251204585
2014-09-17,-0.009593656859129468,1.0570085886003666
2014-09-18,0.0032907797289505585,1.0570414973160156
2014-09-19,0.027071629936145574,1.0573122290450094
2014-09-22,0.020216137263644882,1.0575144096148001
2014-09-23,0.01260706740162957,1.0576404915412747
2014-09-24,-0.00506525734089018,1.057589836712441
2014-09-25,0.020202055256703173,1.057791876214801
2014-09-26,0.01338399227230186,1.0579257185914335
2014-09-29,0.018218083175407938,1.058107911267064
2014-09-30,-0.005638041453430417,1.058051527960733
2014-10-01,0.053279593910784594,1.0585844349468518
2014-10-02,-0.005780370929288004,1.058526629092626
2014-10-03,0.013091131844962273,1.0586575352358272
2014-10-06,-0.0031372778787767657,1.058626158354804
2014-10-07,0.051086718738180374,1.0591370816938466
2014-10-08,0.022547850004489948,1.0593626083751013
2014-10-09,-0.01632861840155104,1.0591993189263027
2014-10-10,-0.001350983370811616,1.059185807975685
2014-10-13,0.01550962704681861,1.0593409328672199
2014-10-14,0.04324645622803083,1.059773424026049
2014-10-15,0.003072500588727324,1.059804155442685
2014-10-16,-0.004020236010159346,1.0597639519341713
2014-10-17,-0.00637449342869503,1.05970020839621
2014-10-20,0.013755811924818964,1.059837774951567
2014-10-21,-0.004714251345831401,1.0597906312709962
2014-10-22,-0.010662857311567941,1.0596839975960417
2014-10-23,-0.02315436869228345,1.0594524606509166
2014-10-24,0.010703609470586996,1.059559496673496
2014-10-27,0.0025635355641724167,1.0595851338755435
2014-10-28,-0.016601635207258162,1.059419114745419
2014-10-29,-0.015125375793256426,1.0592678698250249
2014-10-30,0.023577963399044742,1.0595036590606448
2014-10-31,0.0046398700989721256,1.0595500604537833
2014-11-03,-0.01862146013439051,1.0593638454520289
2014-11-04,-0.0038901942768422605,1.0593249417233939
2014-11-05,0.016407794457713128,1.0594890205735177
2014-11-06,-0.02033761524752067,1.0592856386129799
2014-11-07,0.02687978367085635,1.0595544754843875
2014-11-10,-0.019100429654525308,1.0593634701867598
2014-11-11,0.006729683424875842,1.0594307689405522
2014-11-12,-0.0009818079102623923,1.0594209502153047
2014-11-13,0.0007294074748949382,1.059428244857759
2014-11-14,0.004489104709021986,1.0594731402352913
2014-11-17,-0.009909818290967392,1.0593740401944542
2014-11-18,0.005897768187538626,1.0594330222270691
2014-11-19,-0.03653630538797861,1.0590676433948685
2014-11-20,0.013723634068716796,1.0592048901486542
2014-11-21,0.01748194748859146,1.0593797233717808
2014-11-24,0.004559880537862916,1.0594253257750208
2014-11-25,0.03186474919366141,1.0597439983947792
2014-11-26,0.016505997247274563,1.0599090713881603
2014-11-28,0.03942517783525441,1.0603033715724843
2014-12-01,-0.03189900799551193,1.059984357399743
2014-12-02,-0.00969101715923651,1.0598874549568718
2014-12-03,-0.02292965909468869,1.0596581453996587
2014-12-04,0.037871320430084565,1.0600368877382724
2014-12-05,-0.007828132740022501,1.0599586188907446
2014-12-08,0.030745353660459242,1.0602660931480508
2014-12-09,0.024094456868969848,1.060507060776112
2014-12-10,0.02072416203832516,1.0607143263532022
2014-12-11,0.015681712941407883,1.0608711425309694
2014-12-12,0.02036689487265238,1.061074851191722
2014-12-15,-0.00885163270112522,1.0609863402585447
2014-12-16,0.014345921828920402,1.0611298191972838
2014-12-17,-0.0016295428529549644,1.0611135238377953
2014-12-18,-0.013777668073707281,1.0609757579278338
2014-12-19,0.028457008157659492,1.0612603340828355
2014-12-22,0.034665898184077025,1.0616070095480425
2014-12-23,-0.04012903396020645,1.0612057444535137
2014-12-24,0.004544551707228362,1.0612511922073147
2014-12-26,0.0022986274914030963,1.0612741802422747
2014-12-29,0.011481293350121312,1.061389010372543
2014-12-30,0.015177845252510695,1.0615408017526429
2014-12-31,3.3962524180087734e-05,1.0615411414078966
2015-01-02,0.048092716376304696,1.06202209419884
2015-01-05,0.0352801990408861,1.0623749357861831
2015-01-06,0.0376487780214897,1.0627514676650578
2015-01-07,-0.007944343062584317,1.0626720149038518
2015-01-08,-0.030807305082052615,1.062363921969588
2015-01-09,0.014493924068894826,1.062508878854576
2015-01-12,0.013571850980326561,1.0626446073659455
2015-01-13,-0.009517715974655819,1.0625494185632953
2015-01-14,0.009316620908471289,1.0626426006304264
2015-01-15,0.04468746012046521,1.0630895646908771
2015-01-16,-0.03921888070263744,1.0626973718045798
2015-01-20,0.0356981910191702,1.063054345354687
2015-01-21,0.00013036988479921496,1.0630556490076808
2015-01-22,-0.004661332407825626,1.0630090345046903
2015-01-23,0.030242156904089313,1.06331148380922
2015-01-26,0.007981659354249972,1.0633913025729227
2015-01-27,-0.01591283126905136,1.06323216102421
2015-01-28,0.049112533193356574,1.0637233466938805
2015-01-29,0.00512194635423669,1.0637745681415063
2015-01-30,0.017321426025023148,1.0639478211719222
2015-02-02,0.019316915734871227,1.0641409917111975
2015-02-03,-0.037397086339324766,1.0637670362238478
2015-02-04,0.006028563200922323,1.0638273265099352
2015-02-05,-0.031124938526587133,1.0635160635532563
2015-02-06,-0.038690470468366184,1.063129245023111
2015-02-09,-0.009868925796738402,1.063030554866033
2015-02-10,-0.005486450822416905,1.0629756911902235
2015-02-11,-0.009322427277533008,1.0628824627751514
2015-02-12,-0.010961804951187214,1.0627728344710548
2015-02-13,-0.016467663367571744,1.0626081533367808
2015-02-17,-0.0585626621720788,1.0620225347080952
2015-02-18,0.003672166561682769,1.0620592618941544
2015-02-19,-0.0015168934637282108,1.0620440927393044
2015-02-20,0.0026586154662786208,1.062070680142758
2015-02-23,0.02262367551445899,1.0622969361154344
2015-02-24,0.04584310742826568,1.0627554560163612
2015-02-25,0.027928493900703254,1.0630347558980038
2015-02-26,-0.028452865268543112,1.0627502404608136
2015-02-27,0.02343856233126078,1.062984646192022
2015-03-02,-0.061621900666800476,1.0623684390143056
2015-03-03,-0.016998767514138324,1.0621984588492481
2015-03-04,-0.004763704715839636,1.0621508181185821
2015-03-05,-0.011773789980123496,1.0620330657570194
2015-03-06,-0.07221047159620919,1.0613110415393598
2015-03-09,0.006600012251853377,1.0613770481317735
2015-03-10,0.028663383823612998,1.0616637126808748
2015-03-11,0.03794031420640839,1.0620431433179192
2015-03-12,0.00690011901403173,1.062112152952647
2015-03-13,-0.028239773200518643,1.061829741819993
2015-03-16,0.03341377005400189,1.0621638902740231
2015-03-17,0.011206601042044743,1.0622759597422249
2015-03-18,0.057887776863562716,1.0628550232077594
2015-03-19,-0.009143877608116444,1.0627635897832173
2015-03-20,0.015701293563392803,1.0629206297797542
2015-03-23,0.005381874857004105,1.062974452252978
2015-03-24,0.04756427392810384,1.0634501195547026
2015-03-25,-0.011507594248814501,1.063335040867296
2015-03-26,-0.05804058354179079,1.0627546225783444
2015-03-27,-0.005890647684155799,1.062695710200414
2015-03-30,-0.0008073691417978046,1.062687635858651
2015-03-31,0.010875673423645642,1.0627964059283952
2015-04-01,0.04700489603076721,1.0632665022871097
2015-04-02,-0.013773694043839345,1.0631287554541773
2015-04-06,-0.022597766359068978,1.0629027404099238
2015-04-07,0.009983154352568996,1.063002572696298
2015-04-08,0.017973505555455193,1.0631823066641335
2015-04-09,-0.019632158389454802,1.0629859899450826
2015-04-10,-0.005729750308102808,1.0629286899418866
2015-04-13,0.005466986378931136,1.0629833649029838
2015-04-14,0.015468549072396667,1.0631380614033963
2015-04-15,0.011695102996072997,1.0632550256469477
2015-04-16,-0.010283956821080575,1.0631521785891938
2015-04-17,0.0130252422301744,1.0632824366413356
2015-04-20,0.00059018514898811,1.063288338578133
2015-04-21,-0.018216341184727754,1.0631061666086035
2015-04-22,-0.031138317645504725,1.0627947979016514
2015-04-23,0.0012203560712007488,1.062807002719978
2015-04-24,0.018221414855809272,1.0629892347637013
2015-04-27,0.01595283935194899,1.0631487690011547
2015-04-28,-0.0477843556637589,1.0626709271661727
2015-04-29,-0.04791790712379527,1.0621917346988965
2015-04-30,-0.000443960529521562,1.0621872951132103
2015-05-01,-0.03194723413058522,1.061867829045615
2015-05-04,-0.0441441598964736,1.0614263641066735
2015-05-05,-0.03294353791401886,1.0610969063786957
2015-05-06,-0.05132187409971649,1.060583692790308
2015-05-07,0.015709535999529997,1.06074080210916
2015-05-08,0.03336036818538787,1.0610744586917578
2015-05-11,-0.07196145354045641,1.0603548772661326
2015-05-12,-0.020295639084452376,1.0601519141746503
2015-05-13,-0.018784111583163534,1.0599640556877874
2015-05-14,0.002967760485052946,1.0599937369656758
2015-05-15,0.05429410113365251,1.0605367465715987
2015-05-18,-0.031360761408498875,1.0602231432079627
2015-05-19,-0.03682683482208527,1.0598549036580103
2015-05-20,-1.6882681835010705e-05,1.059854734814221
2015-05-21,0.04389275346055342,1.0602937015909588
2015-05-22,0.0031905925818157188,1.0603256080994738
2015-05-26,0.036119636875298344,1.060686831054536
2015-05-27,0.02309525115072653,1.060917799631675
2015-05-28,-0.008486799173538765,1.0608329242819314
2015-05-29,-0.0007752745865925876,1.060825170988413
2015-06-01,-0.02900319468078646,1.060535144899662
2015-06-02,-0.06430993329835014,1.0598920454868581
2015-06-03,-0.06582818143988331,1.0592337856484133
2015-06-04,0.007821317115912507,1.0593120049242064
2015-06-05,-0.041450105181334775,1.058897533265386
2015-06-08,0.004007052276314695,1.0589376067919005
2015-06-09,-0.03857597527181053,1.0585518405364247
2015-06-10,-0.042586249581903615,1.058125976733501
2015-06-11,0.06088349724789055,1.0587348826787022
2015-06-12,0.004123757101604419,1.058776121454445
2015-06-15,0.014862113830130063,1.058924753694387
2015-06-16,0.021293249835865235,1.059137706672538
2015-06-17,-0.0035090599722134423,1.0591026126356091
2015-06-18,-0.014754429932439746,1.0589550551684992
2015-06-19,0.0399414935162364,1.059354505444364
2015-06-22,-0.0482095504434681,1.0588724308665127
2015-06-23,-0.05117825853901578,1.0583606312604485
2015-06-24,0.009578951948929632,1.0584564262740987
2015-06-25,-0.007069322875461306,1.0583857319561207
2015-06-26,-0.03177275536035194,1.0580680034612624
2015-06-29,0.04180119405796427,1.0584861155632466
2015-06-30,0.003469348495943768,1.0585208110384186
2015-07-01,-0.007114224042043013,1.0584496749096972
2015-07-02,-0.010083223417192155,1.0583488263646956
2015-07-06,0.040341512178099184,1.0587522938564862
2015-07-07,0.0330322847665895,1.0590826383705403
2015-07-08,0.023283642858714048,1.059315511253198
2015-07-09,-0.04008056248861629,1.058914706560821
2015-07-10,-0.052470956098593834,1.0583900375980002
2015-07-13,-0.022479414380984764,1.058165250491053
2015-07-14,0.003747165015729378,1.0582027263951546
2015-07-15,0.03318481922922534,1.058534610493619
2015-07-16,0.028351937498895717,1.0588181404518089
2015-07-17,0.018880756224279184,1.0590069506141837
2015-07-20,-0.008534847496890442,1.05892160339362
2015-07-21,0.021282284135880528,1.0591344394497597
2015-07-22,0.02086918882108782,1.0593431364697414
2015-07-23,0.041111823266065765,1.0597542960973552
2015-07-24,-0.00017052704982059236,1.0597525906742766
2015-07-27,0.003767233176062536,1.059790267665441
2015-07-28,-0.011585083880402709,1.0596744123431436
2015-07-29,-0.0039128319657307205,1.0596352841682055
2015-07-30,-0.0018491299890398903,1.0596167918648316
2015-07-31,0.04411031940263927,1.0600579559846635
2015-08-03,0.012665709988906669,1.0601846291551058
2015-08-04,-0.005638355287726509,1.060128251333309
2015-08-05,-0.01717956916346706,1.0599564598450568
2015-08-06,0.0040613381991254785,1.0599970767864315
2015-08-07,0.026422998767795886,1.060261325475351
2015-08-10,-0.011955839403564943,1.0601417619380527
2015-08-11,0.02339840642919979,1.0603757843106738
2015-08-12,-0.004109709745536907,1.0603346847604236
2015-08-13,-0.01906416350484535,1.0601440468462442
2015-08-14,0.00469726619459297,1.0601910182735796
2015-08-17,0.010753397197689541,1.0602985654330772
2015-08-18,-0.019119735407813258,1.0601073640536325
2015-08-19,0.01142707841232475,1.0602216563314193
2015-08-20,0.032097733951422645,1.0605426506804083
2015-08-21,0.016378312129843052,1.0607064563921524
2015-08-24,-0.003695717096544074,1.0606694967738595
2015-08-25,-0.03934147166434574,1.0602760652808638
2015-08-26,-0.07091958784019302,1.0595668903473592
2015-08-27,0.0028141728575064293,1.0595950332926474
2015-08-28,0.0077492025635882015,1.0596725223408874
2015-08-31,-0.00351069288201649,1.0596374148456709
2015-09-01,0.020551779645069098,1.0598429654606019
2015-09-02,-0.02046628466566785,1.0596382868849419
2015-09-03,0.019113214094584063,1.0598294290198385
2015-09-04,0.030261781136889668,1.0601320753065755
2015-09-08,-0.01605726997378169,1.0599715038370918
2015-09-09,-0.0029192097692933216,1.0599423099115879
2015-09-10,-0.015153444612490501,1.0597907703799894
2015-09-11,0.00014397016805920953,1.0597922102400656
2015-09-14,0.011499964271527961,1.0599072131972342
2015-09-15,-0.030576580691805164,1.0596014837201362
2015-09-16,-0.034379728852489216,1.0592576590735499
2015-09-17,0.04921750144633262,1.0597499507033363
2015-09-18,0.0036381333207904597,1.059786337936677
2015-09-21,-0.01501319752647146,1.0596362141159814
2015-09-22,0.018262498803172107,1.0598188594167748
2015-09-23,-0.008749317928926062,1.0597313614072084
2015-09-24,0.021593015755728143,1.0599473005709763
2015-09-25,-0.01439060016102518,1.0598033925188641
2015-09-28,0.022905666519872747,1.0600324719864673
2015-09-29,0.017429095738396846,1.0602067830580766
2015-09-30,0.004547333365863092,1.060252260111176
2015-10-01,0.015264867857959259,1.0604049164353493
2015-10-02,0.013046455864066707,1.0605354091590389
2015-10-05,-0.039796138538861534,1.060137453525046
2015-10-06,0.025969346417952045,1.0603971630927662
2015-10-07,0.00636060142245718,1.0604607695766435
2015-10-08,-0.023779606814894046,1.0602229603978697
2015-10-09,-0.016461247792177093,1.0600583424975925
2015-10-12,0.025350408303721414,1.060311872170357
2015-10-13,0.0021889799739342334,1.0603337637331838
2015-10-14,0.03288377367128098,1.0606626588469599
2015-10-15,0.004273284072124363,1.0607053912996975
2015-10-16,-0.006864271491683531,1.0606367478864736
2015-10-19,0.006109403210347682,1.0606978468942547
2015-10-20,0.0013275823253847605,1.0607111216794567
2015-10-21,0.027295031417983576,1.0609840969705815
2015-10-22,-0.0024422639174189135,1.0609596717462155
2015-10-23,-0.01222259795788097,1.060837447607645
2015-10-26,0.006457573217383094,1.0609020256506925
2015-10-27,0.01772830393367563,1.0610793235333396
2015-10-28,-0.01909713582592569,1.060888362102176
2015-10-29,-0.05409793327975862,1.060347412483541
2015-10-30,0.020498564390497204,1.0605524137218285
2015-11-02,-0.0045942148533805165,1.0605064732867826
2015-11-03,-0.03044383198321108,1.0602020246614912
2015-11-04,0.022816851881705708,1.0604301761876407
2015-11-05,-0.007979320198278878,1.0603503777359518
2015-11-06,-0.05020251398446996,1.0598483931734246
2015-11-09,-0.023413587389419427,1.059614250283632
2015-11-10,0.002046381655269145,1.0596347168936715
2015-11-11,-0.01695150469642595,1.0594651951069751
2015-11-12,0.017621462019392648,1.0596414137278996
2015-11-13,0.015559447448833755,1.0597970293253611
2015-11-16,0.009622613724049664,1.0598932643687808
2015-11-17,0.015373202330151858,1.0600470046357995
2015-11-18,0.000990441582383515,1.0600569092007657
2015-11-19,0.008147835999434595,1.0601383913926594
2015-11-20,-0.008628431757407951,1.0600521027823853
2015-11-23,0.004461447220093759,1.060096719092594
2015-11-24,0.003428372931409467,1.06013100632033
2015-11-25,0.013384499551120532,1.060264856247034
2015-11-27,-0.0008021092810161785,1.0602568347621217
2015-11-30,0.01283861503517492,1.0603852239285592
2015-12-01,0.03694999669006549,1.0607547796088195
2015-12-02,0.006241638145173675,1.0608171957997792
2015-12-03,-0.10622904993,1.059754931827189
2015-12-04,0.024337788280866895,1.0599983203264616
2015-12-07,0.01870890550217621,1.0601854285250383
2015-12-08,0.020833877621669515,1.0603937713052438
2015-12-09,0.0038068016469378317,1.0604318414613971
2015-12-10,0.007059391089327787,1.060502436445212
2015-12-11,0.005980941247191477,1.0605622576270337
2015-12-14,-0.046858026749012315,1.0600937058252011
2015-12-15,0.015156186267998717,1.0602452577847445
2015-12-16,-0.0005787596267571207,1.060239470519141
2015-12-17,0.01900008463270514,1.0604294824907772
2015-12-18,0.019087997047697577,1.0606203890289954
2015-12-21,-0.017018397861958343,1.0604501907425992
2015-12-22,-0.015321733181011897,1.0602969666557789
2015-12-23,0.0028513633832944964,1.0603254805394329
2015-12-24,-0.004599677917498855,1.0602794791773718
2015-12-28,0.000940332558888184,1.0602888829294788
2015-12-29,-0.022017251271117932,1.0600687170233833
2015-12-30,-0.014153114191479,1.059927177267341
2015-12-31,0.030441013151171533,1.0602316163675554
2016-01-04,-0.004292867668700288,1.0601886842384052
2016-01-05,0.008942174596516776,1.0602781098940988
2016-01-06,0.046844399447804816,1.0607466143310769
2016-01-07,-0.015171328984166416,1.0605948763796296
2016-01-08,0.01290657764803042,1.0607239600734255
2016-01-11,-0.042737151914587226,1.0602965677271554
2016-01-12,0.023047511770772723,1.0605270563771565
2016-01-13,0.025578226513873745,1.0607828718491759
2016-01-14,0.007989221812662485,1.060862766499392
2016-01-15,0.0023299363139597145,1.0608860688296105
2016-01-19,-0.002984347561111458,1.0608562252374019
2016-01-20,-0.007115947545970577,1.0607850568648134
2016-01-21,-0.03013114106346445,1.060483723172184
2016-01-22,0.03317477691825316,1.0608154503639644
2016-01-25,0.0025336729106775935,1.0608407878959112
2016-01-26,0.002322977085588444,1.0608640206274402
2016-01-27,0.0015495756794610665,1.0608795173965655
2016-01-28,0.0009716690249093894,1.0608892350965704
2016-01-29,0.029959940272356662,1.0611888744522073
2016-02-01,0.0030019032351892624,1.0612188934623223
2016-02-02,0.011792181772956253,1.0613368392372176
2016-02-03,-0.009418733730475512,1.0612426418510075
2016-02-04,0.0031460620921823865,1.0612741055677148
2016-02-05,-0.005647309845550888,1.061217631388281
2016-02-08,0.036707811078162435,1.061584765315381
2016-02-09,0.009124877632350967,1.0616760194427235
2016-02-10,0.033339879763952786,1.062009449633839
2016-02-11,0.01602340397229398,1.0621696950835942
2016-02-12,-0.010342794175496299,1.0620662743927816
2016-02-16,-0.03826491600702023,1.0616836199969832
2016-02-17,-0.01145205889903883,1.0615690980343835
2016-02-18,0.025476076404024644,1.0618238929352901
2016-02-19,0.0262908705426733,1.0620868006304696
2016-02-22,0.010072597414227533,1.0621875320558272
2016-02-23,-0.005242775126534723,1.0621350993790486
2016-02-24,0.0046880989730551876,1.0621819828874561
2016-02-25,0.02447978597593627,1.0624268122533118
2016-02-26,0.005453481251519,1.0624813439787202
2016-02-29,0.010451691389828781,1.0625858697289046
2016-03-01,-0.01625923002934002,1.0624232888392942
2016-03-02,-0.018912748075940646,1.0622341571362337
2016-03-03,0.0034586084690454164,1.0622687463794616
2016-03-04,-0.011923390005290451,1.062149512353937
2016-03-07,0.0054098899965269905,1.0622036108950812
2016-03-08,0.02555112740782735,1.0624591516047637
2016-03-09,0.008710421474635063,1.0625462576076738
2016-03-10,0.02844701514181338,1.0628307213333608
2016-03-11,-0.018336807125770502,1.0626473484382433
2016-03-14,-0.0027928118285091433,1.0626194182451076
2016-03-15,-0.025452292572961357,1.062364873155219
2016-03-16,0.018233765247442826,1.0625472539740273
2016-03-17,0.01842006371601531,1.0627314827882721
2016-03-18,0.014788155259551435,1.0628793756010357
2016-03-21,-0.012606283652523307,1.0627533160606788
2016-03-22,0.003540871878451379,1.0627887238501814
2016-03-23,0.036011653925777716,1.0631488591978346
2016-03-24,0.012028916264161879,1.0632691543980546
2016-03-28,0.004585442306242541,1.063315013117325
2016-03-29,0.0004473989145240453,1.0633194882423778
2016-03-30,-0.012799438177647967,1.0631914819229897
2016-03-31,0.027699737466450606,1.0634685181931476
2016-04-01,0.0005975394469485012,1.0634744937556864
2016-04-04,0.014896690818852752,1.0636234691211361
2016-04-05,-0.006337871621169264,1.0635600789571737
2016-04-06,0.008578445141830801,1.0636458641866462
2016-04-07,0.014666801471932093,1.063792552983699
2016-04-08,-0.010384914645143097,1.0636886987368765
2016-04-11,0.01825804799708226,1.0638712820219547
2016-04-12,-0.0021399847922415143,1.0638498828343972
2016-04-13,0.01609036603429294,1.0640107878544363
2016-04-14,-0.020061282104485715,1.0638101691945363
2016-04-15,0.01934527308124949,1.0640036480345245
2016-04-18,0.008603679183509913,1.064089688253307
2016-04-19,0.007700658738687205,1.0641666966235113
2016-04-20,-0.012258902106645918,1.0640441145174908
2016-04-21,-0.028944916564437925,1.0637546509752656
2016-04-22,-0.009144385915544286,1.0636632017475112
2016-04-25,-0.01890699545235019,1.063474123850972
2016-04-26,0.01158259848973909,1.0635899444718862
2016-04-27,0.022702259197974427,1.0638170041988346
2016-04-28,0.029200315696082987,1.0641090374332158
2016-04-29,-0.011060448395025178,1.0639984192543401
2016-05-02,-0.004418334772516087,1.063954235184056
2016-05-03,0.004738789502295048,1.0640016298337818
2016-05-04,-0.00442529919552414,1.0639573719854776
2016-05-05,0.03720223287903609,1.0643294212271992
2016-05-06,-0.008545304235654631,1.064243965967382
2016-05-09,-0.009714197418748835,1.0641468126151636
2016-05-10,0.009338572383194155,1.0642402019247659
2016-05-11,-0.0017776616150242837,1.0642224241301814
2016-05-12,0.00661534604390939,1.064288575267934
2016-05-13,0.027399084513581827,1.0645625849620817
2016-05-16,-0.007693586452180973,1.06448564912362
2016-05-17,-0.0027308467736450116,1.064458341775112
2016-05-18,-0.03784508913752009,1.0640799241934744
2016-05-19,-0.006971699320403118,1.064010202709155
2016-05-20,0.015534845210474975,1.06416555506636
2016-05-23,-0.0030773965174688946,1.0641347790913531
2016-05-24,0.0011258888565566067,1.0641460380678647
2016-05-25,-0.005605583007814023,1.0640899776849841
2016-05-26,0.015562372487699367,1.0642456150132038
2016-05-27,0.012718668797916185,1.0643728029337074
2016-05-31,0.009977154599397891,1.0644725808654392
2016-06-01,-0.013007203966141835,1.0643424990002879
2016-06-02,0.03489037985496622,1.064691427072271
2016-06-03,0.04358555522730775,1.065127403521332
2016-06-06,-0.010320214482789847,1.0650241942369112
2016-06-07,-0.0011976310859725993,1.0650122166853409
2016-06-08,0.00354511329881668,1.0650476700555285
2016-06-09,0.004267628408872214,1.0650903499977211
2016-06-10,0.003920450736232359,1.0651295596317423
2016-06-13,0.0036510720658740133,1.065166074001171
2016-06-14,0.006925496907153038,1.0652353291347527
2016-06-15,0.009417769185823068,1.0653295217131744
2016-06-16,0.006673939319177626,1.0653962667711183
2016-06-17,0.012168107160312155,1.0655179438168079
2016-06-20,-0.028036180159163548,1.0652375868983381
2016-06-21,-0.015852745810484365,1.0650790551562666
2016-06-22,0.008320860894839821,1.0651622670503904
2016-06-23,-0.006409625726583834,1.065098172629562
2016-06-24,0.029095133166915428,1.065389204348161
2016-06-27,0.047642581703751345,1.0658657163230925
2016-06-28,0.026074889943917903,1.0661264900717629
2016-06-29,0.01338201223165671,1.066260308202559
2016-06-30,0.020753021005664226,1.0664678619130874
2016-07-01,0.024702400185587847,1.0667149165464493
2016-07-05,0.04122199054277112,1.0671271773051716
2016-07-06,0.05030825145699431,1.0676302741038757
2016-07-07,0.0002948418280473367,1.0676332226895318
2016-07-08,0.021178325319305587,1.0678450202862415
2016-07-11,-0.030062548795354,1.0675443896249988
2016-07-12,-0.017379805044600224,1.0673706117366908
2016-07-13,0.0056621069896027176,1.0674272377693959
2016-07-14,-0.00897373134048949,1.067337497228283
2016-07-15,-0.051216662839064446,1.06682533203121
2016-07-18,-0.00958730700817315,1.0667294554176114
2016-07-19,0.014127206582793136,1.0668707441095262
2016-07-20,0.00016657053938829832,1.0668724098361047
2016-07-21,-0.002767914853963557,1.0668447274857442
2016-07-22,0.011204944617173558,1.0669567792994814
2016-07-25,-0.000707589437015606,1.066949703494573
2016-07-26,-0.004687130830190616,1.0669028292850367
2016-07-27,0.021596417128107764,1.0671188267623404
2016-07-28,0.002527051816300818,1.0671440989812584
2016-07-29,0.01906662941134499,1.0673347947174001
2016-08-01,-0.020980920624995993,1.067124983802851
2016-08-02,-0.04485556424451264,1.0666764265733188
2016-08-03,0.01868631928702884,1.0668632887340663
2016-08-04,0.010252137058667381,1.0669658253292054
2016-08-05,-0.025413301183139454,1.066711705909036
2016-08-08,0.005512959749341685,1.0667668373076853
2016-08-09,0.02980857012473726,1.0670649554273937
2016-08-10,0.017064161121272754,1.0672356137524766
2016-08-11,-0.01348913638583174,1.0671007290228511
2016-08-12,0.014464515255065627,1.0672453926490904
2016-08-15,-0.00807920488498741,1.067164601593902
2016-08-16,-0.0039595152155447524,1.0671250060314652
2016-08-17,0.019416381470508438,1.0673191872508112
2016-08-18,0.02082071130362286,1.0675274126352527
2016-08-19,-0.016027942549727763,1.067367134336915
2016-08-22,0.01657292622853683,1.0675328739454997
2016-08-23,0.013840459732166277,1.067671283224513
2016-08-24,0.00020941531182037943,1.0676733774615106
2016-08-25,-0.01808649658949003,1.067492503603054
2016-08-26,-0.009993182949721275,1.0673925753986226
2016-08-29,0.028272512472643917,1.0676753296650783
2016-08-30,-0.005402459671296475,1.0676213011919422
2016-08-31,-0.0023297157289620595,1.0675980030286
2016-09-01,0.004957415072755456,1.0676475813803152
2016-09-02,-0.021305144867769372,1.06743451865586
2016-09-06,0.0009183700992180656,1.0674437038462696
2016-09-07,0.013823390360071087,1.0675819435918754
2016-09-08,-0.025803386561892332,1.0673239258803215
2016-09-09,-0.0752577423576758,1.0665713374142103
2016-09-12,-0.01485818244674077,1.0664227447596666
2016-09-13,-0.03131940711353436,1.0661095587576468
2016-09-14,-0.014735357908152018,1.0659621834912356
2016-09-15,0.0041632114406728775,1.0660038183849672
2016-09-16,0.017898126757591913,1.0661828057667004
2016-09-19,-0.0062928355073990855,1.0661198748881682
2016-09-20,-0.00022362627817890782,1.0661176384768776
2016-09-21,0.038050548685768015,1.0664981700660672
2016-09-22,0.04595913509527754,1.0669577851169052
2016-09-23,-0.006985832964966656,1.0668879190716656
2016-09-26,0.0079860576566713,1.066967787477
2016-09-27,0.03249268949708369,1.0672927207604357
2016-09-28,0.018460527046582072,1.0674773316131778
2016-09-29,0.0008513156590588575,1.0674858453278668
2016-09-30,-0.017918505489905784,1.0673066510788312
2016-10-03,-0.0012868953544092664,1.067293782622578
2016-10-04,-0.04915190910582416,1.0668022596210134
2016-10-05,-0.030398809321817887,1.0664982652700556
2016-10-06,0.006967275787053885,1.0665679371250802
2016-10-07,-0.008451695852086267,1.0664834120055908
2016-10-10,0.0012036962387239698,1.0664954490966267
2016-10-11,-0.018884063966893412,1.0663066045347733
2016-10-12,-0.0038654945251675316,1.0662679470829883
2016-10-13,0.012052083819707597,1.0663884793007474
2016-10-14,-0.011992241894766827,1.066268556660927
2016-10-17,-0.001532657017645876,1.0662532277957755
2016-10-18,0.02249676703867292,1.0664782124926508
2016-10-19,0.01567392394443471,1.0666349599081608
2016-10-20,0.002961604145894361,1.0666645769237897
2016-10-21,0.011527467859091861,1.06677985720064
2016-10-24,-0.018056082109383097,1.0665992904901902
2016-10-25,0.003801017282077812,1.0666373011919748
2016-10-26,-0.034753980867415324,1.066289742040464
2016-10-27,-0.03489592573797119,1.0659407893011315
2016-10-28,-0.01914610233274327,1.0657493131873699
2016-10-31,0.013632550369542144,1.06588564701584
2016-11-01,-0.009760040944640593,1.065788039947324
2016-11-02,0.008077704868896562,1.065868823952588
2016-11-03,-0.040935959200162526,1.0654594108192164
2016-11-04,0.012110057565471366,1.0655805235017166
2016-11-07,0.0016320809747630248,1.0655968440685648
2016-11-08,-0.004604885528551637,1.0655507971418112
2016-11-09,-0.10152220819949483,1.0645357610877322
2016-11-10,-0.07903655937788126,1.0637454333971228
2016-11-11,-0.056376841865885714,1.063181636557056
2016-11-14,-0.04440628724678722,1.062737621183956
2016-11-15,0.001888790322013815,1.0627565096162976
2016-11-16,0.04262476910064561,1.0631827703742904
2016-11-17,-0.026819155801642246,1.0629145916535137
2016-11-18,-0.04234149091862898,1.0624911924681213
2016-11-21,-0.0026780866048467245,1.0624644099924363
2016-11-22,0.010391343973327046,1.0625683305372362
2016-11-23,-0.031773159163617705,1.0622506132259693
2016-11-25,-0.013085046858502845,1.0621197561212599
2016-11-28,0.044616198517801374,1.0625659600559594
2016-11-29,0.027267381237093755,1.0628386532983845
2016-11-30,-0.039203461398309145,1.0624466293650845
2016-12-01,-0.05130124959319805,1.0619336270784117
2016-12-02,0.018330311048753562,1.0621169527964776
2016-12-05,0.021824571076614563,1.0623352088491558
2016-12-06,-0.010467401928410476,1.0622305240985006
2016-12-07,0.022857783703356595,1.06245913044374
2016-12-08,-0.011200624569016883,1.06234712379104
2016-12-09,-0.048539917836029324,1.0618617150356537
2016-12-12,-0.029935657832555352,1.0615623442548714
2016-12-13,0.02710515054908303,1.0618333949471792
2016-12-14,-0.030912411749107405,1.0615243221917268
2016-12-15,-0.018276487119125565,1.061341559603506
2016-12-16,0.0012600573256601772,1.0613541609625021
2016-12-19,0.02430643633431661,1.0615972570660164
2016-12-20,-0.011080781447500828,1.06148644197814
2016-12-21,0.026410089357339035,1.0617505634330688
2016-12-22,0.015064230787411467,1.0619012092341424
2016-12-23,0.002311041025592492,1.061924321359024
2016-12-27,-0.007477981554537148,1.061849538971602
2016-12-28,0.011116590447915195,1.06196071617825
2016-12-29,0.021244835748522938,1.0621732042017376
2016-12-30,0.03866824512181202,1.0625599138418007
2017-01-03,0.02631345188366261,1.062823064293634
2017-01-04,0.012387145237058746,1.062946942050532
2017-01-05,0.046999167268271594,1.0634170068462672
2017-01-06,-0.022399275754139716,1.063193018613912
2017-01-09,0.0012785807618258581,1.063205805996666
2017-01-10,0.0024944627901917846,1.0632307513687784
2017-01-11,0.012046601548021481,1.0633512274338885
2017-01-12,0.0006777611041732103,1.0633580056408514
2017-01-13,-0.02284044139308416,1.063129595082131
2017-01-17,0.021881748829392134,1.0633484480151338
2017-01-18,-0.028764765409053743,1.0630608261492334
2017-01-19,-0.03655883115553843,1.0626952463617625
2017-01-20,-0.024830461483903787,1.0624469112226451
2017-01-23,0.010477306264204159,1.0625517021166118
2017-01-24,-0.010076497362101939,1.0624509363831771
2017-01-25,-0.025921989168325114,1.0621917272107613
2017-01-26,-0.005581437471262576,1.0621359085156985
2017-01-27,0.0057400475669959535,1.0621933135065653
2017-01-30,-0.008487773740828965,1.0621084305763375
2017-01-31,0.02715365441081979,1.0623799928595676
2017-02-01,-0.008827625691633544,1.0622917143314683
2017-02-02,-0.0021787037777514216,1.0622699254849195
2017-02-03,0.01091866094360697,1.0623791149841644
2017-02-06,0.020202619921103292,1.0625811756740569
2017-02-07,0.01860248491435273,1.0627672149892073
2017-02-08,0.03360730509335936,1.0631033320922971
2017-02-09,-0.010586393643396357,1.0629974704736633
2017-02-10,0.00515398468979036,1.063049010326607
2017-02-13,-0.016848013082699457,1.0628805269048915
2017-02-14,-0.026795616026590873,1.0626125744775936
2017-02-15,-0.020944197760351137,1.0624031342064595
2017-02-16,0.0074303597621891105,1.062477447681779
2017-02-17,0.021764845036709966,1.062695123798953
2017-02-21,0.004752597116235511,1.0627426524558465
2017-02-22,0.0010353310884444289,1.0627530067427713
2017-02-23,0.017200436486527915,1.062925027880931
2017-02-24,0.038153601461597464,1.0633066277892393
2017-02-27,0.00702154289410403,1.0633768400671235
2017-02-28,0.013248755260594594,1.0635093250693406
2017-03-01,-0.043406771914367426,1.06307529337664
2017-03-02,-0.030517322852116533,1.0627701244227656
2017-03-03,-0.0076310602841795925,1.0626938070598813
2017-03-06,-0.007839526321505998,1.0626154083089454
2017-03-07,-0.01300744568573298,1.0624853331337167
2017-03-08,-0.02902564342611296,1.0621950811537324
2017-03-09,-0.04718248170241404,1.0617232603045965
2017-03-10,0.0003052273475908708,1.0617263128502343
2017-03-13,-0.019396854156810094,1.061532340804749
2017-03-14,0.007564183195328547,1.0616079842123556
2017-03-15,0.05039658557324888,1.062112071630237
2017-03-16,0.0070389821405107125,1.0621824630160344
2017-03-17,0.024762618284471363,1.0624301140523666
2017-03-20,0.021059238001928573,1.0626407271048095
2017-03-21,0.018029494749371506,1.0628210476060795
2017-03-22,0.02201103373912439,1.0630411764343948
2017-03-23,0.015657310102145067,1.0631977550674556
2017-03-24,-0.002780145857322401,1.0631699529824798
2017-03-27,0.02637938582329842,1.0634337732833767
2017-03-28,-0.01341269588000329,1.0632996484476425
2017-03-29,0.015617444244578279,1.0634558407747425
2017-03-30,-0.02460203914036298,1.063209808902917
2017-03-31,-0.0036723173008440307,1.0631730826179882
2017-04-03,0.0320697388840661,1.0634938340107198
2017-04-04,0.0027238970961045357,1.0635210736621072
2017-04-05,0.012785941744827835,1.0636489425599644
2017-04-06,0.0021454838841652546,1.0636703985152685
2017-04-07,-0.014308286984417499,1.0635273209831075
2017-04-10,0.006458177771607946,1.0635919083422178
2017-04-11,0.025442635816218907,1.063846372656031
2017-04-12,0.026722466003187867,1.0641136315554665
2017-04-13,0.027314021143045677,1.0643867896144574
2017-04-17,-0.0059724010832533,1.0643270614995983
2017-04-18,0.039553329606298086,1.0647226564843084
2017-04-19,-0.01268662499035732,1.064595783865979
2017-04-20,-0.012012527255672603,1.0644756609414308
2017-04-21,-0.007897440595685399,1.0643966802967322
2017-04-24,-0.01815487991186272,1.0642151283028973
2017-04-25,-0.034292594995272985,1.0638722220033654
2017-04-26,-0.00394092133764764,1.0638328087694613
2017-04-27,0.007676625108691772,1.0639095812005097
2017-04-28,0.025078723920032877,1.0641603881669113
2017-05-01,-0.022148050072321384,1.0639389084233135
2017-05-02,0.0011552060804579363,1.0639504617155577
2017-05-03,0.008104825756922623,1.0640315066324393
2017-05-04,-0.007207248688129401,1.0639594323529724
2017-05-05,-0.0034982431858947677,1.063924447635407
2017-05-08,-0.027136684428061275,1.0636530739901193
2017-05-09,0.002804418396366535,1.0636811185358672
2017-05-10,0.0032451953372399176,1.0637135722949298
2017-05-11,-0.007446899715564718,1.0636390975846661
2017-05-12,0.033229958935029794,1.0639714493518708
2017-05-15,0.003388329964244613,1.0640053346508827
2017-05-16,0.020597581880522495,1.0642113227198422
2017-05-17,0.05239226260838941,1.064735354033379
2017-05-18,0.019471980131461803,1.0649300759902174
2017-05-19,0.005645948061367446,1.0649865381092132
2017-05-22,-0.011527765854010164,1.0648712537124059
2017-05-23,-0.024700727250598797,1.0646242446652852
2017-05-24,0.008809675778016402,1.0647123501142077
2017-05-25,0.012600349157979486,1.064838359322664
2017-05-26,-0.004843880462619626,1.0647899176922844
2017-05-30,0.022187655652519005,1.0650118132017643
2017-05-31,0.018959612750715896,1.0652014226718616
2017-06-01,0.00022285129056820105,1.0652036512786651
2017-06-02,0.04688029563753452,1.0656724936657866
2017-06-05,-0.0059736550290516825,1.0656127555151607
2017-06-06,0.01650076864703739,1.0657777811705191
2017-06-07,-0.0017602229650658737,1.0657601788911504
2017-06-08,-0.008502984175436799,1.0656751480899085
2017-06-09,-0.009621080395509777,1.0655789353071423
2017-06-12,-0.005060843662381126,1.0655283240246152
2017-06-13,0.00547256644881269,1.0655830519778926
2017-06-14,0.037713694299247216,1.065960233764526
2017-06-15,0.006886117759953577,1.066029096989565
2017-06-16,0.0014949175691823641,1.0660440475370696
2017-06-19,-0.0023723577959228765,1.0660203245469653
2017-06-20,0.014274125609826367,1.0661630782546125
2017-06-21,0.00951964964423252,1.0662582789819364
2017-06-22,0.003687060926280917,1.066295152378461
2017-06-23,-0.002660308909134037,1.066268547206006
2017-06-26,0.014681432256949086,1.0664153692189413
2017-06-27,-0.02409717955273348,1.0661744063010987
2017-06-28,-0.016678770615968095,1.0660076013176019
2017-06-29,-0.021509838245005783,1.065792504307457
2017-06-30,-0.023456470602322862,1.0655579330679055
2017-07-03,-0.022878154585892572,1.0653291530770634
2017-07-05,0.0004360495837936181,1.0653335138083706
2017-07-06,-0.030367294008637826,1.0650298282458202
2017-07-07,-0.017363572127699838,1.0648561824418632
2017-07-10,-0.006303129450352875,1.0647931457546764
2017-07-11,0.0024403860768816253,1.0648175519718333
2017-07-12,0.0362412315396309,1.0651800059181051
2017-07-13,-0.0013744584531243903,1.065166260930021
2017-07-14,0.005376948773823396,1.0652200353525778
2017-07-17,0.007074780090262678,1.0652907875538222
2017-07-18,0.03636647402292838,1.065654477163372
2017-07-19,0.017460509853617745,1.0658290897464164
2017-07-20,0.00517543869136277,1.0658808475917552
2017-07-21,0.012793817042129303,1.066008801227551
2017-07-24,-0.0004564151120574327,1.0660042370191127
2017-07-25,-0.03569224868090623,1.0656473319645128
2017-07-26,-0.007236750469448891,1.0655749532607903
2017-07-27,-0.029218445974804542,1.0652827490859864
2017-07-28,0.01663662835289373,1.065449129706447
2017-07-31,-0.0052064596213522414,1.0653970618960678
2017-08-01,0.037816511873502275,1.065775256817115
2017-08-02,0.0030989024002091893,1.0658062469246627
2017-08-03,0.02138803408399646,1.066020148840513
2017-08-04,-0.00808529178051227,1.0659392957498757
2017-08-07,-0.0038926546205051192,1.0659003674135366
2017-08-08,-0.014395132117612494,1.065756410185928
2017-08-09,0.004535843959921755,1.0658017720428978
2017-08-10,0.007049800040758839,1.065872276773339
2017-08-11,0.002394026451533282,1.0658962195705015
2017-08-14,-0.00027253373480110135,1.0658934941548688
2017-08-15,-0.006749397509868492,1.065826001606225
2017-08-16,0.017721428531959373,1.066003231374823
2017-08-17,0.01630522718390149,1.0661663007853364
2017-08-18,-0.003859733003386077,1.0661277016791875
2017-08-21,0.006733452625750124,1.0661950407138032
2017-08-22,-0.008994643476160935,1.066105091208318
2017-08-23,0.020189581312724615,1.0663070090840927
2017-08-24,6.518065273882905e-05,1.0663076608869482
2017-08-25,0.0010609616211674849,1.0663182714435253
2017-08-28,-0.0003147482089664786,1.0663151237121198
2017-08-29,0.008771336751034052,1.066402846986642
2017-08-30,0.008488286927296355,1.0664877316165642
2017-08-31,0.018802067088894123,1.0666757660965172
2017-09-01,-0.02480314565379851,1.066427729697096
2017-09-05,0.04188694158335882,1.0668466516402033
2017-09-06,-0.0063778207118371,1.0667828698413164
2017-09-07,0.019373703749896123,1.0669766317296054
2017-09-08,-0.00987901895812174,1.0668778376595591
2017-09-11,-0.028769809486288676,1.0665901477966908
2017-09-12,-0.02397865954889488,1.0663503590997936
2017-09-13,-0.010368264765781433,1.0662466770131527
2017-09-14,0.006289526031723084,1.0663095751263996
2017-09-15,0.010060304863091495,1.0664101788061968
2017-09-18,-0.00028557492153380855,1.0664073229742204
2017-09-19,-0.002565250604276603,1.0663816698986686
2017-09-20,-0.0010550062008131986,1.0663711198841501
2017-09-21,0.003396838592824976,1.0664050889303074
2017-09-22,0.008843242356194336,1.0664935270838463
2017-09-25,0.02010460811737332,1.0666946009288645
2017-09-26,0.004175457679390645,1.066736357177208
2017-09-27,-0.03700351985694815,1.0663663198617028
2017-09-28,-0.018262655700000782,1.0661836785025154
2017-09-29,-0.0010768813764637161,1.066172909870777
2017-10-02,0.012379398460469456,1.0662967082757402
2017-10-03,0.013036086627739855,1.0664270777699032
2017-10-04,-0.012262104967072026,1.0663044450888026
2017-10-05,-0.004514618509929269,1.0662592976531393
2017-10-06,-0.01482894862180547,1.0661110074829248
2017-10-09,0.009966581751619552,1.0662106813681476
2017-10-10,-0.004670220232023916,1.066163975082574
2017-10-11,0.008577913869400787,1.066249756543968
2017-10-12,0.02724060322904326,1.0665221709254455
2017-10-13,0.036115139065949306,1.0668833586405764
2017-10-16,0.0025023454907317547,1.0669083825828392
2017-10-17,-0.0009148415522355806,1.0668992338927534
2017-10-18,-0.017553835544319205,1.066723693164307
2017-10-19,0.0005076168019478316,1.0667287697031125
2017-10-20,-0.03594276014642041,1.0663693422180398
2017-10-23,0.0014251155742266977,1.0663835943989761
2017-10-24,-0.030837238211207388,1.0660752114057905
2017-10-25,-0.010740039716587471,1.0659678095222818
2017-10-26,-0.01728192433918816,1.0657949851783517
2017-10-27,0.02104261475286672,1.0660054306576074
2017-10-30,0.03682950335967262,1.0663737678548428
2017-10-31,0.006609232512512434,1.066439862118016
2017-11-01,0.015329370242297217,1.0665931597384295
2017-11-02,0.013785224018155852,1.0667310185889354
2017-11-03,0.024126873358192212,1.0669722951278422
2017-11-06,0.020249858196076703,1.0671748052988943
2017-11-07,0.01281203166174591,1.0673029309839939
2017-11-08,0.004251251360914732,1.067345443739224
2017-11-09,-0.015790776471920186,1.067187525904534
2017-11-10,-0.061712156991458086,1.066570399754951
2017-11-13,-0.00876122608002826,1.0664827864851525
2017-11-14,0.007788159385718323,1.066560673759856
2017-11-15,0.02813218224091098,1.0668420175750348
2017-11-16,-0.0014125299192341233,1.0668278920297454
2017-11-17,0.018292019672445096,1.0670108208726
2017-11-20,0.005119679785302648,1.0670620184235884
2017-11-21,0.0231900292633074,1.067293925573679
2017-11-22,0.01567540475150225,1.0674506995321114
2017-11-24,0.0037284547676124167,1.0674879858585646
2017-11-27,-0.0034993459179617314,1.0674529900437013
2017-11-28,0.0012735795330239045,1.0674657263830167
2017-11-29,-0.03479802263461142,1.0671177380873025
2017-11-30,-0.02214126300195181,1.0668963284499475
2017-12-01,0.041948838068299854,1.067315835917895
2017-12-04,0.01518000285924885,1.06746764081659
2017-12-05,0.02384571645328532,1.0677061074515506
2017-12-06,0.019452472510711805,1.067900645154997
2017-12-07,-0.020759448054117228,1.0676930363646333
2017-12-08,-0.014539212289018232,1.067547635465666
2017-12-11,0.0010167330635997883,1.0675578028675141
2017-12-12,-0.00521613336991949,1.0675056395713873
2017-12-13,0.021579492880836465,1.0677214658758043
2017-12-14,0.022373115725700412,1.067945200214376
2017-12-15,0.018040513411840983,1.0681256090840474
2017-12-18,-0.011965780994891578,1.0680059476888388
2017-12-19,-0.04191466155700667,1.0675867991982675
2017-12-20,-0.04204501123662878,1.0671663444829944
2017-12-21,0.007416161244017624,1.0672405082598708
2017-12-22,0.005386978573844755,1.0672943815895193
2017-12-26,0.018860389920529692,1.067482992846235
2017-12-27,0.037810928958595544,1.0678611506460711
2017-12-28,0.0030920359880361233,1.0678920722119005
2017-12-29,0.011133663805004067,1.0680034172534638
2018-01-02,-0.010203030359184467,1.0679013861176974
2018-01-03,-0.0037147628564637874,1.0678642364345217
2018-01-04,0.001824743287276527,1.067882483823214
2018-01-05,-0.012710274219602621,1.067755374160075
2018-01-08,-0.006053495832542531,1.0676948366882928
2018-01-09,-0.039477036089395665,1.0673000607839238
2018-01-10,-0.016065295763987304,1.0671393974405832
2018-01-11,-0.0037381215563651368,1.0671020133215463
2018-01-12,0.002690569140437198,1.0671289197096434
2018-01-16,0.010093096004084978,1.0672298537286318
2018-01-17,0.002537500147308179,1.0672552281678958
2018-01-18,-0.027711145825134453,1.0669781143216353
2018-01-19,-0.03499615921904111,1.066628148819742
2018-01-22,-0.014163602017853173,1.0664865074270948
2018-01-23,0.01606683057160777,1.0666471963703537
2018-01-24,-0.00801678038168945,1.0665670254470354
2018-01-25,0.04395539656653083,1.0670065971207585
2018-01-26,-0.004829709324510822,1.066958300210966
2018-01-29,-0.024357293566981904,1.0667147226758285
2018-01-30,-0.026945519085238765,1.0664452618684692
2018-01-31,0.008667607555999149,1.066531941299837
2018-02-01,-0.03428389000182459,1.0661891075013983
2018-02-02,-0.05845029183713365,1.0656045837271737
2018-02-05,0.005052717450570066,1.0656551223228221
2018-02-06,-0.024592000747379213,1.0654092081524245
2018-02-07,-0.026815358384004437,1.0651410618449861
2018-02-08,-0.043391848393563394,1.0647071129216565
2018-02-09,-0.03492021012725696,1.06435789276607
2018-02-12,0.0061993142579217135,1.0644198862642922
2018-02-13,0.004286389289237378,1.0644627525200123
2018-02-14,-0.02392416697603471,1.0642235285541732
2018-02-15,0.01384578307640949,1.0643619918594616
2018-02-16,0.028311308659755605,1.0646451289372572
2018-02-20,0.004542573073984974,1.0646905546453707
2018-02-21,-0.04844785890620497,1.0642060625202692
2018-02-22,-0.0240610030132957,1.0639654301864925
2018-02-23,0.02465928211514267,1.0642120472027996
2018-02-26,0.017657910688946635,1.0643886374079627
2018-02-27,-0.006205026037598911,1.0643265900496721
2018-02-28,0.039914945278887205,1.0647257633066913
2018-03-01,0.0059405451796109765,1.0647851765408025
2018-03-02,-0.009249847417551612,1.0646926785760245
2018-03-05,-0.01694229912435869,1.0645232448858042
2018-03-06,0.0005930973985111588,1.064529176110167
2018-03-07,-0.005341881232783617,1.0644757541865058
2018-03-08,0.01176023321657159,1.0645933687666802
2018-03-09,-0.010062559159720796,1.0644927448564598
2018-03-12,0.0020507622606165538,1.0645132537547257
2018-03-13,0.016052573235351145,1.0646737919677303
2018-03-14,0.026472412216983886,1.0649385370235607
2018-03-15,0.01160270084529792,1.0650545690813518
2018-03-16,0.005367023777555263,1.065108239584517
2018-03-19,-0.013700582117320082,1.0649712286524133
2018-03-20,-0.012641304281339569,1.0648448184424628
2018-03-21,-0.014524190236755902,1.0646995649909419
2018-03-22,0.006897130516497762,1.0647685454552138
2018-03-23,-0.0002920711084052687,1.0647656245519197
2018-03-26,0.00509501242432923,1.0648165750238887
2018-03-27,0.02087087546397343,1.0650253176060043
2018-03-28,0.022571779068035085,1.065251042785898
2018-03-29,0.04661406860081592,1.065717222687003
2018-04-02,-0.014179305382385017,1.0655754163275069
2018-04-03,-0.004712131558711874,1.06552829583773
2018-04-04,0.00501430319852856,1.065578441091562
2018-04-05,-0.010892635956081087,1.0654695141889925
2018-04-06,0.004989129278651531,1.0655194135625248
2018-04-09,0.013479265127436604,1.0656542154192281
2018-04-10,0.0027389432614981822,1.065681605046749
2018-04-11,0.00587026466980685,1.0657403125048
2018-04-12,-0.01800860377801384,1.065560229803287
2018-04-13,0.0018784968627737245,1.0655790154357387
2018-04-16,0.001415194962457128,1.0655931682012934
2018-04-17,0.009848652745527292,1.0656916579596423
2018-04-18,-0.024156946901647495,1.0654500961510305
2018-04-19,-0.03937867347929529,1.0650563064998628
2018-04-20,-0.044053805741709084,1.0646157716351237
2018-04-23,-0.013882762728252389,1.064476941458927
2018-04-24,-0.03818082412273201,1.0640950980786765
2018-04-25,-0.03366541217757285,1.063758425928519
2018-04-26,0.009940463077315857,1.0638578391147262
2018-04-27,0.021489563000821905,1.0640727480594296
2018-04-30,0.00946290856418045,1.064167381972349
2018-05-01,-0.0008354424550287031,1.064159027480668
2018-05-02,-0.01187620769656877,1.0640402545686818
2018-05-03,0.011247643384227535,1.064152739029559
2018-05-04,0.016858139142067248,1.064321327644476
2018-05-07,-0.005470756178912337,1.0642666168900916
2018-05-08,-0.01163233852268455,1.064150291769556
2018-05-09,-0.01345312516797053,1.0640157590011692
2018-05-10,0.025510153954285218,1.0642708815872017
2018-05-11,0.013123274009141091,1.0644021224244693
2018-05-14,-0.007629040799287205,1.0643258294921265
2018-05-15,-0.057203121857515124,1.0637538166065466
2018-05-16,-0.02442567801908477,1.0635095602605775
2018-05-17,-0.03912378726547489,1.063118290486474
2018-05-18,0.018444269217168255,1.063302752803073
2018-05-21,0.004648826211926768,1.0633492440301016
2018-05-22,0.003690567814432753,1.0633861512639577
2018-05-23,0.02005450624513796,1.063586727750111
2018-05-24,0.040962355207206806,1.0639963937586658
2018-05-25,0.025651712610018657,1.0642529477642384
2018-05-29,0.056948021921124206,1.0648225976127124
2018-05-30,0.0034721120978985923,1.0648573171878342
2018-05-31,0.0005136907907634938,1.0648624540375395
2018-06-01,0.004900439455348292,1.0649114557765302
2018-06-04,-0.027161960524362854,1.0646398370965577
2018-06-05,-0.018232576626998183,1.0644574867660825
2018-06-06,-0.02770505561868915,1.064180437677973
2018-06-07,0.005788860323999238,1.0642383340710715
2018-06-08,-0.017830098007389623,1.0640600260841944
2018-06-11,-0.011299462073936454,1.0639470309576093
2018-06-12,0.0038792886499899562,1.0639858252886107
2018-06-13,0.0035795519548790003,1.0640216200012336
2018-06-14,0.028303025164286323,1.0643046803761649
2018-06-15,0.007680824463605702,1.064381494885188
2018-06-18,0.005443416699674318,1.0644359319188579
2018-06-19,0.005338686654585076,1.0644893243236146
2018-06-20,-0.01669240944947331,1.06432240005875
2018-06-21,-0.00929470073907215,1.064229445471045
2018-06-22,0.011066633320148959,1.064340118619291
2018-06-25,-0.01340552786512888,1.064206052917432
2018-06-26,0.016475839389736725,1.064370824343636
2018-06-27,0.014432902983211777,1.0645151724977382
2018-06-28,0.007214749595890765,1.0645873228187837
2018-06-29,0.028099516120212078,1.0648683192801478
2018-07-02,-0.002029912556384401,1.0648480196886376
2018-07-03,0.018472086199497292,1.0650327608976546
2018-07-05,0.030699161023415054,1.0653397584522555
2018-07-06,0.01489791339088469,1.0654887512945568
2018-07-09,-0.009377160989727677,1.065394975497631
2018-07-10,-0.0039184043195977635,1.0653557912590814
2018-07-11,0.0006297290631144664,1.0653620889529283
2018-07-12,0.011711832599960812,1.0654792174475458
2018-07-13,0.012427344497854537,1.0656035008125646
2018-07-16,-0.008630026133619035,1.0655171983253817
2018-07-17,-0.006581793380538979,1.0654513778196038
2018-07-18,-0.006724268690725294,1.0653841318321609
2018-07-19,0.009730560803468177,1.0654814475028733
2018-07-20,-0.028467831643713363,1.0651967562234737
2018-07-23,-0.04445865916571538,1.0647521871773744
2018-07-24,0.006569844518334763,1.0648178895832916
2018-07-25,0.008152173377702698,1.064899414011539
2018-07-26,-0.00728440588239366,1.064826566414223
2018-07-27,0.006108307554069361,1.0648876536251408
2018-07-30,-0.02286939446873746,1.0646589417865384
2018-07-31,0.007826138505932162,1.0647372072710044
2018-08-01,-0.018550424199650733,1.0645516913923785
2018-08-02,-0.010550450334064657,1.0644461767980609
2018-08-03,0.026994516620479407,1.0647161437094315
2018-08-06,0.014430746537065216,1.0648604613339399
2018-08-07,-0.010103916253677687,1.0647594232458923
2018-08-08,-0.005251436237440002,1.0647069060579164
2018-08-09,0.022582008419947036,1.0649327375062243
2018-08-10,0.02025064765650385,1.0651352721531455
2018-08-13,0.013154366921894239,1.065266824560048
2018-08-14,-0.014525652677304818,1.0651215592810972
2018-08-15,0.008219608361960925,1.0652037632012539
2018-08-16,0.014297247592174704,1.0653467421043554
2018-08-17,0.006799950329386388,1.0654147467894872
2018-08-20,0.016974651771097037,1.065584514227522
2018-08-21,-0.007121778392999042,1.0655132930776245
2018-08-22,0.007660065827481911,1.0655898989095158
2018-08-23,-0.0003938672024399255,1.0655859601397173
2018-08-24,0.019033189489992625,1.0657763011493142
2018-08-27,-0.009878929356153575,1.065677509562311
2018-08-28,-0.02788864864588622,1.0653986171906873
2018-08-29,-0.008955740412143158,1.0653090563234913
2018-08-30,-0.001571146783495497,1.0652933436655512
2018-08-31,-0.008988662254813703,1.065203449964449
2018-09-04,-0.021091997336285435,1.0649925192957266
2018-09-05,-0.023415107735433642,1.0647583481721399
2018-09-06,0.015163129402956672,1.0649099915347546
2018-09-07,-0.021851205104550693,1.064691497157276
2018-09-10,0.005106674975340924,1.064742566807306
2018-09-11,-0.013553226065152246,1.0646070349352474
2018-09-12,0.005006104146267157,1.0646570987058253
2018-09-13,0.008070103665524667,1.064737805243891
2018-09-14,-0.02055643785909832,1.0645322376051725
2018-09-17,-0.012932676418285615,1.064402901286001
2018-09-18,-0.022267800710387583,1.0641802275782548
2018-09-19,-0.03647837652690921,1.0638154309533627
2018-09-20,0.012065568782555722,1.0639360925247032
2018-09-21,0.009460777231978959,1.06403070754769
2018-09-24,-0.00412730796124612,1.0639894337833602
2018-09-25,-0.00928226389747444,1.0638966067638393
2018-09-26,0.02839983377184076,1.0641806293610074
2018-09-27,0.017199022440604245,1.0643526302340514
2018-09-28,-0.019719821294324896,1.0641554166890903
2018-10-01,-0.002117976756615921,1.064134236474581
2018-10-02,0.01415327800106918,1.0642757785097117
2018-10-03,-0.051300580550589656,1.0637627968377072
2018-10-04,-0.05436426015489755,1.0632191509518445
2018-10-05,-0.048630508287442996,1.0627328320662603
2018-10-08,-0.02529109692850663,1.0624799043786328
2018-10-09,0.012491777293412627,1.0626048308018126
2018-10-10,-0.003610402609261071,1.0625687245878894
2018-10-11,0.04015144190025565,1.0629702738026094
2018-10-12,0.01652619117827577,1.0631355444877997
2018-10-15,-0.011246731394064775,1.0630230695098826
2018-10-16,0.004160873914736028,1.0630646807656938
2018-10-17,-0.01901541236513612,1.0628745271714377
2018-10-18,-0.030869165262098482,1.0625658048872206
2018-10-19,-0.01665488224544203,1.0623992515164111
2018-10-22,-0.003452061522742322,1.0623647298578671
2018-10-23,0.006240648547615818,1.0624271427097
2018-10-24,0.013255065421402002,1.0625597171348136
2018-10-25,0.0031246853436783955,1.0625909642181284
2018-10-26,0.007433079836778797,1.0626653077411896
2018-10-29,-0.004119942696225749,1.0626241076685194
2018-10-30,-0.016297709174019872,1.0624611287081966
2018-10-31,-0.0059131786226588965,1.0624019957392004
2018-11-01,0.028703285412014334,1.0626890560700555
2018-11-02,-0.016755947687724662,1.0625215040469176
2018-11-05,-0.002717002900051031,1.0624943319022035
2018-11-06,0.014834429991489914,1.0626426759947198
2018-11-07,0.02367227576426355,1.0628794053270856
2018-11-08,-0.01723879553458464,1.0627070136988424
2018-11-09,-0.0023581187184195033,1.0626834297004035
2018-11-12,0.01080833083280665,1.0627915258041656
2018-11-13,0.009660107517263549,1.0628881322648889
2018-11-14,-0.009509058204127036,1.0627930317891368
2018-11-15,0.009131421376596432,1.0628843542417816
2018-11-16,0.01174996187772264,1.0630018685113116
2018-11-19,-0.009814883998257777,1.0629037097831138
2018-11-20,0.0022403425928550205,1.0629261134282966
2018-11-21,0.01667525598070345,1.063092870794886
2018-11-23,-0.007002961095637762,1.0630228359380265
2018-11-26,0.004008782812442433,1.063062924425899
2018-11-27,0.003706490219336437,1.0630999914089079
2018-11-28,0.015005894634679502,1.0632500686164394
2018-11-29,0.010160393851450728,1.063351679146424
2018-11-30,-0.0042474476232203864,1.0633092021137933
2018-12-03,0.03351984162738321,1.0636444086233388
2018-12-04,0.048160259974152034,1.0641260471133707
2018-12-06,0.03509392911225356,1.064477032786251
2018-12-07,0.014200756380955588,1.0646190585191628
2018-12-10,0.001497235603947818,1.0646340325181514
2018-12-11,0.012214253320605115,1.0647561785216033
2018-12-12,-0.0024064323124085686,1.0647321136788772
2018-12-13,-0.014401679673643005,1.0645880798089555
2018-12-14,-0.010899713631368322,1.064479071770023
2018-12-17,0.0003922976348876064,1.0644829953405188
2018-12-18,0.031502337551062534,1.064798059415978
2018-12-19,0.0251648107133968,1.065049721772766
2018-12-20,-0.0041425457546569395,1.0650082949546174
2018-12-21,-0.02538930590288835,1.0647543739004839
2018-12-24,-0.006037557212435378,1.0646939927134542
2018-12-26,0.0007740926915190647,1.0647017330297273
2018-12-27,0.0021301066046104035,1.0647230370015088
2018-12-28,0.030818662296685645,1.0650312793082248
2018-12-31,0.03131413924121621,1.0653444645580263
2019-01-02,0.005677310952803421,1.0654012444249787
2019-01-03,0.030253022397691513,1.0657038392400817
2019-01-04,0.0038614367418741864,1.0657424492940715
2019-01-07,-0.006832779552286303,1.0656741244100976
2019-01-08,0.0013875277053140907,1.0656879994198
2019-01-09,-0.001366214985132304,1.0656743358250795
2019-01-10,-0.024171294726201376,1.065432605406387
2019-01-11,0.0008273404544381587,1.0654408797488117
2019-01-14,-0.028309113797272058,1.0651577679805952
2019-01-15,-0.016489094143470443,1.0649928612429844
2019-01-16,0.023412910074660873,1.0652269906135112
2019-01-17,0.003207780579331503,1.0652590687652244
2019-01-18,-0.01185446950883896,1.0651405185304441
2019-01-22,-0.002851035209335595,1.0651120052590977
2019-01-23,0.007502627849872996,1.0651870382543698
2019-01-24,0.012459558840636622,1.0653116492172197
2019-01-25,0.009435197536431742,1.065406001526455
2019-01-28,-0.004531620077682029,1.0653606836324303
2019-01-29,0.02256590851994069,1.065586371552921
2019-01-30,0.0193447380668903,1.0657798484677667
2019-01-31,0.0195755493437426,1.0659756427311515
2019-02-01,0.0062530503821192854,1.06603816861024
2019-02-04,-0.003273103931970505,1.0660054374203933
2019-02-05,0.024060310178619464,1.066246062182411
2019-02-06,-0.009486029683232759,1.06615119433505
2019-02-07,-0.00857906772260643,1.0660653946595129
2019-02-08,0.021751763463991037,1.066282935565518
2019-02-11,0.00034236697483384834,1.0662863592732323
2019-02-12,0.003269358208539288,1.0663190543842502
2019-02-13,-0.017689047197249393,1.0661421628469638
2019-02-14,0.0018962446546142643,1.066161127497262
2019-02-15,0.01320988146613188,1.0662932336449995
2019-02-19,0.006423856565942957,1.066357477135011
2019-02-20,0.001136888952173715,1.0663688467171553
2019-02-21,-0.028493401924817148,1.0660839081347941
2019-02-22,0.011593386760758231,1.0661998575802971
2019-02-25,0.005462039837797121,1.066254479667132
2019-02-26,-8.415362517140803e-05,1.0662536380241763
2019-02-27,-0.02723355746271889,1.0659812965780588
2019-02-28,-0.031085169273737646,1.065670438195639
2019-03-01,-0.020631459332016176,1.0654641262204458
2019-03-04,0.003259343255506725,1.0654967225366028
2019-03-05,0.00747614327283428,1.0655714892539523
2019-03-06,0.011504506330940703,1.0656865472889998
2019-03-07,0.025652084871446594,1.065943106871904
2019-03-08,0.022640878599981415,1.0661695347943974
2019-03-11,0.0103969234987298,1.0662735086226593
2019-03-12,0.02082539311091602,1.0664817837202853
2019-03-13,-0.0018782694818585235,1.0664630000057687
2019-03-14,-0.025805906363891698,1.0662049279464185
2019-03-15,0.02372402862853223,1.0664421904049561
2019-03-18,0.005976897624987193,1.0665019620669398
2019-03-19,-0.005464137921073483,1.066447318451189
2019-03-20,0.031102458684776336,1.0667584014899676
2019-03-21,0.014382593865199977,1.0669022350171182
2019-03-22,0.043079832214330184,1.0673331294117867
2019-03-25,0.02082887752928671,1.0675414495274598
2019-03-26,0.002270042789672683,1.0675641518655412
2019-03-27,0.025090048225992576,1.0678150763834753
2019-03-28,0.013300370981200928,1.0679480849694902
2019-03-29,0.011380877542756495,1.0680618953905932
2019-04-01,-0.043502038027115546,1.0676269056038488
2019-04-02,-0.0028687613293484114,1.0675982158509125
2019-04-03,-0.02072607913842836,1.0673909532257857
2019-04-04,-0.0002808673935260953,1.0673881443481397
2019-04-05,0.0101595377577922,1.067489745874828
2019-04-08,-0.00033873394578522544,1.0674863584215872
2019-04-09,0.0001722362533559043,1.0674880809273783
2019-04-10,0.019194836880908884,1.067680049361478
2019-04-11,-0.003402527423934349,1.0676460236999727
2019-04-12,-0.008720078656167982,1.0675588271237346
2019-04-15,-0.00792737765833273,1.0674795493426326
2019-04-16,-0.020663306687770857,1.0672729148695321
2019-04-17,-0.01209398692202652,1.0671519672904655
2019-04-18,0.0070699106561670335,1.0672226730703198
2019-04-22,-0.011502568947550001,1.0671076441952478
2019-04-23,0.003658381661213541,1.067144232935791
2019-04-24,0.021939468550502113,1.0673636552673091
2019-04-25,0.00930277233674103,1.0674566866253792
2019-04-26,0.016527552192103855,1.067621983080361
2019-04-29,-0.015798337563244315,1.067463996248386
2019-04-30,-0.016377600498594855,1.0673001983347536
2019-05-01,0.02517126973803338,1.06755190734497
2019-05-02,-0.016651296519109456,1.0673853955742587
2019-05-03,0.01427680874954218,1.067528175059696
2019-05-06,0.007750484106920384,1.0676056893159143
2019-05-07,0.006589653025937323,1.06767159350367
2019-05-08,0.010165241992594002,1.0677732471871346
2019-05-09,0.0008941918481567024,1.0677821899098656
2019-05-10,0.0010954464729615776,1.0677931450529994
2019-05-13,-0.005762286158878926,1.0677355118251664
2019-05-14,0.016897537021919314,1.0679044945597849
2019-05-15,0.0161948659844031,1.0680664623463783
2019-05-16,-0.00417743037445531,1.0680246875106911
2019-05-17,0.0034689040420251118,1.0680593781789802
2019-05-20,-0.015521708574283472,1.0679041573667711
2019-05-21,0.007631235232979323,1.0679804694372785
2019-05-22,0.016544471133473466,1.068145930216486
2019-05-23,0.015776198321480587,1.0683037236992903
2019-05-24,0.015266844521147332,1.0684563990492155
2019-05-28,0.00645724467620307,1.0685209802216216
2019-05-29,-0.002580691727769542,1.068495170950413
2019-05-30,0.030431321960922863,1.0687995160092194
2019-05-31,0.04417922276205456,1.0692414037868188
2019-06-03,0.0033032309876725586,1.0692744443211526
2019-06-04,-0.000844848400289338,1.0692659957069657
2019-06-05,-0.02751441224947234,1.0689908199288782
2019-06-06,0.009360230951955434,1.0690844202707148
2019-06-07,0.025406179782564098,1.069338516993223
2019-06-10,-0.014625777735760617,1.0691922632579418
2019-06-11,-0.0027453896726850192,1.0691648086299352
2019-06-12,0.0026227778391697894,1.0691910394509185
2019-06-13,0.021734023127268142,1.0694084046294063
2019-06-14,-0.0028558687266835936,1.069379843880423
2019-06-17,-0.0009180121349227303,1.0693706634381799
2019-06-18,0.03660042687268023,1.0697366979337495
2019-06-19,0.02336240639155305,1.069970373788867
2019-06-20,0.022069448234969338,1.0701910935814984
2019-06-21,-0.02201536947234246,1.0699709407184217
2019-06-24,0.012870641638192471,1.0700996584305773
2019-06-25,-0.004529860122183157,1.0700543555146065
2019-06-26,-0.014588095851436396,1.06990848024909
2019-06-27,0.024969191929474645,1.0701581996838492
2019-06-28,0.0063029840315932855,1.0702212313901203
2019-07-01,0.01812848409078133,1.0704025223900648
2019-07-02,0.01531638006567756,1.0705557052850927
2019-07-03,0.027201193432110568,1.070827737075315
2019-07-05,-0.016306757265451156,1.0706646899669667
2019-07-08,-0.0025242992997546528,1.0706394471442875
2019-07-09,0.0014818788824154008,1.0706542662282168
2019-07-10,-0.016723090137737723,1.070487008978249
2019-07-11,-0.04932801403428448,1.069993733198602
2019-07-12,-0.011573440662040963,1.0698779867077526
2019-07-15,0.027874384951693545,1.0701567386617983
2019-07-16,-0.0012984813481461735,1.0701437536608214
2019-07-17,0.01452626946370838,1.070289039167155
2019-07-18,0.0022823558643072666,1.0703118665699933
2019-07-19,0.0056275071348801985,1.0703681397811047
2019-07-22,0.01164136280882349,1.0704845633509195
2019-07-23,-0.01339474447955347,1.0703506088197992
2019-07-24,0.018239341606888226,1.0705330129407555
2019-07-25,-0.00936008111852007,1.0704394113350397
2019-07-26,0.007121886238819886,1.0705106317127326
2019-07-29,0.002890641690068907,1.0705395402390347
2019-07-30,-0.002951890915328548,1.070510019548867
2019-07-31,0.006764301919317262,1.0705776660077313
2019-08-01,0.06948658398352286,1.0712727342929693
2019-08-02,0.021402100554617887,1.0714867738286615
2019-08-05,0.03279783156561683,1.071814827319638
2019-08-06,0.04767967146702823,1.0722916668324076
2019-08-07,0.002382149061986289,1.0723154897912475
2019-08-08,0.01717277776400055,1.0724872263189993
2019-08-09,-0.0041154408922777245,1.0724460719177518
2019-08-12,0.03331439831570356,1.0727792646523644
2019-08-13,0.012507705421453299,1.072904336382212
2019-08-14,0.037938685337919095,1.0732837647623472
2019-08-15,0.045665789816732465,1.0737405201702135
2019-08-16,-0.0025726095241216163,1.0737147922313532
2019-08-19,-0.02748432093121228,1.073439953129834
2019-08-20,0.01366381557608558,1.0735766099282755
2019-08-21,0.010658576593998794,1.0736831955553234
2019-08-22,-0.030427914443870763,1.073378915170831
2019-08-23,0.0261611160138263,1.073640571159658
2019-08-26,0.006766076382206574,1.0737082342841038
2019-08-27,0.032941988807144516,1.074037697664652
2019-08-28,0.008658495600888685,1.0741242882485855
2019-08-29,0.0010567079022619902,1.0741348555169417
2019-08-30,0.006151531256575557,1.0741963757936124
2019-09-03,-0.017028695574562058,1.0740260705353242
2019-09-04,0.011382219362304897,1.0741399046260125
2019-09-05,-0.02696988882107015,1.0738702337142685
2019-09-06,0.01015197580151368,1.0739717572766048
2019-09-09,-0.04393103229428774,1.0735324657832188
2019-09-10,-0.06345105218307506,1.0728980239566575
2019-09-11,-0.008379077096123832,1.0728142321877363
2019-09-12,-0.00918410050007652,1.0727223938151789
2019-09-13,-0.0721442768949714,1.072001004634896
2019-09-16,-8.931258570351229e-05,1.0720001113907638
2019-09-17,0.01210302232721713,1.0721211545848193
2019-09-18,0.020782484281024523,1.0723289925366253
2019-09-19,0.027746044145906194,1.0726064694796236
2019-09-20,0.05590869319439381,1.0731656129701914
2019-09-23,0.007731193503493887,1.0732429336272415
2019-09-24,0.01931217662077562,1.073436087053734
2019-09-25,-0.02206134066227508,1.073215495660877
2019-09-26,0.006410038759065208,1.0732796022294644
2019-09-27,0.01826203740119001,1.0734622354841206
2019-09-30,-0.001539599945177663,1.0734468380445348
2019-10-01,-0.00012723382409251478,1.0734455654944248
2019-10-02,-0.023977523451629276,1.073205743974467
2019-10-03,0.011699057554736188,1.0733227622006942
2019-10-04,0.03678035329604792,1.07369058052226
2019-10-07,-0.017680760947110276,1.073513775971293
2019-10-08,-0.014761996448701617,1.0733661408352686
2019-10-09,0.0047516204378019854,1.0734136564588792
2019-10-10,-0.032156889235210546,1.0730921025762123
2019-10-11,-0.03538355072560498,1.0727382905712315
2019-10-14,0.01609570495781725,1.0728992554923567
2019-10-15,-0.035130818381320345,1.0725479503406787
2019-10-16,0.0042408408151607445,1.0725903631494635
2019-10-17,-0.005516336956771791,1.0725351963208318
2019-10-18,-0.00080069931942863,1.0725271885844676
2019-10-21,-0.028784043010292085,1.0722393519971924
2019-10-22,0.008316836843573809,1.072322526875781
2019-10-23,0.015866603258610525,1.0724812012077773
2019-10-24,0.006795089128275468,1.0725491560768565
2019-10-25,-0.008592966789046409,1.0724632263590137
2019-10-28,-0.018300369933689723,1.0722802280317973
2019-10-29,-0.005980801450075368,1.0722204169114147
2019-10-30,0.02164935199182555,1.0724369412098045
2019-10-31,0.03167508336209184,1.0727537578198745
2019-11-01,0.01973025304480976,1.0729510683007588
2019-11-04,-0.009375934341553472,1.0728573137446902
2019-11-05,-0.04104926703547607,1.0724468417574937
2019-11-06,-0.004123622069238964,1.0724056010488303
2019-11-07,-0.04506025888925466,1.0719550342202722
2019-11-08,-0.026443200328889853,1.0716905873462086
2019-11-11,-0.00452690443561448,1.0716453160152164
2019-11-12,0.01456733053251464,1.0717909978424671
2019-11-13,0.014092564668727091,1.0719319412626611
2019-11-14,0.036434846455940376,1.0722963315679255
2019-11-15,0.005882392399862585,1.0723551577574895
2019-11-18,0.012996938421414863,1.0724851433068963
2019-11-19,0.013459843230429105,1.0726197504076946
2019-11-20,0.039784375669779375,1.0730176211577418
2019-11-21,0.0008609046397539512,1.0730262302159077
2019-11-22,0.01148904629686881,1.0731411250051706
2019-11-25,0.015244138804898758,1.0732935764088074
2019-11-26,0.01477874222361068,1.073441378822204
2019-11-27,-0.0009831487516811653,1.0734315473767801
2019-11-29,-0.030205237756621595,1.073129471137504
2019-12-02,-0.024297408847082872,1.0728864869787669
2019-12-03,0.03351889088893497,1.0732217372485615
2019-12-04,-0.005388572069022686,1.0731678509497335
2019-12-05,-0.007525620739420321,1.0730925949953742
2019-12-06,-0.012671305095013375,1.0729658825202657
2019-12-09,0.0009009654646718973,1.0729748927359772
2019-12-10,0.0100020354499489,1.0730749123281846
2019-12-11,0.02083326390658771,1.0732832753382404
2019-12-12,-0.03232616718431763,1.072960035589771
2019-12-13,0.02455143990322091,1.0732055907490292
2019-12-16,-0.007234100383681117,1.0731332508938667
2019-12-17,-0.005061855778519684,1.0730826292280533
2019-12-18,-0.03673778825064151,1.0727152295598246
2019-12-19,-0.0035060774544623304,1.0726801655388205
2019-12-20,0.015491274654805902,1.072835078791665
2019-12-23,-0.005359223457299084,1.0727814845318702
2019-12-24,0.0060091401622571605,1.0728415819025696
2019-12-26,0.01674012491094067,1.0730089921947192
2019-12-27,0.004763621350158054,1.0730566347972925
2019-12-30,-0.012123339897923038,1.0729353884272104
2019-12-31,-0.037993664580094705,1.0725554373722572
2020-01-02,0.022212259870998025,1.0727775819979908
2020-01-03,0.039997049811710685,1.0731775974570545
2020-01-06,0.004684626616708023,1.0732244451306212
2020-01-07,-0.021103488422361216,1.0730133965188253
2020-01-08,-0.012029037320950606,1.0728931060034215
2020-01-09,0.012305751378523624,1.0730161702079366
2020-01-10,0.02295322408153495,1.0732457216673008
2020-01-13,0.005060823272797305,1.0732963308805508
2020-01-14,0.011895342071141604,1.0734152919395812
2020-01-15,0.019786989570476827,1.0736131785615817
2020-01-16,0.007892979245452455,1.0736921118620693
2020-01-17,-0.019400768239877953,1.0734980929433238
2020-01-21,0.022000158225892196,1.0737181221681236
2020-01-22,0.003987824458857509,1.0737580043115682
2020-01-23,0.010004893373242976,1.073858063625075
2020-01-24,0.025072003620006524,1.0741088056239017
2020-01-27,0.03212538250572095,1.0744301084685057
2020-01-28,0.007782597900034706,1.0745079351142595
2020-01-29,0.011572176075590685,1.074623674738332
2020-01-30,0.007019879555214756,1.0746938770531944
2020-01-31,0.014140269111115614,1.0748353066878835
2020-02-03,0.002374601516404903,1.074859053826078
2020-02-04,-0.026405068234645994,1.0745950184105493
2020-02-05,-0.017039444642086662,1.0744246268219644
2020-02-06,0.005520468193024854,1.0744798339654222
2020-02-07,0.02353912511412894,1.0747152603008534
2020-02-10,0.016939783886324375,1.0748846735785256
2020-02-11,-0.002414969451907496,1.0748605237961886
2020-02-12,-0.005008188309279084,1.0748104420865605
2020-02-13,0.003694854075354619,1.0748473932329308
2020-02-14,0.005357501385426624,1.0749009736773347
2020-02-18,0.014704340372822602,1.075048029912477
2020-02-19,0.0064687528583785,1.0751127192648855
2020-02-20,0.026717817471585036,1.0753799235882544
2020-02-21,0.021303093520331648,1.0755929818402825
2020-02-24,0.015666178397230567,1.0757496782726512
2020-02-25,0.01809918481763091,1.075930692084225
2020-02-26,-0.021279158172053565,1.0757178816528603
2020-02-27,-0.02755384293674707,1.0754423037360992
2020-02-28,0.05382099835025228,1.075980667805134
2020-03-02,-0.0032956975089670345,1.0759477070230494
2020-03-03,0.03390161443655665,1.0762868411091275
2020-03-04,-0.025396181889933103,1.0760328399576813
2020-03-05,0.029284448650119106,1.076325718115262
2020-03-06,0.10736944201871117,1.0773995671175916
2020-03-09,0.01117535033302092,1.077511326148714
2020-03-10,-0.0955951025150382,1.0765556522809785
2020-03-11,-0.2050218606859284,1.0745058713856621
2020-03-12,-0.6977361690496677,1.0675295651187353
2020-03-13,0.08877756380325526,1.06841729058265
2020-03-16,0.40039341907657533,1.0724199703725978
2020-03-17,-0.27879739743836934,1.0696324479674006
2020-03-18,-0.5515906718329645,1.0641201502681417
2020-03-19,0.5163275999399323,1.069277560909629
2020-03-20,-0.040219719926247156,1.068874847711617
2020-03-23,0.2228748510138929,1.0711052708548066
2020-03-24,0.14188567936636737,1.072524596068743
2020-03-25,0.06082994633525304,1.07313327893934
2020-03-26,0.07741180027336018,1.0739074465352303
2020-03-27,0.10680977742722504,1.0749755466774389
2020-03-30,0.013166479170782168,1.0751072336467953
2020-03-31,-0.09217345376885056,1.0741852719759877
2020-04-01,-0.042602861453668144,1.073759279447776
2020-04-02,-0.013627963354829542,1.0736229811690134
2020-04-03,0.04982679917231739,1.0741212004311365
2020-04-06,0.06722098915903701,1.0747935071815728
2020-04-07,0.02690988131939474,1.0750626368059124
2020-04-08,-0.011656126181523714,1.0749460539728246
2020-04-09,0.11014325187084699,1.0760479359865107
2020-04-13,-0.03478002415427176,1.0757001251654734
2020-04-14,-0.023107607223849875,1.075469019318511
2020-04-15,0.03620367161574638,1.0758311113079526
2020-04-16,0.038298958401947455,1.0762141139859658
2020-04-17,-0.011420805864273659,1.0760998994468947
2020-04-20,-0.003553834881606629,1.0760643624408928
2020-04-21,0.009806522228372024,1.0761624310879534
2020-04-22,0.011546439597788128,1.0762778974031086
2020-04-23,0.028087046006810504,1.0765587969642094
2020-04-24,0.008114639906576225,1.0766399451621198
2020-04-27,-0.07089425484979149,1.0759309801773425
2020-04-28,0.0438615306780497,1.0763696202975581
2020-04-29,-0.00461302850259128,1.0763234828618469
2020-04-30,-0.03422357844989982,1.0759812325952423
2020-05-01,-0.01232736209766274,1.0758579513012845
2020-05-04,0.008704570370045192,1.0759450021452521
2020-05-05,-0.0061034634521235235,1.0758839653961658
2020-05-06,-0.07168717480960828,1.075167052938438
2020-05-07,0.022888026585688497,1.0753959521392822
2020-05-08,-0.04480271440013595,1.0749478906280339
2020-05-11,-0.05016413704675186,1.0744462472804002
2020-05-12,0.009516555624720726,1.0745414241228135
2020-05-13,0.019194404896302066,1.074733386519963
2020-05-14,0.05507291447602254,1.0752841496230423
2020-05-15,0.016895501776060494,1.0754531186610476
2020-05-18,-0.008738978094184459,1.0753657277805817
2020-05-19,-0.001260087342635884,1.0753531255070288
2020-05-20,0.029607119739377342,1.0756492271601572
2020-05-21,0.04092364505927745,1.0760584563277689
2020-05-22,0.002685591685464997,1.0760853151611638
2020-05-26,-0.03083130616785983,1.075776980302411
2020-05-27,0.011279067911291555,1.0758897786133657
2020-05-28,-0.023534743707098394,1.0756544059217183
2020-05-29,0.024628079204267402,1.0759007119411037
2020-06-01,-0.011644138228415871,1.075784260346997
2020-06-02,0.013192183452056923,1.0759161881252213
2020-06-03,-0.029086546423268262,1.0756253175259096
2020-06-04,-0.04759986958326614,1.0751493152621012
2020-06-05,0.011919313844588384,1.0752685072764565
2020-06-08,0.0176746017504045,1.0754452641245793
2020-06-09,0.019973841036844273,1.0756450174984222
2020-06-10,0.03944208933655224,1.0760395092962844
2020-06-11,0.004359724360185166,1.076083105691461
2020-06-12,0.020572506934854705,1.0762888382640454
2020-06-15,0.017850820211566004,1.07646738367621
2020-06-16,-0.016862149986372112,1.0762987583348576
2020-06-17,-0.01903181344376806,1.0761084310969857
2020-06-18,0.016122719855559752,1.0762696637571425
2020-06-19,0.005894954382510367,1.0763286171133937
2020-06-22,-0.004800095901240507,1.076280613315335
2020-06-23,-0.006383397672471308,1.0762167755917924
2020-06-24,-0.0068414473804334274,1.076148357104382
2020-06-25,0.018044131417059548,1.0763288075659243
2020-06-26,0.018502778883727734,1.0765138490389734
2020-06-29,0.012923145253031244,1.0766430902871436
2020-06-30,0.01134051467945963,1.076756504041904
2020-07-01,0.007374164423729338,1.07683025081764
2020-07-02,0.008919291421599918,1.076919452588859
2020-07-06,0.011999112429155556,1.0770394454077834
2020-07-07,0.02240691525220949,1.077263530481432
2020-07-08,0.00500607853857018,1.0773135930571605
2020-07-09,0.04537163436042667,1.0777673315735257
2020-07-10,-0.007028074793152935,1.0776970473176457
2020-07-13,-0.005582175172235853,1.0776412223317062
2020-07-14,0.018801158562092482,1.0778292479258316
2020-07-15,0.004533903556970201,1.0778745896787383
2020-07-16,0.008247303313636106,1.0779570682097215
2020-07-17,0.014954007408025894,1.0781066183265033
2020-07-20,0.024757230435859683,1.0783542013886935
2020-07-21,0.0059597024232581515,1.0784138037287796
2020-07-22,0.013605363693716873,1.0785498656742152
2020-07-23,0.03227236698758271,1.0788725955167981
2020-07-24,0.0034759836766695773,1.0789073570062317
2020-07-27,-0.005926025895560077,1.07884809473796
2020-07-28,0.005234589992199972,1.0789004440206453
2020-07-29,0.008092585985290826,1.0789813778789927
2020-07-30,0.006233295498855008,1.0790437161687665
2020-07-31,-0.004271994651140814,1.079000991933565
2020-08-03,0.00758567513573407,1.0790768521791276
2020-08-04,0.02574060775483024,1.0793342792160172
2020-08-05,-0.014172022400120077,1.0791925571685188
2020-08-06,0.013363938825554056,1.0793262060225597
2020-08-07,-0.007187784609835544,1.0792543267435923
2020-08-10,-0.024035047849940316,1.0790139591047399
2020-08-11,-0.03367792448994431,1.0786771865006115
2020-08-12,-0.03905552052563638,1.0782866201359154
2020-08-13,-0.06028441136597956,1.0776837756869617
2020-08-14,-0.0413596517294433,1.0772701469650856
2020-08-17,0.011059061551567355,1.0773807433558158
2020-08-18,0.014146354076680034,1.077522220744086
2020-08-19,-0.028062746004815054,1.0772415715026737
2020-08-20,0.02185808186719039,1.077460163731388
2020-08-21,0.027511191587910395,1.0777352850828914
2020-08-24,0.002858930779787036,1.0777638755580572
2020-08-25,-0.023726715010683727,1.0775266061496778
2020-08-26,-0.016073996124399977,1.0773658548314646
2020-08-27,-0.05847049606953769,1.0767811289583282
2020-08-28,-0.00677707084262289,1.076713351708785
2020-08-31,0.028491003523594422,1.0769982838301606
2020-09-01,0.03279875950876414,1.0773263005222085
2020-09-02,0.043245066264768976,1.0777587741402472
2020-09-03,0.01862234584404092,1.077945005480623
2020-09-04,-0.06100010487269085,1.0773350130938977
2020-09-08,-0.0009041020012777588,1.0773259715961883
2020-09-09,-0.008228868161337081,1.0772436768173852
2020-09-10,0.0012973023932286126,1.07725665041136
2020-09-11,0.013694653181321553,1.0773936069911825
2020-09-14,0.005283085544652885,1.0774464405865658
2020-09-15,0.0007175637100895281,1.0774536166407138
2020-09-16,-0.008306932267508943,1.0773705431106382
2020-09-17,0.008450961924631614,1.0774550549453854
2020-09-18,-0.01749609687128354,1.0772800855590607
2020-09-21,0.00445408239871662,1.0773246275405377
2020-09-22,0.007491077276845757,1.0773995437037944
2020-09-23,-0.022518528751205098,1.0771743557079574
2020-09-24,0.0016192612852861414,1.0771905486945363
2020-09-25,0.006148690017177771,1.077252038537521
2020-09-28,-0.001490783498642611,1.0772371290111278
2020-09-29,0.00024787756295556636,1.077239607942837
2020-09-30,-0.02693940692584336,1.0769702001250865
2020-10-01,0.013497379328245697,1.077105181651313
2020-10-02,-0.006723037719639725,1.0770379494815823
2020-10-05,-0.051764499425327064,1.0765202877880808
2020-10-06,0.00841664920284543,1.076604455688309
2020-10-07,-0.006870339855885407,1.0765357495851868
2020-10-08,0.015117311027818736,1.0766869325389814
2020-10-09,0.0019965273672023606,1.0767068993120377
2020-10-12,0.03117421754846459,1.077018660167128
2020-10-13,0.002150303771621002,1.0770401651530208
2020-10-14,0.012745761701809218,1.077167628545544
2020-10-15,-0.00627494756337887,1.0771048769554727
2020-10-16,-0.01467752721045182,1.076958092195728
2020-10-19,-0.011011632921535277,1.076847975492423
2020-10-20,-0.01955360038621485,1.0766524288791521
2020-10-21,-0.025518093058125798,1.076397235102188
2020-10-22,-0.03286771468347113,1.0760685467510276
2020-10-23,0.010681221360620056,1.0761753658731201
2020-10-26,0.025873576311335217,1.0764341148761005
2020-10-27,0.03926403834131856,1.076826784303153
2020-10-28,-0.01315913899697371,1.0766951860822376
2020-10-29,-0.01843011399645967,1.0765108859704815
2020-10-30,-0.044449889833300275,1.0760663774370913
2020-11-02,0.014156713447006239,1.0762079532493898
2020-11-03,0.0011927503566754618,1.0762198811700254
2020-11-04,0.08337807168544835,1.0770537889793448
2020-11-05,0.0413543419168355,1.077467353153438
2020-11-06,-0.01881475158309895,1.0772792007237086
2020-11-09,-0.06204943526597475,1.0766587260238165
2020-11-10,-0.036009044909608434,1.0762986314054104
2020-11-11,-0.01323572695740565,1.0761662615839886
2020-11-12,0.05765413003039926,1.0767428521675844
2020-11-13,0.01691663896795491,1.0769120288494909
2020-11-16,-0.0010305475439229487,1.0769017226854445
2020-11-17,0.029583300791931205,1.0771975755894128
2020-11-18,0.02410288739398613,1.0774386130110483
2020-11-19,0.03373165697679174,1.0777759514252805
2020-11-20,0.022186704087553494,1.077997833353112
2020-11-23,0.002000379518650451,1.0780178381757635
2020-11-24,-0.02653654598527699,1.0777524551945974
2020-11-25,-0.013170924070411165,1.077620739200091
2020-11-27,0.018148351441710005,1.0778022361453055
2020-11-30,0.023461935563046116,1.078036871406285
2020-12-01,-0.033922154008353314,1.0776976480939324
2020-12-02,-0.023732168694181367,1.0774603191695202
2020-12-03,0.004336712301936497,1.077503691157393
2020-12-04,-0.042235970635972925,1.077081311590882
2020-12-07,0.009410786340509765,1.0771754256357648
2020-12-08,0.004075366528044344,1.077216181389688
2020-12-09,-0.012175926605733597,1.0770944208759607
2020-12-10,0.020443154212810316,1.0772988750237682
2020-12-11,0.013349633845318122,1.077432383989445
2020-12-14,0.0003450012744507406,1.0774358341046106
2020-12-15,0.005700132973248058,1.0774928390988048
2020-12-16,-0.005503439665576249,1.0774378018877557
2020-12-17,-0.0022693747232771584,1.0774151070037035
2020-12-18,-0.013553008287661157,1.0772795679898723
2020-12-21,0.0005387932560031747,1.0772849561130624
2020-12-22,0.020009004160528962,1.0774850591059497
2020-12-23,-0.010558324931425228,1.0773794686022837
2020-12-24,0.006137191133273131,1.0774408451371384
2020-12-28,0.008928414716050609,1.07753013251087
2020-12-29,0.001004573708542295,1.077540178898717
2020-12-30,0.010241443492886377,1.0776425985749516
2020-12-31,0.006942920132656342,1.0777120334628574
2021-01-04,-0.01718568857138282,1.0775401689139343
2021-01-05,-0.013183517898000135,1.0774083313926082
2021-01-06,-0.0690335868997362,1.0767180067246136
2021-01-07,-0.03445411040741236,1.0763734529524898
2021-01-08,-0.021051280278734024,1.0761629365517649
2021-01-11,-0.03321006111919062,1.0758308202032825
2021-01-12,0.0028133326484175033,1.0758589551549296
2021-01-13,0.04290177110663756,1.0762880116688924
2021-01-14,-0.018660638274826814,1.0761013968414461
2021-01-15,0.014113460336661096,1.0762425373236735
2021-01-19,0.020318992764073073,1.0764457421353213
2021-01-20,0.004974003622578923,1.0764954851469353
2021-01-21,-0.029464762201964693,1.076200815531521
2021-01-22,0.00042024533773362695,1.0762050180695109
2021-01-25,0.02993422263058339,1.0765043888406336
2021-01-26,0.007086371436199744,1.0765752552269092
2021-01-27,-0.000940784224681388,1.0765658467738293
2021-01-28,-0.0029651378790659377,1.0765361948214123
2021-01-29,-0.028156942650121582,1.0762546030351448
2021-02-01,0.006798402866836534,1.076322590947404
2021-02-02,-0.021700556435498182,1.076105576137998
2021-02-03,-0.019655809581238515,1.0759090130243794
2021-02-04,-0.014901179345197505,1.0757599928869999
2021-02-05,-0.027957099715107837,1.0754804055432945
2021-02-08,0.009377045814411683,1.075574180753382
2021-02-09,0.007644792288434669,1.0756506331116387
2021-02-10,0.013584239428527788,1.0757864845473417
2021-02-11,-0.018451468299108115,1.0756019589271821
2021-02-12,-0.037494527710640574,1.075227003576949
2021-02-16,-0.07468903294063897,1.0744801189336095
2021-02-17,0.007821236140496447,1.0745583360948676
2021-02-18,-0.008632004158264928,1.0744720109731134
2021-02-19,-0.0436364581766075,1.0740356416470531
2021-02-22,-0.058020789934069776,1.0734554204302011
2021-02-23,-0.01635595884448423,1.0732918504046005
2021-02-24,-0.006073017552937007,1.0732311180948904
2021-02-25,-0.08670252709865725,1.072364272538702
2021-02-26,0.08527279872978716,1.0732171077219608
2021-03-01,0.0013080428149651352,1.0732301895536671
2021-03-02,-0.00546346975135534,1.0731755501257665
2021-03-03,-0.04325629782966791,1.0727429954324492
2021-03-04,-0.040902095223986336,1.0723339858156167
2021-03-05,-0.018927600478419106,1.0721447045561785
2021-03-08,-0.03436794156792348,1.0718010555605877
2021-03-09,0.04048409969204303,1.0722059318870658
2021-03-10,0.026192100887833147,1.072467879415873
2021-03-11,-0.007223080013511697,1.0723956412277027
2021-03-12,-0.08021638114158126,1.0715934855148053
2021-03-15,-0.009318968024896446,1.071500290123864
2021-03-16,-0.015088060090701141,1.0713493982058062
2021-03-17,-0.018856630729615995,1.0711608130118602
2021-03-18,-0.050689193095547556,1.0706539303428453
2021-03-19,0.003394458348317696,1.0706878758936813
2021-03-22,0.029114986946852557,1.0709790445003238
2021-03-23,0.03569061240920692,1.0713359889402836
2021-03-24,0.030683118308587925,1.0716428368674267
2021-03-25,-0.008931858930943773,1.0715535109102623
2021-03-26,-0.019582077038454777,1.0713576877006412
2021-03-29,-0.026999237796326996,1.071087689134121
2021-03-30,0.012233674389329234,1.0712100287824289
2021-03-31,0.008591810612735597,1.0712959503145958
2021-04-01,0.05464000086116771,1.0718423855428314
2021-04-05,-0.009722307489098332,1.071745160623922
2021-04-06,0.03425897802518133,1.0720877942577454
2021-04-07,-0.02338918824863163,1.0718538835960367
2021-04-08,0.02583129478496497,1.0721122183820149
2021-04-09,0.0013114174702637837,1.0721253326167248
2021-04-12,0.0025395762793584426,1.0721507289450112
2021-04-13,0.03386565556608237,1.0724894207358844
2021-04-14,-0.001462677720087948,1.072474793281953
2021-04-15,0.050199399976592,1.072976840433016
2021-04-16,-0.023206248241905505,1.0727447708934779
2021-04-19,-0.019752095113580635,1.0725472403736072
2021-04-20,0.014259950319119113,1.072689850417678
2021-04-21,0.020137913097922008,1.07289124000164
2021-04-22,0.003494708527566952,1.0729261896800946
2021-04-23,0.00024596426446744875,1.0729286494308112
2021-04-26,-0.010183166799457716,1.072826814355085
2021-04-27,-0.03738525567923505,1.072452952583739
2021-04-28,-0.008299235157722165,1.0723699542546132
2021-04-29,-0.011148687458825093,1.0722584616098831
2021-04-30,0.010087597152197807,1.0723593442593857
2021-05-03,0.01050259706885234,1.0724643767942683
2021-05-04,0.021308479412261633,1.0726774741695992
2021-05-05,0.0038867676789133446,1.0727163459980686
2021-05-06,0.008395316783890052,1.0728003023997998
2021-05-07,-0.015155604680328585,1.0726487316287685
2021-05-10,-0.02410574078703608,1.0724076670507554
2021-05-11,-0.034780653251299865,1.0720598548371412
2021-05-12,-0.055610878989426224,1.0715037465072432
2021-05-13,0.009511834771163144,1.0715988738066846
2021-05-14,0.03655006629178068,1.0719643998905841
2021-05-17,-0.0021966053597938765,1.0719424328809808
2021-05-18,-0.02558612505672719,1.071686554874187
2021-05-19,-0.02204767101178819,1.0714660739296467
2021-05-20,0.038062285591327016,1.0718467331836237
2021-05-21,0.0180811087636739,1.0720275539684079
2021-05-24,0.01687349488409557,1.0721963001060346
2021-05-25,0.03703811359292942,1.0725667121091138
2021-05-26,0.006768791885092693,1.0726344030502988
2021-05-27,-0.012035880793654412,1.0725140411681944
2021-05-28,-0.012143390190561609,1.07239259753972
2021-06-01,-0.0074725699468895694,1.0723178689444446
2021-06-02,0.015525529830013563,1.072473134354284
2021-06-03,-0.01776662236132916,1.0722954704248422
2021-06-04,0.044250052748007675,1.0727380227867263
2021-06-07,0.0029488730349607607,1.0727675129124212
2021-06-08,0.025004056620203104,1.0730175719388613
2021-06-09,0.03627680268034653,1.0733803645931284
2021-06-10,0.0320882531783126,1.0737012790217524
2021-06-11,0.01050714207753271,1.0738063527514736
2021-06-14,-0.0305914754221744,1.0735004331761782
2021-06-15,0.0008754999206289275,1.0735091885191401
2021-06-16,-0.014430439182775751,1.0733648978643149
2021-06-17,0.05518348354723957,1.0739167406142043
2021-06-18,0.06737827844169544,1.0745905389493118
2021-06-21,-0.02475065036866505,1.074343020599787
2021-06-22,-0.004838561331236992,1.074294629855148
2021-06-23,0.0008602601109760492,1.0743032325792257
2021-06-24,0.00827675940612438,1.0743860034126258
2021-06-25,-0.02687752283437665,1.0741172192933288
2021-06-28,0.03182015015783638,1.0744354464981112
2021-06-29,0.013334567470362331,1.0745688013079615
2021-06-30,0.013215685910026625,1.0747009660342577
2021-07-01,-0.0007695748904383112,1.0746932700309686
2021-07-02,0.023030076498798836,1.0749235931071854
2021-07-06,0.04487326670708758,1.0753723751269704
2021-07-07,0.032868162953051665,1.075701085296013
2021-07-08,0.01490445223558448,1.0758501448747677
2021-07-09,-0.03769117558834982,1.0754732308693198
2021-07-12,-0.009817020880145364,1.0753750600287098
2021-07-13,-0.023726850747777202,1.0751377938245035
2021-07-14,0.03240010751456297,1.0754618303808012
2021-07-15,0.04096977544473844,1.075871557121017
2021-07-16,0.0036534556534001234,1.075908092686968
2021-07-19,0.0628134179666319,1.0765363175613576
2021-07-20,-0.0025450708285288184,1.0765108649819468
2021-07-21,-0.04902863641992301,1.0760205649646555
2021-07-22,0.016419923699043965,1.0761847773854885
2021-07-23,-0.00692654357925624,1.0761155083195146
2021-07-26,-0.01640510659112806,1.075951449019081
2021-07-27,0.029978981648202205,1.0762512586278445
2021-07-28,0.015536029316226148,1.0764066318565588
2021-07-29,-0.014254332482667746,1.0762640855869627
2021-07-30,0.010295324461201117,1.0763670470326896
2021-08-02,0.024915192008693084,1.0766162243452253
2021-08-03,0.008383607125738856,1.0767000662954982
2021-08-04,0.011897542799806166,1.076819043105814
2021-08-05,-0.014367760601539254,1.0766753691001913
2021-08-06,-0.061701994216998984,1.0760583615550872
2021-08-09,-0.03687611892871465,1.075689598778657
2021-08-10,-0.019004802702732533,1.0754995511061949
2021-08-11,-0.0025685544029001306,1.0754738631447964
2021-08-12,0.00512666993456589,1.075525131764169
2021-08-13,0.04917750688432967,1.0760169546160099
2021-08-16,0.009356040455337796,1.0761105245530609
2021-08-17,-0.0016035473507322563,1.0760944887261352
2021-08-18,0.009802747019778832,1.076192517731248
2021-08-19,0.03170809313604866,1.076509613652118
2021-08-20,0.008173351605750842,1.0765913518949841
2021-08-23,-0.0020985113554117304,1.0765703653820564
2021-08-24,-0.02078675133882224,1.0763624905369116
2021-08-25,-0.033332079142658684,1.0760291588206696
2021-08-26,-0.005753656057627828,1.0759716199229048
2021-08-27,0.027126809132874716,1.0762429187890976
2021-08-30,0.015452569846789364,1.0763974591852425
2021-08-31,-0.020221339071144123,1.076195234958501
2021-09-01,0.0005448624744208387,1.0762006838397615
2021-09-02,0.015331723302925338,1.076354009929356
2021-09-03,-0.02244879791629843,1.0761295123812822
2021-09-07,-0.03592433119087281,1.0757702714910011
2021-09-08,0.010877759982074789,1.0758790566544023
2021-09-09,0.05004022140491488,1.0763794967312765
2021-09-10,-0.014782482177443833,1.0762316665914262
2021-09-13,0.015348728499470578,1.0763851626134178
2021-09-14,0.03751042425092812,1.0767602918365207
2021-09-15,-0.005318385514767529,1.07670710525188
2021-09-16,-0.019428899289181224,1.076512814315988
2021-09-17,-0.011148972857247863,1.0764013229504266
2021-09-20,0.019891992044103173,1.076600258652787
2021-09-21,0.00844532831666911,1.0766847177096404
2021-09-22,0.02798045055557891,1.0769645163955721
2021-09-23,-0.061481920265494906,1.0763496995637971
2021-09-24,-0.03538734146332675,1.0759958242172467
2021-09-27,-0.028875544279313606,1.0757070600068184
2021-09-28,-0.07163593552215877,1.0749906832619873
2021-09-29,-0.01731167631910672,1.0748175526192374
2021-09-30,-0.007806198563599749,1.0747394865428328
2021-10-01,0.024086643669441535,1.0749803869877728
2021-10-04,0.0061179194822974,1.0750415672241256
2021-10-05,-0.026751783477791533,1.0747740474933525
2021-10-06,0.0041803798119425225,1.0748158525653584
2021-10-07,-0.034711450663505665,1.0744687352430338
2021-10-08,-0.035524400145724194,1.07411348899303
2021-10-11,-0.014455956879200215,1.0739689343866108
2021-10-12,0.04446207600204313,1.0744135959787688
2021-10-13,0.0573290840823894,1.0749869034829296
2021-10-14,0.0417550006556503,1.0754044838056314
2021-10-15,-0.007102646207081137,1.0753334594101156
2021-10-18,0.008423941517640435,1.0754176956750072
2021-10-19,-0.05278022454376233,1.0748898578520418
2021-10-20,-0.031108972766026862,1.0745787471015018
2021-10-21,-0.006502135745911258,1.0745137313738649
2021-10-22,0.02839581539840339,1.0747977029392428
2021-10-25,0.004255122553816953,1.0748402593938138
2021-10-26,0.04095651865078272,1.0752498341415033
2021-10-27,0.06286915616439279,1.0758785660098984
2021-10-28,0.009010354199819303,1.0759686726959699
2021-10-29,0.002576557380176174,1.0759944391086338
2021-11-01,-0.012430790523288838,1.0758701238482045
2021-11-02,0.008034112441408735,1.0759504755749152
2021-11-03,-0.029260916913863365,1.0756578522383706
2021-11-04,0.025290032375110145,1.0759107856766508
2021-11-05,0.05293936807333042,1.0764402478125163
2021-11-08,0.015333078967764749,1.0765935698522213
2021-11-09,0.037702595072905395,1.0769706297734072
2021-11-10,-0.04564060795232705,1.076514295760797
2021-11-11,-0.021482688541080718,1.0762994791942706
2021-11-12,-0.026814277969333923,1.0760313076335517
2021-11-15,-0.0583304680352216,1.0754479948531621
2021-11-16,-0.020152348167042238,1.0752464635204129
2021-11-17,0.02077389531007714,1.0754542228269404
2021-11-18,0.01836087199561386,1.0756378429291606
2021-11-19,0.046430743757303904,1.0761021589025943
2021-11-22,-0.029998071797750343,1.0758022055408418
2021-11-23,-0.07057701747475562,1.0750964195929074
2021-11-24,0.03415266327189423,1.0754379430010537
2021-11-26,0.06436520198144216,1.0760817764919781
2021-11-29,0.0225347235493426,1.0763071428356348
2021-11-30,0.03421171769023005,1.0766492780695078
2021-12-01,0.010216525022484733,1.0767514494518367
2021-12-02,0.0311700250039745,1.0770631299507194
2021-12-03,0.05605511785446795,1.0776237452472166
2021-12-06,-0.02036812268447937,1.0774200694148852
2021-12-07,-0.014302393679365675,1.0772770485471774
2021-12-08,-0.04145488433317326,1.0768624915073748
2021-12-09,-0.010252867127539585,1.076759957957043
2021-12-10,-0.011881369745693005,1.0766411325137855
2021-12-13,0.04425361683457882,1.077083710604054
2021-12-14,-0.008633863338835734,1.0769973708696685
2021-12-15,-0.020138854245201936,1.0767959695629634
2021-12-16,-0.004900599645683492,1.0767469570633164
2021-12-17,0.016950261583126562,1.0769164706534662
2021-12-20,-0.02687646829581214,1.0766476856364364
2021-12-21,0.008164614558380894,1.0767293273691854
2021-12-22,0.005863006549321024,1.0767879622728707
2021-12-23,-0.013120260417001326,1.076656755561471
2021-12-27,0.007351708423067938,1.0767302756113106
2021-12-28,-0.005279589102427482,1.076677477121052
2021-12-29,-0.044892049375773,1.0762285452541092
2021-12-30,0.010743071176841998,1.0763359864095197
2021-12-31,-0.0006171348669783729,1.0763298147794884
2022-01-03,-0.08191884905062652,1.0755106864642843
2022-01-04,-0.03585199369944735,1.0751521374156368
2022-01-05,-0.028549992046224958,1.0748666577058439
2022-01-06,0.0032354846598510317,1.0748990103900056
2022-01-07,-0.043868929823174634,1.074460310491605
2022-01-10,-0.011634756468646477,1.074343964078421
2022-01-11,0.02361231517525557,1.074580101804996
2022-01-12,0.0021794041534206757,1.074601897317319
2022-01-13,0.019235920432380604,1.0747942743449224
2022-01-14,-0.055048048272682934,1.074243832681671
2022-01-18,-0.06608327453088247,1.0735830993284852
2022-01-19,0.006185675123389168,1.0736449607482474
2022-01-20,0.013051483294763105,1.0737754812880886
2022-01-21,0.040494021228534204,1.0741804852078591
2022-01-24,-0.017042483037331246,1.0740100447442313
2022-01-25,-0.007838638454655435,1.0739316580721843
2022-01-26,-0.04528311217546405,1.0734788924987628
2022-01-27,0.05204191189628522,1.0739993121868863
2022-01-28,0.013240524155321294,1.0741317301401834
2022-01-31,0.004503851793735998,1.0741767707019942
2022-02-01,-0.003240419712977327,1.0741443650593139
2022-02-02,-0.0009240371266292338,1.0741351236144632
2022-02-03,-0.04106475199377543,1.0737244944213118
2022-02-04,-0.05897119965928564,1.0731348855652838
2022-02-07,-0.010589644097492369,1.0730289821958903
2022-02-08,-0.0298705372222208,1.0727302890398853
2022-02-09,0.006767083660803106,1.0727979616257646
2022-02-10,-0.05194560795763965,1.0722786775690256
2022-02-11,0.03191869334303254,1.072597946077988
2022-02-14,-0.03901061941114996,1.0722078863131774
2022-02-15,-0.04110292219363161,1.0717968386772063
2022-02-16,-0.014455571785193334,1.0716522635827157
2022-02-17,0.010786794395894975,1.0717601458330577
2022-02-18,0.029283708438472153,1.0720530093641727
2022-02-22,0.010387278256270185,1.0721568798048762
2022-02-23,-0.04283154384523602,1.0717285924368327
2022-02-24,-0.006418119763872388,1.071664402670137
2022-02-25,0.02194058964926288,1.0718838154645716
2022-02-28,0.06808518619039391,1.0725648493554905
2022-03-01,0.05127928642929783,1.0730777954450899
2022-03-02,-0.09566659969322151,1.0721213916303598
2022-03-03,0.020567956347535714,1.072327083030091
2022-03-04,0.050409233984632026,1.0728312432856202
2022-03-07,-0.042726335069614096,1.0724040203930678
2022-03-08,-0.031097616125595327,1.0720930795841168
2022-03-09,-0.02377964863626036,1.0718552924657998
2022-03-10,-0.07158343487141017,1.0711395064655356
2022-03-11,-0.007434479864262322,1.0710651630774712
2022-03-14,-0.10200284774111767,1.0700453328889332
2022-03-15,0.008639570131060561,1.0701317311992478
2022-03-16,0.02650688890128156,1.0703968015717864
2022-03-17,0.031109248329299042,1.070707913827126
2022-03-18,0.04175455833482284,1.0711254878947298
2022-03-21,-0.06672586363370583,1.0704584125952568
2022-03-22,-0.0463161602373513,1.0699952720019876
2022-03-23,0.04235027684474777,1.0704188145893896
2022-03-24,-0.009573098336313408,1.070323084257161
2022-03-25,-0.07253276997746282,1.0695978994055007
2022-03-28,0.04157801957339833,1.0700136595330703
2022-03-29,0.053898371915901536,1.0705527407151674
2022-03-30,0.04255328492324314,1.0709783288649075
2022-03-31,0.0042557882121355695,1.0710208891518853
2022-04-01,0.01098618401206069,1.071130740240481
2022-04-04,0.005716598283020173,1.0711879108772193
2022-04-05,-0.10938425256328292,1.070094258464253
2022-04-06,-0.07444292256209487,1.0693498056061128
2022-04-07,-0.07679606270274415,1.0685817541537568
2022-04-08,-0.06993514471459651,1.0678824614755729
2022-04-11,-0.08576452114096283,1.0670248052758795
2022-04-12,-0.02931013828123033,1.0667316261946087
2022-04-13,0.009257721327659563,1.0668242152957028
2022-04-14,-0.08845784569028964,1.0659397410176086
2022-04-18,-0.06571726653182039,1.0652825732035378
2022-04-19,-0.05425985040315238,1.0647400878967543
2022-04-20,0.05304196906944576,1.065270578712798
2022-04-21,-0.02439689171980453,1.065026645193056
2022-04-22,-0.02807748966028355,1.0647458557969527
2022-04-25,0.06054663228520896,1.0653514535089843
2022-04-26,0.02515408685103573,1.0656030521908553
2022-04-27,-0.040297078330026,1.065200087027163
2022-04-28,0.002925798744685955,1.0652293440186076
2022-04-29,-0.06106724842130322,1.0646187363374477
2022-05-02,-0.08755061042125596,1.0637432709254289
2022-05-03,0.01767194291793713,1.063919994684241
2022-05-04,0.048279787748998236,1.064402934627648
2022-05-05,-0.11708552837911573,1.0632321620573557
2022-05-06,-0.07922817630384521,1.0624399253007748
2022-05-09,0.09553549479388017,1.0633951930968149
2022-05-10,-0.035889607870263775,1.0630361283989025
2022-05-11,0.06403010773753313,1.0636764553555205
2022-05-12,0.01692565722070041,1.0638457410123299
2022-05-13,-0.05127702896190434,1.0633329714008726
2022-05-16,-0.0023549097521605423,1.0633094189577177
2022-05-17,-0.039530158848534724,1.0629141742723307
2022-05-18,0.054070975528802565,1.0634549072367934
2022-05-19,0.02796170514504645,1.063734569962727
2022-05-20,0.035580443169066854,1.0640904266127922
2022-05-23,-0.027019564974812775,1.0638202342240213
2022-05-24,0.04960606204635608,1.064316451306069
2022-05-25,0.06556387819188554,1.0649721826536231
2022-05-26,-0.003549680546053241,1.0649366825776365
2022-05-27,0.012694668129776755,1.0650636426489424
2022-05-31,-0.05744945929208094,1.0644892165453792
2022-06-01,-0.03057756444823439,1.0641834933675298
2022-06-02,0.007962229320279153,1.0642631195953949
2022-06-03,-0.016327346724997197,1.0640998436882345
2022-06-06,-0.07592255375269681,1.06334067555951
2022-06-07,0.03569706084481425,1.0636976697590583
2022-06-08,-0.04282725178309682,1.0632694015935136
2022-06-09,-0.004766655131413225,1.063221737504092
2022-06-10,-0.02964674708761079,1.0629253730342187
2022-06-13,-0.16093796577835193,1.0613167413460645
2022-06-14,-0.08759198017218163,1.060441011920497
2022-06-15,0.060205074766535596,1.0610433120296663
2022-06-16,0.02948637010188794,1.061338230919267
2022-06-17,0.011486479628068643,1.0614531007001204
2022-06-21,-0.05019195880778054,1.0609511831805787
2022-06-22,0.07479519474538843,1.061699322593902
2022-06-23,0.04948958545728795,1.0621943304640118
2022-06-24,-0.012605380881973481,1.062068268530487
2022-06-27,-0.04860236160552848,1.061582276126623
2022-06-28,-0.014244166009818909,1.061439824881834
2022-06-29,0.06264559613929914,1.0620663853012182
2022-06-30,0.04775085359209957,1.0625440067489549
2022-07-01,0.07638137741224504,1.0633080937033208
2022-07-05,0.02519912058840023,1.0635601303477582
2022-07-06,-0.03457914491922589,1.0632144121099074
2022-07-07,-0.036424649323224076,1.0628501712462726
2022-07-08,-0.0362982395487786,1.0624872239523728
2022-07-11,0.05388331213935431,1.0630261061477573
2022-07-12,0.026969461003935612,1.063295827049459
2022-07-13,0.08311988858201652,1.0641270266854626
2022-07-14,-0.021820582058766646,1.0639088224059594
2022-07-15,0.04831783446215935,1.0643920440238412
2022-07-18,-0.031455167099952996,1.0640774867410636
2022-07-19,-0.004046625441008595,1.06403702287193
2022-07-20,-0.015157191111075993,1.0638854433880878
2022-07-21,0.058965512156801125,1.0644752999783595
2022-07-22,0.08039872582583106,1.0652795514372777
2022-07-25,-0.018282604017858244,1.0650967265292772
2022-07-26,-0.003831861768428847,1.0650584068435505
2022-07-27,0.02287955763168235,1.0652872435317025
2022-07-28,0.06191379709289716,1.0659065703408992
2022-07-29,0.016955451832127256,1.0660761383341466
2022-08-01,0.06002228695182954,1.0666763999735982
2022-08-02,-0.07088062647662435,1.0659677867566832
2022-08-03,0.04792620616194466,1.066447072789243
2022-08-04,0.010019884596934486,1.0665472933136098
2022-08-05,-0.09107203846156486,1.0656368426328475
2022-08-08,0.04647604693736961,1.0661016213755639
2022-08-09,-0.0009850758563532554,1.0660917710011466
2022-08-10,0.014199185591988472,1.0662337839389455
2022-08-11,-0.07454738876021066,1.0654882996129018
2022-08-12,0.028494113285367176,1.0657732817434624
2022-08-15,0.015397946053093888,1.0659272781982745
2022-08-16,-0.043563835312188645,1.0654915776903515
2022-08-17,-0.02610340556360507,1.065230613564492
2022-08-18,0.005320825501215055,1.0652838277889758
2022-08-19,-0.0916196489775308,1.064367669720898
2022-08-22,-0.06645835564989641,1.0637031401898136
2022-08-23,-0.03037799839629855,1.0633993428967918
2022-08-24,-0.027895769160411695,1.063120398281691
2022-08-25,0.05477135527432817,1.0636681979495675
2022-08-26,-0.02062268491310814,1.0634619553349076
2022-08-29,-0.038303336337037364,1.063078973276851
2022-08-30,0.02019026498770153,1.0632808758096932
2022-08-31,-0.06350502943991551,1.0626458472282307
2022-09-01,-0.07713085913889058,1.0618745480483571
2022-09-02,0.0009260144060912905,1.06188380951649
2022-09-06,-0.11181280218081222,1.0607658166206893
2022-09-07,0.05435090432330571,1.061309408295203
2022-09-08,-0.03390357580435077,1.0609703587964534
2022-09-09,0.005096290551054773,1.0610213210283694
2022-09-12,-0.01455326698508545,1.0608757870423628
2022-09-13,-0.04046371275883316,1.06047122170667
2022-09-14,0.03194450909489982,1.060790650937829
2022-09-15,-0.02788761021359676,1.0605117782465534
2022-09-16,-0.02474790640543497,1.06026428361513
2022-09-19,-0.006711535526532889,1.0601971714880265
2022-09-20,-0.05622688734318537,1.0596349247736863
2022-09-21,0.0539081621588045,1.0601739952316807
2022-09-22,-0.09685682472600221,1.0592056393338762
2022-09-23,-0.05138998693620418,1.0586917814448982
2022-09-26,-0.14318436444472923,1.0572603804832152
2022-09-27,-0.09468216320357059,1.0563136094486718
2022-09-28,0.10736575513717218,1.0573878721936456
2022-09-29,-0.022602257742635,1.057161859658439
2022-09-30,-0.018214206615172427,1.0569797299080925
2022-10-03,0.06013288059421295,1.0575812479013413
2022-10-04,0.04597528176727204,1.0580410630825863
2022-10-05,-0.04732088838762344,1.0575678789510925
2022-10-06,-0.03969571284929342,1.057170967033305
2022-10-07,-0.06313055494404984,1.056539731121095
2022-10-10,-0.07050570309146278,1.0558347130289283
2022-10-11,-0.016830537361581587,1.0556663960635866
2022-10-12,-0.0050303917389361115,1.055616086776523
2022-10-13,-0.009189303432721826,1.0555242047894187
2022-10-14,-0.06673625016544649,1.0548568923114796
2022-10-17,-0.002683002308671316,1.0548300592411135
2022-10-18,0.006189293295737368,1.054891960731864
2022-10-19,-0.08034484278119754,1.0540886666787443
2022-10-20,-0.09002737675489644,1.053188491340748
2022-10-21,-0.06322960108683788,1.0525560197218895
2022-10-24,-0.04656638631065143,1.0520903151724892
2022-10-25,0.11169959531935443,1.0532075456639307
2022-10-26,0.08578246603388766,1.0540654956262254
2022-10-27,0.062315416642353405,1.0546888002319417
2022-10-28,0.0015451857943583646,1.054704251549551
2022-10-31,-0.023102071311211312,1.0544732506337924
2022-11-01,0.03158734683066619,1.0547891281957955
2022-11-02,-0.00029178114370579175,1.0547862104628483
2022-11-03,-0.03642796598190814,1.0544219519576667
2022-11-04,-0.031571440228912805,1.0541062012370868
2022-11-07,-0.04388089256279719,1.053667400475817
2022-11-08,0.025680420913046134,1.0539242493002012
2022-11-09,-0.004076601586982728,1.0538834759425706
2022-11-10,0.21075291846722682,1.055992328611499
2022-11-11,0.04822402738868063,1.0564746159833118
2022-11-14,-0.02170862355557034,1.056257527916069
2022-11-15,0.0730632409435067,1.0569883204531976
2022-11-16,0.10883281904757863,1.0580767872920092
2022-11-17,-0.004380850537727021,1.0580329822762948
2022-11-18,-0.0018413765693490454,1.058014569460443
2022-11-21,-0.006232718765605863,1.057952240815145
2022-11-22,0.06866870476570004,1.0586390044427239
2022-11-23,0.0964160114161673,1.0596033052311356
2022-11-25,0.021602945780948703,1.059819355026627
2022-11-28,-0.02386058889625059,1.0595807341703345
2022-11-29,-0.050852639894242956,1.0590722140976694
2022-11-30,0.04783602283727223,1.0595507213224324
2022-12-01,0.09388984069183481,1.0604899006528825
2022-12-02,0.09220871081322866,1.061412069306398
2022-12-05,-0.04527118730604449,1.0609594394154687
2022-12-06,0.022508723022426323,1.0611845458086173
2022-12-07,0.09474128087944218,1.0621322304566208
2022-12-08,0.01177433174493134,1.0622499660707987
2022-12-09,-0.0902962477057477,1.0613469914179672
2022-12-12,-0.005802796692300538,1.0612889643856207
2022-12-13,0.04211992507478294,1.06171029229446
2022-12-14,0.042337181452880464,1.0621337055418192
2022-12-15,0.025090697517191136,1.062384637293898
2022-12-16,-0.044153535720355026,1.0619430662343308
2022-12-19,-0.07895697361195185,1.0611535682733417
2022-12-20,-0.11178624323616046,1.0600357734055181
2022-12-21,-0.011586763347876223,1.059919889573289
2022-12-22,-0.0037415490923747028,1.0598824726078269
2022-12-23,-0.04095067277558121,1.0594729748958627
2022-12-27,-0.08496163353279228,1.0586234822030305
2022-12-28,-0.05636824904635271,1.058059775510906
2022-12-29,0.02747502428110462,1.058334559199854
2022-12-30,-0.05084719656213353,1.0578261001648175
2023-01-03,0.06324161545660972,1.0584585954523495
2023-01-04,0.08068410671268172,1.059265576479016
2023-01-05,0.03785007476703248,1.0596440590264475
2023-01-06,0.09490737675006795,1.0605935310835635
2023-01-09,0.04849988933084327,1.0610786079721712
2023-01-10,-0.039127428811106625,1.0606873280653277
2023-01-11,0.07856552102639111,1.0614730624265736
2023-01-12,0.08291465129089562,1.0623024460543835
2023-01-13,-0.0010121269759241565,1.0622923255257426
2023-01-17,-0.05203763525823815,1.0617718866674664
2023-01-18,0.09554900683195111,1.0627276337319984
2023-01-19,-0.008985391301845733,1.062637774517344
2023-01-20,-0.04578236257971873,1.0621799723427903
2023-01-23,-0.02471574568804086,1.0619328330699052
2023-01-24,0.0436943045170535,1.0623698324359185
2023-01-25,0.02093254089574406,1.0625791789574532
2023-01-26,-0.00852150450879643,1.0624939638403184
2023-01-27,-0.018335519929141005,1.0623106067292916
2023-01-30,-0.024953411886223624,1.0620610853979997
2023-01-31,0.017350447520639096,1.0622346264556548
2023-02-01,0.06763689386497299,1.0629111810196226
2023-02-02,0.03777334171455698,1.0632889402422039
2023-02-03,-0.07483841529161807,1.0625407370104571
2023-02-06,-0.041410657387461934,1.062126734413462
2023-02-07,-0.04798227411448215,1.0616468866267008
2023-02-08,-0.004080830023205101,1.0616060740836004
2023-02-09,-0.03457710543577487,1.0612603276261814
2023-02-10,-0.06705681063722857,1.0605897748084268
2023-02-13,0.02754419607124159,1.0608652338486688
2023-02-14,-0.004643586661463737,1.060818803978192
2023-02-15,-0.026915697556126727,1.0605496447891323
2023-02-16,-0.0761749728129884,1.0597878664836182
2023-02-17,-0.003486189206001561,1.0597530000523314
2023-02-21,-0.1035417389927382,1.0587177486251282
2023-02-22,0.01082740088624089,1.058826028133388
2023-02-23,0.04719856276725112,1.0592980672949202
2023-02-24,-0.03373001292503738,1.05896081271372
2023-02-27,0.0043248479351175395,1.059004065834967
2023-02-28,-0.005276268777382042,1.0589512993037355
2023-03-01,-0.04808590991430832,1.0584705079701135
2023-03-02,-0.04894124356850527,1.0579810787612889
2023-03-03,0.09755125811354097,1.0589567187940023
2023-03-06,-0.0067653011546113355,1.0588890637966515
2023-03-07,0.016076873193062027,1.0590498153669998
2023-03-08,0.0014993487220441777,1.0590648085880263
2023-03-09,0.0017253280855376327,1.0590820665699343
2023-03-10,0.08209890325799148,1.0599034685713795
2023-03-13,0.020077044853533288,1.060104360866568
2023-03-14,-0.03941879970630155,1.059710216193711
2023-03-15,0.045619107483629996,1.0601666151251017
2023-03-16,0.01952660092196666,1.0603618435170032
2023-03-17,-0.006423775588138611,1.060297575308381
2023-03-20,-0.027655903935770845,1.060021036944765
2023-03-21,-0.009721241305763666,1.0599238387968795
2023-03-22,0.05788419149183618,1.0605029209940036
2023-03-23,0.010296617934464824,1.0606059135291015
2023-03-24,0.0059448836166652065,1.0606653720769126
2023-03-27,-0.07849173629428949,1.0598807125759073
2023-03-28,-0.029234877247460284,1.059588378930945
2023-03-29,0.016832691236766013,1.0597567098793235
2023-03-30,0.011822953670091585,1.0598749503151783
2023-03-31,0.03337626930067719,1.0602087957584148
2023-04-03,0.04808490527298396,1.060689739400708
2023-04-04,0.029422373314571256,1.060984033104622
2023-04-05,0.044554133970493105,1.0614296386885036
2023-04-06,0.0069270424148470495,1.0614989106757908
2023-04-10,-0.053621581924350493,1.0609627917871682
2023-04-11,0.01125835421223187,1.0610753718946189
2023-04-12,-0.01629575902612761,1.0609123828211537
2023-04-13,-0.013754913477902279,1.0607748239948753
2023-04-14,-0.047183727003260546,1.060303032991173
2023-04-17,-0.051733907739060184,1.0597857657685517
2023-04-18,0.006789889899312147,1.0598536676166792
2023-04-19,-0.004885723082780793,1.0598048114307317
2023-04-20,0.025998095983924573,1.0600648522087577
2023-04-21,-0.007440357602970705,1.0599904477679214
2023-04-24,0.02901696067954509,1.0602806694075844
2023-04-25,0.028987635637964717,1.060570655008089
2023-04-26,-0.030893532052884826,1.0602617231212215
2023-04-27,-0.016069979630984842,1.0601010485889792
2023-04-28,0.046716168580942005,1.060568287421232
2023-05-01,-0.10848047422017243,1.05948363072487
2023-05-02,0.05995065770032492,1.0600833219597308
2023-05-03,0.033117161728610525,1.0604145896609405
2023-05-04,-0.041059089556449796,1.0600039236115186
2023-05-05,-0.0052631311498594485,1.059951301068598
2023-05-08,-0.0599293951002145,1.0593520666077367
2023-05-09,-0.027742634056668308,1.0590746346490019
2023-05-10,0.05185597813141462,1.059593314716773
2023-05-11,0.03523633256852215,1.0599457409319848
2023-05-12,-0.04287776814801826,1.0595170048971299
2023-05-15,-0.04539863278423967,1.0590630172245215
2023-05-16,-0.031156502234427806,1.0587514624318228
2023-05-17,0.002892648764318766,1.0587803860953202
2023-05-18,-0.03585621901266168,1.0584218673080965
2023-05-19,-0.0269663846117544,1.058152215231299
2023-05-22,-0.023211029268391248,1.057920095103589
2023-05-23,0.00997899641045566,1.0580198908803318
2023-05-24,-0.016779205720843057,1.0578521052049972
2023-05-25,-0.005860791070841465,1.057793508352957
2023-05-26,0.01927237986083656,1.0579862328689797
2023-05-30,0.05410050515582896,1.058527393048373
2023-05-31,0.049688062181211676,1.0590243566085398
2023-06-01,0.03331636130968982,1.0593575802499042
2023-06-02,-0.01624805834344792,1.0591951287857697
2023-06-05,-0.020503687831377557,1.0589900745417051
2023-06-06,0.03131897594970842,1.0593032613341484
2023-06-07,-0.0500925984029236,1.0588023708128713
2023-06-08,0.04000721201608236,1.0592025125018374
2023-06-09,0.00959274521007068,1.059298432029643
2023-06-12,0.010769120274913504,1.059406136102111
2023-06-13,-0.036142066307087384,1.0590447501962235
2023-06-14,0.019448380224065035,1.059239230957298
2023-06-15,0.06592882398778241,1.059898690018623
2023-06-16,-0.0013635417694548115,1.0598850553906358
2023-06-20,0.014017531740765789,1.0600252452476566
2023-06-21,0.026757015615128853,1.0602928347330929
2023-06-22,-0.04698168124780037,1.0598230523499794
2023-06-23,0.024693767066187644,1.0600700109224919
2023-06-26,0.004021283033634082,1.0601102294687565
2023-06-27,-0.0007542044867325391,1.0601026878660789
2023-06-28,0.021224651288640893,1.0603149658673856
2023-06-29,-0.0680537169882248,1.0596345353020333
2023-06-30,0.008433623496293459,1.0597188781075406
2023-07-03,0.0069858321780654304,1.0597887336161942
2023-07-05,-0.04824620437089865,1.059306298793602
2023-07-06,-0.08096761145937356,1.058496720820761
2023-07-07,-0.03874795723393441,1.0581091993002738
2023-07-10,-0.006687585782355592,1.0580423089262647
2023-07-11,0.027614812151464524,1.0583184820761427
2023-07-12,0.07386294647424546,1.059057349621953
2023-07-13,0.052924376649781495,1.0595867778332069
2023-07-14,-0.004381891888170328,1.0595429658066933
2023-07-17,0.0011638730504654972,1.0595546056492438
2023-07-18,0.009380229148756945,1.0596484146541012
2023-07-19,0.040077446521434315,1.0600492312958667
2023-07-20,-0.0361298650622992,1.0596879677538085
2023-07-21,-0.0006187854508464406,1.0596817796087503
2023-07-24,-0.012310428752948575,1.0595586780001731
2023-07-25,-0.0130490261354077,1.0594281866529764
2023-07-26,0.01837337343093414,1.05961195195623
2023-07-27,-0.09048306892525747,1.0587072370947277
2023-07-28,0.01403600859703196,1.0588476159904197
2023-07-31,0.0011235497308017528,1.0588588531310021
2023-08-01,-0.07567622328761456,1.0581021509266497
2023-08-02,-0.06896748866934237,1.0574124302602264
2023-08-03,-0.11969247322531963,1.0562155085360068
2023-08-04,0.04295136357409423,1.0566451418477434
2023-08-07,0.008675850900338376,1.0567319086364846
2023-08-08,0.026089854994913134,1.056992837501008
2023-08-09,0.03144238902769546,1.0573072647841129
2023-08-10,-0.07513452867055981,1.0565559581960755
2023-08-11,-0.04341152709899574,1.0561218753616952
2023-08-14,-0.0010283374896948184,1.0561115925006306
2023-08-15,-0.046147520912529806,1.055650097985512
2023-08-16,-0.03252281168862669,1.055324880146584
2023-08-17,-0.041228011252391325,1.0549125599226725
2023-08-18,0.015906153604365376,1.0550716357464838
2023-08-21,-0.056849204127267294,1.054503164546687
2023-08-22,0.013369941407617126,1.0546368636748826
2023-08-23,0.112450411914944,1.0557616417041944
2023-08-24,0.0028871781463979747,1.0557905143482937
2023-08-25,0.009208861939380805,1.0558826008018922
2023-08-28,0.023028319430852463,1.0561129086132675
2023-08-29,0.05850125206965171,1.0566980789079876
2023-08-30,0.01207207154550301,1.05681880674393
2023-08-31,0.0019240859261262556,1.0568380504697377
2023-09-01,-0.06850040719649131,1.0561530550515212
2023-09-05,-0.07816822061212812,1.0553714358948652
2023-09-06,-0.0074439210426200395,1.0552970024567783
2023-09-07,0.012993002191764604,1.0554269563077245
2023-09-08,0.014904602584559836,1.0555760100714693
2023-09-11,-0.012795309696951794,1.0554480517045364
2023-09-12,0.01112920213351439,1.0555593452100656
2023-09-13,0.008925649667237379,1.0556486123166675
2023-09-14,-0.013283683632989091,1.0555157716701444
2023-09-15,-0.03321820511541177,1.0551835855180365
2023-09-18,0.015272319966731158,1.0553363158849636
2023-09-19,-0.021478296185775486,1.0551215415555366
2023-09-20,0.0016105712588220587,1.0551376469392473
2023-09-21,-0.10338869503860128,1.054103760840728
2023-09-22,0.008528443698904174,1.054189059945017
2023-09-25,-0.11727129287348577,1.0530163400502632
2023-09-26,-0.04794238391529395,1.0525369069263117
2023-09-27,-0.0446005069282963,1.0520909289785074
2023-09-28,0.0044258124087692505,1.052135194505038
2023-09-29,-0.029109171995585572,1.0518440697070326
2023-10-02,-0.08897562576698,1.050954391340074
2023-10-03,-0.120524800868874,1.0497492714240753
2023-10-04,0.03895615577273114,1.0501389145424824
2023-10-05,-0.006400295303840906,1.0500749006177268
2023-10-06,-0.04363099155884123,1.0496386039675802
2023-10-09,0.08588819238214614,1.0504977708874415
2023-10-10,0.017730415507381626,1.0506750816100556
2023-10-11,0.08488229954422273,1.0515239385036834
2023-10-12,-0.08884163788394564,1.0506355904051592
2023-10-13,0.0327717639464445,1.0509633387527244
2023-10-16,-0.061094191753585055,1.0503524191857696
2023-10-17,-0.0826490591816489,1.0495260725738584
2023-10-18,-0.07875682928042033,1.0487385508096196
2023-10-19,-0.10362163824401216,1.0477022260149824
2023-10-20,-0.01149315812666676,1.047587269439
2023-10-23,0.03910009348316367,1.04797833059378
2023-10-24,0.07620197401463544,1.048740381156575
2023-10-25,-0.07380062807366199,1.0480024252428553
2023-10-26,0.04043580413580017,1.0484068799126955
2023-10-27,-0.01044483911921147,1.0483024181044411
2023-10-30,-0.021957841315949796,1.048082845096759
2023-10-31,-0.01253957293861894,1.0479574461233423
2023-11-01,0.10748233918294374,1.049032627163415
2023-11-02,0.12259971399859278,1.0502587578957365
2023-11-03,0.07390536727666627,1.0509980306870297
2023-11-06,-0.02574796457486906,1.0507405698461019
2023-11-07,0.061327293460770343,1.0513539166989376
2023-11-08,0.07004276758844316,1.0520543959290163
2023-11-09,-0.07459554747659587,1.0513085353140126
2023-11-10,0.01831091518804459,1.0514916509793208
2023-11-13,-0.008379736822698112,1.0514078457608143
2023-11-14,0.10481582826650232,1.0524564717188556
2023-11-15,-0.035226710027879436,1.0521042289762121
2023-11-16,0.040269406076088865,1.0525070037764526
2023-11-17,0.0498639306238578,1.0530056652561335
2023-11-20,0.036076293880313,1.0533664524757638
2023-11-21,0.011534357350344046,1.0534818091449099
2023-11-22,0.019181348494854384,1.0536736332098602
2023-11-24,-0.05598007720318497,1.0531138389911658
2023-11-27,0.04437413113771949,1.0535576593003633
2023-11-28,0.03503491277571721,1.0539080977009698
2023-11-29,0.05255551862044496,1.054433766543538
2023-11-30,-0.022359703261594022,1.0542101710621457
2023-12-01,0.07468023697384958,1.0549571946177385
2023-12-04,-0.010646158603984948,1.054850738687762
2023-12-05,0.0757769324337479,1.055608632795736
2023-12-06,0.06487662768291845,1.0562574375200986
2023-12-07,0.004964859341440136,1.0563070921157667
2023-12-08,-0.029925750166674193,1.056007878368652
2023-12-11,-0.0067711144600301415,1.055940164912352
2023-12-12,0.03210402182288833,1.0562612405297516
2023-12-13,0.10051954906742015,1.0572669394638738
2023-12-14,0.11748812129400721,1.0584421261231212
2023-12-15,0.014981986900232171,1.058591944317883
2023-12-18,-0.02526064290590001,1.058339330894754
2023-12-19,0.008692249673792337,1.0584262590937807
2023-12-20,0.02674642087088178,1.0586937741030233
2023-12-21,-0.005700609350412459,1.0586367620518042
2023-12-22,-0.036498752315091594,1.0582717372867823
2023-12-26,0.03527918026526054,1.0586245329276784
2023-12-27,0.07039550135216191,1.0593286427273432
2023-12-28,-0.0033716979763117397,1.0592949253495438
2023-12-29,-0.044700923008262304,1.058847875843529
2024-01-02,-0.050884343256339885,1.0583390845584346
2024-01-03,-0.010534922445967237,1.0582337295314583
2024-01-04,-0.048083279448785154,1.0577529141871227
2024-01-05,-0.039092923939866735,1.0573619884866905
2024-01-08,0.024391358020615542,1.05760593851577
2024-01-09,-0.005765970691497185,1.057548273467569
2024-01-10,-0.02717586703603608,1.0572765073390633
2024-01-11,0.034655946719484805,1.0576231524413724
2024-01-12,-0.0011234107577554762,1.0576119158523056
2024-01-16,-0.08723793755444734,1.0567396086712832
2024-01-17,-0.024771552178071435,1.0564919262262003
2024-01-18,-0.03172036235360496,1.0561747004368487
2024-01-19,0.008321811760933715,1.0562579185255914
2024-01-22,0.021685216273583757,1.0564747900412401
2024-01-23,-0.035049701464042175,1.056124274396089
2024-01-24,-0.03159603039627678,1.055808317367095
2024-01-25,0.02737017259974456,1.0560820717116763
2024-01-26,0.005043583436286333,1.0561325075931483
2024-01-29,0.03590914174543265,1.0564916589773998
2024-01-30,0.056460192031828026,1.0570562651893425
2024-01-31,0.037207769785656486,1.0574284371869944
2024-02-01,0.0719650499772114,1.0581482270510292
2024-02-02,-0.06049029362964406,1.0575434538133601
2024-02-05,-0.10056464057281359,1.0565379876626102
2024-02-06,0.019774551772693556,1.0567357685889522
2024-02-07,-0.019456504130302293,1.0565411985531428
2024-02-08,-0.0409241080429521,1.0561319626496548
2024-02-09,-0.0051843654391247,1.0560801189135365
2024-02-12,-0.011926796177731068,1.055960839239703
2024-02-13,-0.07335888437293456,1.0552274472790677
2024-02-14,0.018983266055021732,1.0554173094192107
2024-02-15,0.026613640174368253,1.05568347992188
2024-02-16,-0.018256627220936447,1.0555009224587109
2024-02-20,-0.010489626845014241,1.055396013546371
2024-02-21,-0.03471092616249738,1.0550489091628215
2024-02-22,0.013355701847316298,1.0551824675107615
2024-02-23,0.05455777973592286,1.055728094633452
2024-02-26,-0.006946337858426852,1.055658631191321
2024-02-27,-0.01987373972351227,1.0554598881146957
2024-02-28,0.004067385525633153,1.0555005674821418
2024-02-29,0.017230622263742498,1.0556728910125948
2024-03-01,0.03948128220369177,1.0560677932661278
2024-03-04,-0.009377099277388251,1.0559740235994834
2024-03-05,0.06091448362225331,1.0565832593344584
2024-03-06,0.03607172243967513,1.0569440068759293
2024-03-07,0.020725962286483907,1.0571512972068244
2024-03-08,0.009702928806924492,1.0572483363095453
2024-03-11,-0.00451290826468719,1.0572032067383534
2024-03-12,-0.018668392878532628,1.0570165318759945
2024-03-13,-0.024643398639260173,1.0567700982254515
2024-03-14,-0.08390878157179615,1.0559310668286035
2024-03-15,-0.006900056063856122,1.0558620682829793
2024-03-18,-0.016978079175437505,1.0556922815654404
2024-03-19,0.006550489024353911,1.055757797077282
2024-03-20,0.01089912896207609,1.0558668052238052
2024-03-21,0.0151756060756321,1.0560185701475737
2024-03-22,0.02988358549150046,1.0563174522726058
2024-03-25,-0.006296959520878557,1.0562544828241032
2024-03-26,0.008487007198150431,1.0563393589929735
2024-03-27,0.027278699367421885,1.0566121908330635
2024-03-28,0.01492967083330173,1.0567614808534163
2024-04-01,-0.0822991143062961,1.0559385666237604
2024-04-02,-0.04246532862587343,1.0555138858907887
2024-04-03,-0.008594171208939282,1.055427937531218
2024-04-04,0.009569246411520228,1.0555236449818792
2024-04-05,-0.0411317109759681,1.055112364667374
2024-04-08,-0.0063750693688057756,1.055048616509228
2024-04-09,0.03464909904780608,1.0553951495525313
2024-04-10,-0.09257401732376538,1.054469706460422
2024-04-11,-0.027444728293521112,1.0541952488213113
2024-04-12,-0.001870924899037568,1.0541765368480873
2024-04-15,-0.07460802820715647,1.053430492144964
2024-04-16,-0.047880202662698886,1.0529517078753539
2024-04-17,0.03844094249488234,1.0533361710319895
2024-04-18,-0.02039333060644439,1.053132238612071
2024-04-19,0.004875037620404181,1.0531809924982505
2024-04-22,0.000274254722262063,1.0531837353081686
2024-04-23,0.009669047373747299,1.0532804403083977
2024-04-24,-0.032016159043189274,1.052960271359734
2024-04-25,-0.038145438708959235,1.0525788255335746
2024-04-26,0.021651269142100034,1.0527953515924642
2024-04-29,0.03862930706689218,1.0531816914789516
2024-04-30,-0.036879522071403735,1.0528129048421473
2024-05-01,0.02266089554332348,1.0530395461310438
2024-05-02,0.03321341080161491,1.053371760521235
2024-05-03,0.055772431808190845,1.0539296042034092
2024-05-06,0.025709945742926968,1.0541867221399048
2024-05-07,0.037565752520594915,1.0545624056612055
2024-05-08,-0.017319374662442197,1.0543892075176884
2024-05-09,0.012579661535560418,1.054515016755545
2024-05-10,-0.01509570509885887,1.0543640607570808
2024-05-13,0.004465111065593548,1.0544087138963183
2024-05-14,0.025707989591178572,1.0546658267215283
2024-05-15,0.0696472642417162,1.0553624657411307
2024-05-16,0.01226681019351836,1.0554851365052302
2024-05-17,-0.03640423220245205,1.0551210957896027
2024-05-20,-0.021309497377867803,1.054907994798731
2024-05-21,0.01596559894235643,1.0550676640487988
2024-05-22,-7.26325974818818e-05,1.0550669377288115
2024-05-23,-0.02843223567867366,1.0547826223014123
2024-05-24,0.006463509617766754,1.0548472613710125
2024-05-28,-0.05815601607776271,1.0542657121475754
2024-05-29,-0.06740240791533399,1.0535916934333514
2024-05-30,0.03653473334984853,1.0539570892298369
2024-05-31,0.024975657736894155,1.0542068969246345
2024-06-03,0.07594943813249921,1.0549665312632228
2024-06-04,0.051988094879522155,1.0554865024789741
2024-06-05,0.045663667894323606,1.0559432021147657
2024-06-06,0.011128497617919715,1.0560544963248364
2024-06-07,-0.07621482277895754,1.055292506368069
2024-06-10,-0.035503542840092904,1.0549374605132606
2024-06-11,0.026432747104999856,1.055201821444538
2024-06-12,0.045357087105272,1.0556554885836256
2024-06-13,0.06481275503749517,1.0563037353912457
2024-06-14,0.02391122392660902,1.0565428724640635
2024-06-17,-0.023327403536937887,1.0563096119530924
2024-06-18,0.02117984940126285,1.0565214448137499
2024-06-20,-0.013970658897531971,1.056381734805725
2024-06-21,-0.006861683514402571,1.0563131134946113
2024-06-24,0.011812971552816123,1.0564312492606631
2024-06-25,-0.002997830471835011,1.0564012689376654
2024-06-26,-0.05347881256913499,1.055866499495037
2024-06-27,0.0009045879777155343,1.0558755461565128
2024-06-28,-0.08035065137156293,1.0550720040686177
2024-07-01,-0.08922649911625619,1.0541797745132435
2024-07-02,0.0073933124226450795,1.0542537172109512
2024-07-03,0.057617282389223576,1.0548299972270774
2024-07-05,0.05695274196165849,1.0553996525523888
2024-07-08,0.02123673737436308,1.0556120334984929
2024-07-09,-0.007200271884429344,1.055540027717928
2024-07-10,0.005960055158238973,1.0555996332630146
2024-07-11,0.04139328662186252,1.0560136589719393
2024-07-12,0.023324899363775093,1.056246952775299
2024-07-15,-0.04005519057743162,1.0558463934311144
2024-07-16,0.038681413630632724,1.056233252372927
2024-07-17,0.02283363985853422,1.0564616013832486
2024-07-18,-0.02355495648064687,1.0562260540186155
2024-07-19,-0.029363249395568735,1.0559324207798397
2024-07-22,-0.012828058572205682,1.0558041353620982
2024-07-23,-0.016822700059610687,1.055635892923794
2024-07-24,-0.05852770354513043,1.055050579664997
2024-07-25,0.016072565057493056,1.0552113217384915
2024-07-26,0.0345904386478353,1.0555572831835955
2024-07-29,0.03016847567243493,1.055858993477862
2024-07-30,0.011794530705019254,1.0559769510245574
2024-07-31,0.049864543598477536,1.0564757038878947
2024-08-01,0.03911746039121235,1.0568669684842151
2024-08-02,0.08137923181066291,1.0576811624923335
2024-08-05,0.01855795426786287,1.0578667515835367
2024-08-06,-0.059039454785582965,1.0572764067678722
2024-08-07,-0.04665385294959333,1.0568098851980734
2024-08-08,-0.024785442705955014,1.0565620326012437
2024-08-09,0.04069475383282008,1.0569690157950762
2024-08-12,0.017280649603130846,1.0571418459907502
2024-08-13,0.03558985047826032,1.05749781255582
2024-08-14,0.03556122095079303,1.057853452465489
2024-08-15,-0.010330361104734303,1.0577501625460162
2024-08-16,0.023674040664991854,1.0579869233175738
2024-08-19,0.02050675347208589,1.0581920051397484
2024-08-20,0.028560566164709825,1.058477654293313
2024-08-21,0.012415750848821865,1.0586018314884773
2024-08-22,-0.035348684105684654,1.0582483624385826
2024-08-23,0.01909374320878147,1.0584393414606854
2024-08-26,-0.0028122411190933914,1.0584112179765586
2024-08-27,-0.00939982846724972,1.0583172103660656
2024-08-28,-0.015347238970815687,1.0581637309902756
2024-08-29,-0.01917420109219967,1.057971984261458
2024-08-30,-0.04090379630342109,1.0575629335101937
2024-09-03,0.029821270845002253,1.0578611928983126
2024-09-04,0.03633529331224457,1.058224627682142
2024-09-05,0.037489827783868473,1.058599571712912
2024-09-06,0.004930393324061353,1.0586488833060061
2024-09-09,0.021656731511939382,1.0588654668352442
2024-09-10,0.02562502542087385,1.059121760124921
2024-09-11,0.011250498085034543,1.0592342680458673
2024-09-12,-0.004913412464979487,1.0591851327771327
2024-09-13,0.0016634965675431477,1.059201770466517
2024-09-16,0.02864498682163784,1.0594882490381698
2024-09-17,0.005096810968292217,1.0595392173722107
2024-09-18,-0.03094078813074139,1.059229818159838
2024-09-19,-0.022784190093905827,1.0590019530666006
2024-09-20,-0.0369561458147042,1.0586323502562922
2024-09-23,-0.010197429710755958,1.0585303728926365
2024-09-24,-0.002256587463668941,1.0585078040623712
2024-09-25,-0.035775117730221434,1.0581500711186629
2024-09-26,0.0067844897271152945,1.0582179155042766
2024-09-27,0.016043269252442822,1.0583783753811355
2024-09-30,-0.001987230785221759,1.0583585041923491
2024-10-01,0.018159066297512384,1.058540119422455
2024-10-02,-0.025160239398383046,1.058288506929397
2024-10-03,-0.03900293284763228,1.0578985101639797
2024-10-04,-0.037945789089234676,1.0575191511490571
2024-10-07,-0.03818708051646961,1.0571373121532888
2024-10-08,0.011024260739775932,1.0572475618899828
2024-10-09,-0.026973583804107124,1.0569778258244185
2024-10-10,-0.033568905782000655,1.0566421015784169
2024-10-11,-0.017980725551416613,1.056462275521441
2024-10-14,-0.008854379495187293,1.0563737306270302
2024-10-15,0.051156202393320686,1.0568853424137334
2024-10-16,0.022537097362414396,1.0571107368083288
2024-10-17,-0.0555788531581244,1.056554959976871
2024-10-18,-0.01514398436475153,1.0564035070730184
2024-10-21,-0.07767085742132605,1.055626881098601
2024-10-22,-0.01841356305159434,1.0554427385281222
2024-10-23,-0.02941050796488491,1.0551486387996032
2024-10-24,0.014908799800618709,1.0552977384637465
2024-10-25,-0.02522360461546148,1.055045493482924
2024-10-28,-0.020660301746588453,1.0548388907941768
2024-10-29,0.0038273078959249023,1.0548771669185062
2024-10-30,0.006803613299915008,1.0549452008858538
2024-10-31,0.005327259251819411,1.0549984744525767
2024-11-01,-0.054742097383545324,1.0544510487813898
2024-11-04,0.02968157702960397,1.0547479060204032
2024-11-05,0.054406209905076684,1.0552919853874985
2024-11-06,-0.0798714892614515,1.0544933398532121
2024-11-07,0.05618154281152477,1.0550552771045467
2024-11-08,0.056138234609695394,1.0556166711909
2024-11-11,-0.0034271591833787804,1.0555824002821352
2024-11-12,-0.0687085678464493,1.0548953597153243
2024-11-13,-0.043327405150061504,1.0544620349059823
2024-11-14,0.006127120410418365,1.0545233037851465
2024-11-15,-0.02401287579163073,1.054283140258718
2024-11-18,-0.0027259207971644926,1.054255878330732
2024-11-19,0.01637436744392457,1.0544196349881427
2024-11-20,-0.0011124507528634236,1.0544085103690402
2024-11-21,0.002537942197557657,1.054433889905702
2024-11-22,0.01042750667826769,1.0545381706953432
2024-11-25,0.10277860394024858,1.0555661996213626
2024-11-26,0.0033640274103244865,1.0555998420713864
2024-11-27,0.023983849097413856,1.0558397130380774
2024-11-29,0.04084734607053226,1.056248257728943
2024-12-02,0.01782054991539644,1.0564264710321989
2024-12-03,-0.029488933439582893,1.0561315646107732
2024-12-04,0.029968927167269552,1.056431286709426
2024-12-05,0.009509579736290831,1.0565263885048106
2024-12-06,0.02259761841466512,1.0567523989950707
2024-12-09,-0.031241253279541033,1.0564399814499161
2024-12-10,-0.02222493562076668,1.0562177271723225
2024-12-11,-0.036095645091492136,1.0558567656029847
2024-12-12,-0.06447696517206637,1.0552119980561514
2024-12-13,-0.05844632453152336,1.0546275572899313
2024-12-16,-0.0032931382443244493,1.0545946242123982
2024-12-17,0.005920641679662907,1.0546538320979628
2024-12-18,-0.0738847180852989,1.0539150931096175
2024-12-19,-0.07316013982706432,1.0531834416746582
2024-12-20,0.008469293916146309,1.0532681439880949
2024-12-23,-0.026709915779555476,1.0530010528061808
2024-12-24,0.0023928773099460535,1.0530249834381327
2024-12-26,0.001333759205436886,1.053038322292392
2024-12-27,-0.03654917263787037,1.0526728079060903
2024-12-30,0.016628518585505563,1.0528391255056533
2024-12-31,-0.02062658116825005,1.0526328435454848
